Batch,20231027 clumped Oman 2 CH,Collected on,2023/10/27 17:54:40,Analysis Instrument,PS019,Acquisition Software,Stable 1.71.5,Reanalyzed  on,2023/10/27 18:53:57,Reanalysis Instrument,PS019,Reanalysis Software,Stable 1.71.5


Data,Batch,Data,Sample,Method,Analysis,Batch,Time,Sample,Vial,Initial,Sample,ColdFinger,Transducer,InletPiraniPressure,Sample,MaxPumpOverPressure,RawPumpOverPressure,Sample,Min,Max,Pre-balance,Pre-depleted,Final,Final,Depletion,Balance,Balance,RefBellowsPos,SamBellowsPos,Pirani,Current,Num,CO,Cycle,Zero,Zero,Zero,Zero,Zero,Zero,Zero,Zero,Sam,Ref,Ave,Water,Water,Ave, StdDev, Min, Max, Started, Stopped, Num,Ref Major,Std,Rejected,Num,Sam Major,Std,Rejected,Num,Sample,Std,Rejected,Num,Sample,Std,Rejected,Num,Sample,Std,Rejected,Num,Sample,Std,Rejected,Num,Sample,Std,Rejected,Num,Ref,Std,Rejected,Num,Ref,Std,Rejected,Num,Ref,Std,Rejected,Num,Ref,Std,Rejected,Num,Ref,Std,Rejected,Num,Raw,Std,Rejected,Num,Raw,Std,Rejected,Num,Raw,Std,Rejected,Num,Raw,Std,Rejected,Num,Raw,Std,Rejected,Num,Delta(13),Std,Rejected,Num,Delta(18),Std,Rejected,Num,DELTA,Std,Rejected,Num,DELTA,Std,Rejected,Num,DELTA,Std,Rejected,Num,
Dir  ,Name  ,File  ,Name  , , ,Started  ,Collected  ,Weight  ,Location  ,Sam Beam  ,Yield  ,Status  ,Pressure  , ,Chops  , , ,Operations  ,Ref Beam  ,Ref Beam  ,Sam Beam  ,Ref Beam  ,Sam Beam  ,Ref Beam  ,Factor ,End  ,% , , ,Pressure  ,Mass  ,CO Cycles   ,Delay Time  ,Length  ,Length   ,Offset  ,Beams (0) ,Beams (1) ,Beams (2) ,Beams (3) ,Beams (4) ,Beams (5) ,Depletion  ,Depletion  ,Temperature  ,Trap Temperature Hot ,Trap Temperature Cold ,Temp, , ,,,,,Signal(44),Dev,,,Signal(44),Dev,,,Ratio(45/44),Dev,,,Ratio(46/44),Dev,,,Ratio(47/44),Dev,,,Ratio(48/44),Dev,,,Ratio(49/44),Dev,,,Ratio(45/44),Dev,,,Ratio(46/44),Dev,,,Ratio(47/44),Dev,,,Ratio(48/44),Dev,,,Ratio(49/44),Dev,,,Delta(45/44),Err,,,Delta(46/44),Err,,,Delta(47/44),Err,,,Delta(48/44),Err,,,Delta(49/44),Err,,,wrt PDB,Err,,,wrt PDB,Err,,,47,Err,,,48,Err,,,49,Err,,,

C:\Nu Stable\Results\2023\20231027 clumped Oman 2 CH,20231027 clumped Oman 2 CH,Data_20710 ETH-02.txt,ETH-02,C:\Nu Stable\Analyses\DI\CO2 20-6-20 clumped NuCarb.rdf,Clumped CO2 Iterative,2023/10/27 17:54:40,2023/10/27 17:54:40,456,1,2.5019e-07,5.486689E-10,CF,23.041,1.000e-03,1,1.0000e-03,6336, InitialisePrepSampleRun; CheckIfCFRequired; UseCF; SampleTrapped; Chop_CF_SamSub; SampleTrapped; BalanceRefToSamValue; DepletingBalance; SampleReady;,4.1633e-08,1.5000e-07,9.9151e-08,9.9455e-08,9.9381e-08,9.9194e-08,0.96,2023/10/27 17:53:55,0.19,4765,8446,1.0000e-03,46.021,20,8,20,20,0.000,2.2636e-15,3.7528e-15,6.1351e-16,7.4190e-14,4.3961e-13,1.8030e-11,24.00,26.00,64.14,-1.95e02,2.95e01,64.14,0.38,63.69,64.46,2023/10/27 16:58:03,2023/10/27 17:54:21,114,5.44607e-08,0.000,0,63,5.49607e-08,2.20924e-09,0,60,1.17766e-02,4.16449e-07,0,60,4.1423e-03,2.8328e-07,0,60,4.7668e-05,3.4917e-09,0,60,4.3538e-06,5.8607e-10,0,60,7.0411e-08,2.5463e-10,0,60,1.1862e-02,2.5545e-07,0,63,4.1644e-03,2.0187e-07,0,63,4.8306e-05,2.6136e-09,0,63,4.4022e-06,3.6128e-10,0,63,7.1299e-08,2.1259e-10,0,63,-7.1955,0.0268,0,60,-5.2999,0.0478,0,60,-13.2243,0.0512,0,60,-10.9916,0.1041,0,60,-12.7340,2.5889,0,60,-10.3636,0.0269,0,60,-11.1585,0.0475,0,60,-0.6401,0.0458,0,60,-0.4236,0.1750,0,60,5.3458,2.7245,0,60,
C:\Nu Stable\Results\2023\20231027 clumped Oman 2 CH,20231027 clumped Oman 2 CH,Data_20711 ETH-01.txt,ETH-01,C:\Nu Stable\Analyses\DI\CO2 20-6-20 clumped NuCarb.rdf,Clumped CO2 Iterative,2023/10/27 17:54:40,2023/10/27 19:57:56,413,2,2.5013e-07,6.056432E-10,CF,19.928,1.000e-03,1,1.0000e-03,6304, InitialisePrepSampleRun; CheckIfCFRequired; UseCF; SampleTrapped; Chop_CF_SamSub; SampleTrapped; BalanceRefToSamValue; DepletingBalance; SampleReady;,4.1386e-08,1.5000e-07,8.5853e-08,8.6379e-08,8.6304e-08,8.6143e-08,0.96,2023/10/27 19:57:11,0.19,5147,8448,1.0000e-03,46.019,20,8,20,20,0.000,2.2672e-15,3.7692e-15,6.0743e-16,7.5762e-14,4.4444e-13,1.8408e-11,24.00,26.00,63.69,-1.95e02,-1.64e02,63.69,0.00,63.69,63.69,2023/10/27 19:00:56,2023/10/27 19:57:37,114,4.85682e-08,0.000,0,63,4.90322e-08,1.89437e-09,0,60,1.19164e-02,4.92914e-08,0,60,4.2108e-03,8.3870e-08,0,60,4.9047e-05,1.1419e-09,0,60,4.5010e-06,2.2985e-10,0,60,7.3529e-08,1.3933e-10,0,60,1.1862e-02,3.6880e-08,0,63,4.1644e-03,8.8470e-08,0,63,4.8313e-05,1.1788e-09,0,63,4.4037e-06,2.2554e-10,0,63,7.2044e-08,1.6045e-10,0,63,4.6135,0.0027,0,60,11.1423,0.0064,0,60,15.2052,0.0114,0,60,22.1009,0.0418,0,60,20.2194,1.7758,0,60,1.6349,0.0027,0,60,5.1783,0.0063,0,60,-0.5577,0.0105,0,60,-0.3010,0.0443,0,60,-6.6516,1.7317,0,60,
C:\Nu Stable\Results\2023\20231027 clumped Oman 2 CH,20231027 clumped Oman 2 CH,Data_20712 ETH-03.txt,ETH-03,C:\Nu Stable\Analyses\DI\CO2 20-6-20 clumped NuCarb.rdf,Clumped CO2 Iterative,2023/10/27 17:54:40,2023/10/27 21:18:03,410,3,2.5014e-07,6.100951E-10,CF,19.470,1.000e-03,1,1.0000e-03,6272, InitialisePrepSampleRun; CheckIfCFRequired; UseCF; SampleTrapped; Chop_CF_SamSub; SampleTrapped; BalanceRefToSamValue; DepletingBalance; SampleReady;,4.1128e-08,1.5000e-07,8.4121e-08,8.4754e-08,8.5248e-08,8.4512e-08,0.96,2023/10/27 21:17:18,0.87,5154,8448,1.0000e-03,46.021,20,8,20,20,0.000,2.3228e-15,3.7894e-15,5.9903e-16,7.8929e-14,4.5278e-13,1.9092e-11,24.00,26.00,63.69,-1.95e02,-1.68e02,63.69,0.00,63.69,63.69,2023/10/27 20:22:11,2023/10/27 21:01:15,78,4.74663e-08,0.000,0,63,4.84149e-08,1.87032e-09,0,60,1.19155e-02,6.73968e-07,0,60,4.2143e-03,3.1855e-07,0,60,4.9087e-05,2.5364e-09,0,60,4.5017e-06,9.7373e-10,0,60,7.1516e-08,3.1417e-10,0,60,1.1864e-02,8.5763e-07,0,63,4.1658e-03,3.8623e-07,0,63,4.8321e-05,2.9685e-09,0,63,4.3987e-06,1.0546e-09,0,63,6.9722e-08,4.0020e-10,0,63,4.3278,0.0582,0,60,11.6383,0.0638,0,60,15.8647,0.0305,0,60,23.4501,0.2430,0,60,27.2316,4.5289,0,60,1.3138,0.0598,0,60,5.6726,0.0634,0,60,-0.0976,0.1088,0,60,0.0395,0.3578,0,60,-0.4430,4.5709,0,60,
C:\Nu Stable\Results\2023\20231027 clumped Oman 2 CH,20231027 clumped Oman 2 CH,Data_20713 IAEA-C2.txt,IAEA-C2,C:\Nu Stable\Analyses\DI\CO2 20-6-20 clumped NuCarb.rdf,Clumped CO2 Iterative,2023/10/27 17:54:40,2023/10/27 22:40:21,474,4,2.5016e-07,5.27756E-10,CF,23.895,1.000e-03,1,1.0000e-03,6272, InitialisePrepSampleRun; CheckIfCFRequired; UseCF; SampleTrapped; Chop_CF_SamSub; SampleTrapped; BalanceRefToSamValue; DepletingBalance; SampleReady;,4.0302e-08,1.5000e-07,1.0635e-07,1.0658e-07,1.0651e-07,1.0636e-07,0.96,2023/10/27 22:39:35,0.15,4387,8446,1.0000e-03,46.024,20,8,20,20,0.000,2.4070e-15,3.8198e-15,6.5947e-16,8.1389e-14,4.5925e-13,1.9610e-11,25.00,26.00,63.69,-1.95e02,-1.63e02,63.69,0.00,63.69,63.69,2023/10/27 21:42:54,2023/10/27 22:21:22,77,5.73330e-08,0.000,0,63,5.78916e-08,2.39740e-09,0,60,1.18059e-02,8.06489e-07,0,60,4.1834e-03,3.7390e-07,0,60,4.8252e-05,2.7357e-09,0,60,4.4330e-06,1.1902e-09,0,60,6.7529e-08,3.5797e-10,0,60,1.1864e-02,4.7913e-07,0,63,4.1653e-03,2.3459e-07,0,63,4.8301e-05,2.2414e-09,0,63,4.3964e-06,8.0333e-10,0,63,6.7469e-08,2.3696e-10,0,63,-4.8893,0.0570,0,60,4.3466,0.0714,0,60,-1.0348,0.0542,0,60,8.3170,0.2153,0,60,0.3423,4.1149,0,60,-8.2439,0.0583,0,60,-1.5637,0.0710,0,60,-0.2525,0.0904,0,60,-0.3893,0.3439,0,60,-2.9285,4.2683,0,60,
C:\Nu Stable\Results\2023\20231027 clumped Oman 2 CH,20231027 clumped Oman 2 CH,Data_20714 IAEA-C1.txt,IAEA-C1,C:\Nu Stable\Analyses\DI\CO2 20-6-20 clumped NuCarb.rdf,Clumped CO2 Iterative,2023/10/27 17:54:40,2023/10/28 00:02:02,489,5,2.5013e-07,5.115176E-10,CF,24.872,1.000e-03,1,1.0000e-03,6304, InitialisePrepSampleRun; CheckIfCFRequired; UseCF; SampleTrapped; Chop_CF_SamSub; SampleTrapped; BalanceRefToSamValue; DepletingBalance; SampleReady;,3.9656e-08,1.5000e-07,1.1171e-07,1.1177e-07,1.1168e-07,1.1141e-07,0.96,2023/10/28 00:01:16,0.24,4196,8446,1.0000e-03,46.021,20,8,20,20,0.000,2.3069e-15,3.8626e-15,7.2473e-16,8.2866e-14,4.6336e-13,1.9937e-11,25.00,27.00,63.69,-1.95e02,-1.71e02,63.69,0.00,63.69,63.69,2023/10/27 23:04:26,2023/10/27 23:43:40,78,5.96547e-08,0.000,0,63,6.03217e-08,2.52351e-09,0,60,1.19218e-02,5.59725e-08,0,60,4.2105e-03,7.2304e-08,0,60,4.9064e-05,1.4038e-09,0,60,4.4995e-06,3.0349e-10,0,60,7.2508e-08,1.3128e-10,0,60,1.1862e-02,5.0109e-08,0,63,4.1643e-03,8.0683e-08,0,63,4.8307e-05,9.1151e-10,0,63,4.4024e-06,2.5767e-10,0,63,7.0963e-08,1.5743e-10,0,63,5.0223,0.0009,0,60,11.0963,0.0028,0,60,15.6817,0.0216,0,60,22.0416,0.0357,0,60,21.8362,1.5578,0,60,2.0715,0.0009,0,60,5.1317,0.0028,0,60,-0.4631,0.0213,0,60,-0.2682,0.0340,0,60,-5.4192,1.5150,0,60,
C:\Nu Stable\Results\2023\20231027 clumped Oman 2 CH,20231027 clumped Oman 2 CH,Data_20715 BD1 ZEBRA 70m B2.txt,BD1 ZEBRA 70m B2,C:\Nu Stable\Analyses\DI\CO2 20-6-20 clumped NuCarb.rdf,Clumped CO2 Iterative,2023/10/27 17:54:40,2023/10/28 01:23:05,445,6,2.5017e-07,5.621756E-10,CF,21.057,1.000e-03,1,1.0000e-03,6304, InitialisePrepSampleRun; CheckIfCFRequired; UseCF; SampleTrapped; Chop_CF_SamSub; SampleTrapped; BalanceRefToSamValue; DepletingBalance; SampleReady;,3.8902e-08,1.5000e-07,9.2140e-08,9.2288e-08,9.2183e-08,9.2007e-08,0.96,2023/10/28 01:22:20,0.19,4659,8444,1.0000e-03,46.019,20,8,20,20,0.000,2.3802e-15,3.8112e-15,6.8003e-16,8.1119e-14,4.5887e-13,1.9557e-11,24.00,26.00,63.69,-1.95e02,-1.72e02,63.69,0.00,63.69,63.69,2023/10/28 00:26:16,2023/10/28 01:05:21,78,5.12045e-08,0.000,0,63,5.16157e-08,2.04043e-09,0,60,1.19295e-02,6.06591e-08,0,60,4.1797e-03,9.3583e-08,0,60,4.8761e-05,1.4031e-09,0,60,4.4362e-06,2.4681e-10,0,60,7.0484e-08,9.4231e-11,0,60,1.1862e-02,4.7114e-08,0,63,4.1647e-03,9.8197e-08,0,63,4.8320e-05,1.5380e-09,0,63,4.4053e-06,2.4408e-10,0,63,6.9522e-08,9.4469e-11,0,63,5.6920,0.0028,0,60,3.6005,0.0091,0,60,9.1227,0.0157,0,60,7.0032,0.0336,0,60,13.7685,1.4877,0,60,3.0433,0.0031,0,60,-2.3293,0.0091,0,60,-0.3040,0.0121,0,60,-0.2092,0.0355,0,60,0.5713,1.4666,0,60,
C:\Nu Stable\Results\2023\20231027 clumped Oman 2 CH,20231027 clumped Oman 2 CH,Data_20716 MDE BKFF B2.txt,MDE BKFF B2,C:\Nu Stable\Analyses\DI\CO2 20-6-20 clumped NuCarb.rdf,Clumped CO2 Iterative,2023/10/27 17:54:40,2023/10/28 02:43:52,468,7,2.5016e-07,5.345227E-10,CF,25.055,1.000e-03,1,1.0000e-03,6272, InitialisePrepSampleRun; CheckIfCFRequired; UseCF; SampleTrapped; Chop_CF_SamSub; SampleTrapped; BalanceRefToSamValue; DepletingBalance; SampleReady;,3.7874e-08,1.5000e-07,1.0975e-07,1.0956e-07,1.0948e-07,1.0918e-07,0.96,2023/10/28 02:43:07,0.28,4128,8449,1.0000e-03,46.021,20,8,20,20,0.000,2.3673e-15,3.8490e-15,6.5768e-16,8.2297e-14,4.6241e-13,1.9821e-11,25.00,27.00,63.69,-1.95e02,-1.58e02,63.69,0.00,63.69,63.69,2023/10/28 01:47:04,2023/10/28 02:26:24,79,5.86849e-08,0.000,0,63,5.93867e-08,2.47009e-09,0,60,1.17978e-02,5.48166e-08,0,60,4.1755e-03,6.8489e-08,0,60,4.8155e-05,9.1613e-10,0,60,4.4249e-06,2.7342e-10,0,60,6.9833e-08,8.8160e-11,0,60,1.1862e-02,5.8409e-08,0,63,4.1644e-03,7.1112e-08,0,63,4.8310e-05,8.4014e-10,0,63,4.4023e-06,2.6772e-10,0,63,6.9544e-08,8.7828e-11,0,63,-5.4345,0.0009,0,60,2.6441,0.0016,0,60,-3.2249,0.0089,0,60,5.1190,0.0356,0,60,3.9738,1.1973,0,60,-8.7651,0.0009,0,60,-3.2568,0.0016,0,60,-0.2133,0.0088,0,60,-0.1752,0.0357,0,60,4.5757,1.1977,0,60,
C:\Nu Stable\Results\2023\20231027 clumped Oman 2 CH,20231027 clumped Oman 2 CH,Data_20717 MDE2 176.txt,MDE2 176,C:\Nu Stable\Analyses\DI\CO2 20-6-20 clumped NuCarb.rdf,Clumped CO2 Iterative,2023/10/27 17:54:40,2023/10/28 04:05:55,416,8,2.5016e-07,6.013553E-10,CF,19.745,1.000e-03,1,1.0000e-03,6272, InitialisePrepSampleRun; CheckIfCFRequired; UseCF; SampleTrapped; Chop_CF_SamSub; SampleTrapped; BalanceRefToSamValue; DepletingBalance; SampleReady;,3.7150e-08,1.5000e-07,8.5255e-08,8.5441e-08,8.5385e-08,8.5193e-08,0.96,2023/10/28 04:05:09,0.22,4742,8449,1.0000e-03,46.019,20,8,20,20,0.000,2.3514e-15,3.8255e-15,6.8289e-16,8.0030e-14,4.5551e-13,1.9326e-11,24.00,26.00,63.69,-1.95e02,-1.70e02,63.69,0.00,63.69,63.69,2023/10/28 03:08:02,2023/10/28 03:47:11,78,4.81122e-08,0.000,0,63,4.84967e-08,1.87363e-09,0,60,1.17833e-02,4.31783e-08,0,60,4.1850e-03,7.2292e-08,0,60,4.8204e-05,1.1322e-09,0,60,4.4460e-06,2.6851e-10,0,60,7.0610e-08,1.2929e-10,0,60,1.1862e-02,4.6907e-08,0,63,4.1649e-03,7.5658e-08,0,63,4.8321e-05,1.1893e-09,0,63,4.4039e-06,2.1346e-10,0,63,7.0182e-08,9.2998e-11,0,63,-6.6325,0.0009,0,60,4.8401,0.0018,0,60,-2.4114,0.0103,0,60,9.5451,0.0438,0,60,5.8641,1.8198,0,60,-10.1161,0.0009,0,60,-1.0688,0.0018,0,60,-0.3083,0.0104,0,60,-0.1571,0.0427,0,60,3.4303,1.8146,0,60,
C:\Nu Stable\Results\2023\20231027 clumped Oman 2 CH,20231027 clumped Oman 2 CH,Data_20718 ETH-03.txt,ETH-03,C:\Nu Stable\Analyses\DI\CO2 20-6-20 clumped NuCarb.rdf,Clumped CO2 Iterative,2023/10/27 17:54:40,2023/10/28 05:27:01,404,9,2.5018e-07,6.192609E-10,CF,18.982,1.000e-03,1,1.0000e-03,6304, InitialisePrepSampleRun; CheckIfCFRequired; UseCF; SampleTrapped; Chop_CF_SamSub; SampleTrapped; BalanceRefToSamValue; DepletingBalance; SampleReady;,3.6299e-08,1.5000e-07,8.2175e-08,8.2290e-08,8.2209e-08,8.2067e-08,0.96,2023/10/28 05:26:15,0.17,4799,8449,1.0000e-03,46.021,20,8,20,20,0.000,2.3528e-15,3.7481e-15,6.6662e-16,7.9313e-14,4.5428e-13,1.9220e-11,24.00,26.00,63.69,-1.95e02,3.00e01,63.69,0.00,63.69,63.69,2023/10/28 04:29:47,2023/10/28 05:09:13,79,4.66075e-08,0.000,0,63,4.69597e-08,1.78674e-09,0,60,1.19138e-02,5.45775e-08,0,60,4.2137e-03,6.2962e-08,0,60,4.9087e-05,1.0630e-09,0,60,4.5065e-06,2.3059e-10,0,60,7.1707e-08,9.3899e-11,0,60,1.1862e-02,4.5354e-08,0,63,4.1651e-03,7.4970e-08,0,63,4.8321e-05,1.1096e-09,0,63,4.4041e-06,2.1624e-10,0,63,7.0132e-08,1.0321e-10,0,63,4.3560,0.0011,0,60,11.6740,0.0038,0,60,15.8405,0.0106,0,60,23.2268,0.0512,0,60,22.2614,1.5608,0,60,1.3425,0.0011,0,60,5.7080,0.0037,0,60,-0.1856,0.0107,0,60,-0.2516,0.0499,0,60,-5.4218,1.5166,0,60,
C:\Nu Stable\Results\2023\20231027 clumped Oman 2 CH,20231027 clumped Oman 2 CH,Data_20719 ETH-04.txt,ETH-04,C:\Nu Stable\Analyses\DI\CO2 20-6-20 clumped NuCarb.rdf,Clumped CO2 Iterative,2023/10/27 17:54:40,2023/10/28 07:30:04,410,10,2.5016e-07,6.101578E-10,CF,20.355,1.000e-03,1,1.0000e-03,6304, InitialisePrepSampleRun; CheckIfCFRequired; UseCF; SampleTrapped; Chop_CF_SamSub; SampleTrapped; BalanceRefToSamValue; DepletingBalance; SampleReady;,3.5098e-08,1.5000e-07,8.7522e-08,8.7587e-08,8.7496e-08,8.7387e-08,0.96,2023/10/28 07:29:18,0.13,4543,8449,1.0000e-03,46.019,20,8,20,20,0.000,2.2992e-15,3.7850e-15,6.9058e-16,7.6042e-14,4.4478e-13,1.8536e-11,24.00,26.00,63.69,-1.95e02,-1.64e02,63.69,0.00,63.69,63.69,2023/10/28 06:33:27,2023/10/28 07:29:44,113,4.90388e-08,0.000,0,63,4.95019e-08,1.92021e-09,0,60,1.17749e-02,3.02251e-07,0,60,4.1420e-03,2.2911e-07,0,60,4.7679e-05,2.8856e-09,0,60,4.3555e-06,3.1932e-10,0,60,6.9930e-08,1.5463e-10,0,60,1.1862e-02,1.4174e-07,0,63,4.1650e-03,1.1923e-07,0,63,4.8324e-05,1.4482e-09,0,63,4.4050e-06,2.9543e-10,0,63,7.1269e-08,1.0989e-10,0,63,-7.3700,0.0205,0,60,-5.5217,0.0354,0,60,-13.3613,0.0400,0,60,-11.2371,0.0575,0,60,-18.9578,2.1430,0,60,-10.5417,0.0206,0,60,-11.3788,0.0351,0,60,-0.3785,0.0295,0,60,-0.2265,0.0967,0,60,-0.3724,2.2488,0,60,
C:\Nu Stable\Results\2023\20231027 clumped Oman 2 CH,20231027 clumped Oman 2 CH,Data_20720 MDE2 B6.9.txt,MDE2 B6.9,C:\Nu Stable\Analyses\DI\CO2 20-6-20 clumped NuCarb.rdf,Clumped CO2 Iterative,2023/10/27 17:54:40,2023/10/28 08:58:23,408,11,2.4359e-07,5.970429E-10,CF,17.944,1.000e-03,1,1.0000e-03,6272, InitialisePrepSampleRun; CheckIfCFRequired; UseCF; SampleTrapped; Chop_CF_SamSub; SampleTrapped; BalanceRefToSamValue; DepletingBalance; SampleReady;,4.2567e-08,1.5000e-07,7.7138e-08,7.7285e-08,7.7199e-08,7.7045e-08,0.96,2023/10/28 08:57:37,0.20,5590,8448,1.0000e-03,46.021,20,8,20,20,0.000,2.3435e-15,3.7842e-15,6.2513e-16,7.8440e-14,4.5236e-13,1.9078e-11,24.00,25.00,63.69,-1.95e02,-1.65e02,63.69,0.00,63.69,63.69,2023/10/28 07:54:00,2023/10/28 08:33:23,79,4.43484e-08,0.000,0,63,4.47016e-08,1.66955e-09,0,60,1.17559e-02,6.00007e-08,0,60,4.1877e-03,6.1928e-08,0,60,4.8117e-05,1.1415e-09,0,60,4.4495e-06,2.8123e-10,0,60,7.0275e-08,9.9047e-11,0,60,1.1862e-02,6.5704e-08,0,63,4.1653e-03,7.3096e-08,0,63,4.8323e-05,1.3336e-09,0,63,4.4025e-06,2.6731e-10,0,63,7.0053e-08,1.2555e-10,0,63,-8.9506,0.0037,0,60,5.3790,0.0085,0,60,-4.2706,0.0162,0,60,10.6642,0.0405,0,60,2.8116,2.0810,0,60,-12.6019,0.0037,0,60,-0.5274,0.0084,0,60,-0.2930,0.0116,0,60,-0.1215,0.0419,0,60,1.8183,2.0829,0,60,
C:\Nu Stable\Results\2023\20231027 clumped Oman 2 CH,20231027 clumped Oman 2 CH,Data_20721 BD1 ZEBRA 70m B2.txt,BD1 ZEBRA 70m B2,C:\Nu Stable\Analyses\DI\CO2 20-6-20 clumped NuCarb.rdf,Clumped CO2 Iterative,2023/10/27 17:54:40,2023/10/28 10:20:24,477,12,2.5017e-07,5.24456E-10,CF,22.278,1.000e-03,1,1.0000e-03,6304, InitialisePrepSampleRun; CheckIfCFRequired; UseCF; SampleTrapped; Chop_CF_SamSub; SampleTrapped; BalanceRefToSamValue; DepletingBalance; SampleReady;,4.1719e-08,1.5000e-07,9.7547e-08,9.7770e-08,9.7708e-08,9.7462e-08,0.96,2023/10/28 10:19:39,0.25,4750,8447,1.0000e-03,46.021,20,8,20,20,0.000,2.2879e-15,3.7742e-15,7.0506e-16,8.0577e-14,4.5762e-13,1.9517e-11,25.00,27.00,63.69,-1.95e02,-1.64e02,63.69,0.00,63.69,63.69,2023/10/28 09:22:17,2023/10/28 10:01:42,79,5.36108e-08,0.000,0,63,5.41311e-08,2.17441e-09,0,60,1.19291e-02,5.77982e-08,0,60,4.1801e-03,7.4439e-08,0,60,4.8760e-05,1.0370e-09,0,60,4.4362e-06,2.0456e-10,0,60,7.2036e-08,1.1353e-10,0,60,1.1862e-02,5.3272e-08,0,63,4.1648e-03,7.5154e-08,0,63,4.8318e-05,9.9349e-10,0,63,4.4046e-06,2.0814e-10,0,63,7.1347e-08,1.4245e-10,0,63,5.6224,0.0010,0,60,3.6683,0.0021,0,60,9.1439,0.0115,0,60,7.1796,0.0314,0,60,9.3639,1.6785,0,60,2.9668,0.0010,0,60,-2.2616,0.0021,0,60,-0.2783,0.0110,0,60,-0.1692,0.0311,0,60,-3.8351,1.6561,0,60,
C:\Nu Stable\Results\2023\20231027 clumped Oman 2 CH,20231027 clumped Oman 2 CH,Data_20722 MDS 211.5.txt,MDS 211.5,C:\Nu Stable\Analyses\DI\CO2 20-6-20 clumped NuCarb.rdf,Clumped CO2 Iterative,2023/10/27 17:54:40,2023/10/28 11:41:45,418,13,2.5018e-07,5.985231E-10,CF,19.531,1.000e-03,1,1.0000e-03,6304, InitialisePrepSampleRun; CheckIfCFRequired; UseCF; SampleTrapped; Chop_CF_SamSub; SampleTrapped; BalanceRefToSamValue; DepletingBalance; SampleReady;,4.0956e-08,1.5000e-07,8.4516e-08,8.5045e-08,8.4996e-08,8.4785e-08,0.96,2023/10/28 11:41:00,0.25,5120,8446,1.0000e-03,46.019,20,8,20,20,0.000,2.3180e-15,3.7774e-15,6.4373e-16,7.9874e-14,4.5624e-13,1.9371e-11,24.00,26.00,63.69,-1.95e02,-1.63e02,63.69,0.00,63.69,63.69,2023/10/28 10:44:13,2023/10/28 11:23:43,79,4.79674e-08,0.000,0,63,4.83392e-08,1.86094e-09,0,60,1.18079e-02,4.76626e-08,0,60,4.1872e-03,7.0958e-08,0,60,4.8339e-05,1.0387e-09,0,60,4.4523e-06,2.6696e-10,0,60,7.1355e-08,1.1894e-10,0,60,1.1862e-02,2.2167e-07,0,63,4.1653e-03,1.1404e-07,0,63,4.8332e-05,1.1417e-09,0,63,4.4067e-06,3.1705e-10,0,63,7.0960e-08,1.2325e-10,0,63,-4.5666,0.0137,0,60,5.2512,0.0162,0,60,0.1508,0.0104,0,60,10.3565,0.0468,0,60,5.0851,1.9903,0,60,-7.9317,0.0151,0,60,-0.6641,0.0162,0,60,-0.2870,0.0105,0,60,-0.1718,0.0395,0,60,-0.3643,1.9797,0,60,
C:\Nu Stable\Results\2023\20231027 clumped Oman 2 CH,20231027 clumped Oman 2 CH,Data_20723 ETH-02.txt,ETH-02,C:\Nu Stable\Analyses\DI\CO2 20-6-20 clumped NuCarb.rdf,Clumped CO2 Iterative,2023/10/27 17:54:40,2023/10/28 13:03:06,418,14,2.5016e-07,5.984688E-10,CF,19.592,1.000e-03,1,1.0000e-03,6304, InitialisePrepSampleRun; CheckIfCFRequired; UseCF; SampleTrapped; Chop_CF_SamSub; SampleTrapped; BalanceRefToSamValue; DepletingBalance; SampleReady;,4.0151e-08,1.5000e-07,8.3929e-08,8.4205e-08,8.4162e-08,8.3982e-08,0.96,2023/10/28 13:02:20,0.21,5080,8446,1.0000e-03,46.021,20,8,20,20,0.000,2.3158e-15,3.7941e-15,6.2889e-16,7.9211e-14,4.5463e-13,1.9269e-11,24.00,26.00,63.69,-1.95e02,3.02e01,63.69,0.00,63.69,63.69,2023/10/28 12:05:53,2023/10/28 12:45:01,78,4.75970e-08,0.000,0,63,4.79678e-08,1.84266e-09,0,60,1.17762e-02,5.45101e-08,0,60,4.1427e-03,7.1179e-08,0,60,4.7684e-05,1.2436e-09,0,60,4.3560e-06,1.9783e-10,0,60,7.0735e-08,1.1534e-10,0,60,1.1862e-02,5.6792e-08,0,63,4.1652e-03,6.7053e-08,0,63,4.8326e-05,1.1266e-09,0,63,4.4038e-06,2.3389e-10,0,63,7.1157e-08,1.3131e-10,0,63,-7.2602,0.0009,0,60,-5.3872,0.0023,0,60,-13.2719,0.0106,0,60,-10.8641,0.0393,0,60,-6.1033,1.4311,0,60,-10.4296,0.0009,0,60,-11.2453,0.0023,0,60,-0.5349,0.0105,0,60,-0.1200,0.0396,0,60,12.3281,1.4582,0,60,
C:\Nu Stable\Results\2023\20231027 clumped Oman 2 CH,20231027 clumped Oman 2 CH,Data_20724 IAEA-C2.txt,IAEA-C2,C:\Nu Stable\Analyses\DI\CO2 20-6-20 clumped NuCarb.rdf,Clumped CO2 Iterative,2023/10/27 17:54:40,2023/10/28 15:06:24,399,15,2.5018e-07,6.270053E-10,CF,19.256,1.000e-03,1,1.0000e-03,6304, InitialisePrepSampleRun; CheckIfCFRequired; UseCF; SampleTrapped; Chop_CF_SamSub; SampleTrapped; BalanceRefToSamValue; DepletingBalance; SampleReady;,3.8979e-08,1.5000e-07,8.1972e-08,8.2395e-08,8.2359e-08,8.2200e-08,0.96,2023/10/28 15:05:39,0.19,5080,8446,1.0000e-03,46.019,20,8,20,20,0.000,2.3285e-15,3.7383e-15,6.0707e-16,7.5497e-14,4.4373e-13,1.8403e-11,24.00,26.00,63.69,-1.95e02,3.02e01,63.69,0.00,63.69,63.69,2023/10/28 14:09:28,2023/10/28 15:06:05,113,4.68266e-08,0.000,0,63,4.73127e-08,1.79817e-09,0,60,1.18036e-02,5.35746e-08,0,60,4.1832e-03,6.5134e-08,0,60,4.8282e-05,1.0782e-09,0,60,4.4436e-06,2.8000e-10,0,60,7.0804e-08,1.0407e-10,0,60,1.1863e-02,5.5550e-08,0,63,4.1655e-03,6.7635e-08,0,63,4.8336e-05,1.0245e-09,0,63,4.4064e-06,2.5251e-10,0,63,7.0728e-08,1.2513e-10,0,63,-4.9634,0.0010,0,60,4.2461,0.0020,0,60,-1.1293,0.0106,0,60,8.4408,0.0431,0,60,1.2077,1.6764,0,60,-8.3192,0.0010,0,60,-1.6636,0.0020,0,60,-0.1724,0.0107,0,60,-0.0688,0.0419,0,60,-1.8361,1.6710,0,60,
C:\Nu Stable\Results\2023\20231027 clumped Oman 2 CH,20231027 clumped Oman 2 CH,Data_20725 MDE BKFF A.txt,MDE BKFF A,C:\Nu Stable\Analyses\DI\CO2 20-6-20 clumped NuCarb.rdf,Clumped CO2 Iterative,2023/10/27 17:54:40,2023/10/28 17:09:18,422,16,2.5015e-07,5.927697E-10,CF,19.043,1.000e-03,1,1.0000e-03,6272, InitialisePrepSampleRun; CheckIfCFRequired; UseCF; SampleTrapped; Chop_CF_SamSub; SampleTrapped; BalanceRefToSamValue; DepletingBalance; SampleReady;,3.8305e-08,1.5000e-07,8.1618e-08,8.1889e-08,8.1826e-08,8.1681e-08,0.96,2023/10/28 17:08:32,0.18,5026,8444,1.0000e-03,46.021,20,8,20,20,0.000,2.2725e-15,3.6839e-15,6.0046e-16,7.5045e-14,4.4253e-13,1.8210e-11,24.00,26.00,63.69,-1.95e02,-1.59e02,63.69,0.00,63.69,63.69,2023/10/28 16:12:38,2023/10/28 17:08:58,113,4.65490e-08,0.000,0,63,4.70284e-08,1.78443e-09,0,60,1.18237e-02,6.26428e-08,0,60,4.1843e-03,6.5032e-08,0,60,4.8370e-05,9.5601e-10,0,60,4.4445e-06,2.3509e-10,0,60,7.2783e-08,1.3270e-10,0,60,1.1863e-02,6.4543e-08,0,63,4.1656e-03,6.6904e-08,0,63,4.8331e-05,1.0175e-09,0,63,4.4054e-06,2.0465e-10,0,63,7.1864e-08,1.4104e-10,0,63,-3.2741,0.0009,0,60,4.4947,0.0020,0,60,0.8075,0.0097,0,60,8.8759,0.0388,0,60,12.5683,1.7403,0,60,-6.5300,0.0009,0,60,-1.4198,0.0020,0,60,-0.2270,0.0097,0,60,-0.1325,0.0378,0,60,7.1800,1.7300,0,60,
C:\Nu Stable\Results\2023\20231027 clumped Oman 2 CH,20231027 clumped Oman 2 CH,Data_20726 MDE BKFF B2.txt,MDE BKFF B2,C:\Nu Stable\Analyses\DI\CO2 20-6-20 clumped NuCarb.rdf,Clumped CO2 Iterative,2023/10/27 17:54:40,2023/10/28 18:30:30,495,17,2.5016e-07,5.053795E-10,CF,25.879,1.000e-03,1,1.0000e-03,6304, InitialisePrepSampleRun; CheckIfCFRequired; UseCF; SampleTrapped; Chop_CF_SamSub; SampleTrapped; BalanceRefToSamValue; DepletingBalance; SampleReady;,3.8023e-08,1.5000e-07,1.1547e-07,1.1504e-07,1.1496e-07,1.1472e-07,0.96,2023/10/28 18:29:44,0.21,4011,8449,1.0000e-03,46.021,20,8,20,20,0.000,2.3192e-15,3.7944e-15,6.7306e-16,8.1529e-14,4.5907e-13,1.9695e-11,25.00,27.00,63.69,-1.95e02,-1.68e02,63.69,0.00,63.69,63.69,2023/10/28 17:33:26,2023/10/28 18:12:38,78,6.10190e-08,0.000,0,63,6.17510e-08,2.60480e-09,0,60,1.17984e-02,6.58528e-08,0,60,4.1762e-03,6.9450e-08,0,60,4.8167e-05,9.6050e-10,0,60,4.4277e-06,2.5684e-10,0,60,6.9950e-08,1.1187e-10,0,60,1.1863e-02,6.5566e-08,0,63,4.1651e-03,7.3016e-08,0,63,4.8324e-05,9.7735e-10,0,63,4.4052e-06,2.4347e-10,0,63,7.0459e-08,1.1731e-10,0,63,-5.4385,0.0008,0,60,2.6600,0.0019,0,60,-3.2417,0.0087,0,60,5.0847,0.0412,0,60,-7.2847,1.3738,0,60,-8.7700,0.0009,0,60,-3.2410,0.0019,0,60,-0.2415,0.0083,0,60,-0.2412,0.0407,0,60,-6.7163,1.3737,0,60,
C:\Nu Stable\Results\2023\20231027 clumped Oman 2 CH,20231027 clumped Oman 2 CH,Data_20727 MDS 5.0.txt,MDS 5.0,C:\Nu Stable\Analyses\DI\CO2 20-6-20 clumped NuCarb.rdf,Clumped CO2 Iterative,2023/10/27 17:54:40,2023/10/28 19:51:54,428,18,2.5015e-07,5.844702E-10,CF,20.172,1.000e-03,1,1.0000e-03,6304, InitialisePrepSampleRun; CheckIfCFRequired; UseCF; SampleTrapped; Chop_CF_SamSub; SampleTrapped; BalanceRefToSamValue; DepletingBalance; SampleReady;,3.7437e-08,1.5000e-07,8.8647e-08,8.8876e-08,8.8819e-08,8.8623e-08,0.96,2023/10/28 19:51:08,0.22,4642,8449,1.0000e-03,46.019,20,8,20,20,0.000,2.3257e-15,3.7572e-15,6.7878e-16,7.9801e-14,4.5503e-13,1.9355e-11,24.00,26.00,63.69,-1.95e02,-1.61e02,63.69,0.00,63.69,63.69,2023/10/28 18:54:33,2023/10/28 19:33:49,78,4.96736e-08,0.000,0,63,5.01315e-08,1.95580e-09,0,60,1.17838e-02,6.23727e-08,0,60,4.1845e-03,6.1739e-08,0,60,4.8200e-05,1.0418e-09,0,60,4.4457e-06,2.2897e-10,0,60,7.1209e-08,1.0457e-10,0,60,1.1863e-02,6.1397e-08,0,63,4.1656e-03,6.4599e-08,0,63,4.8334e-05,1.0727e-09,0,63,4.4062e-06,1.9120e-10,0,63,7.0776e-08,1.2834e-10,0,63,-6.6552,0.0008,0,60,4.5504,0.0018,0,60,-2.7575,0.0107,0,60,8.9690,0.0373,0,60,6.0366,1.5116,0,60,-10.1303,0.0009,0,60,-1.3570,0.0018,0,60,-0.3479,0.0107,0,60,-0.1511,0.0370,0,60,4.1965,1.5081,0,60,
C:\Nu Stable\Results\2023\20231027 clumped Oman 2 CH,20231027 clumped Oman 2 CH,Data_20728 ETH-03.txt,ETH-03,C:\Nu Stable\Analyses\DI\CO2 20-6-20 clumped NuCarb.rdf,Clumped CO2 Iterative,2023/10/27 17:54:40,2023/10/28 21:14:09,486,19,2.5017e-07,5.147455E-10,CF,24.444,1.000e-03,1,1.0000e-03,6272, InitialisePrepSampleRun; CheckIfCFRequired; UseCF; SampleTrapped; Chop_CF_SamSub; SampleTrapped; BalanceRefToSamValue; DepletingBalance; SampleReady;,3.6425e-08,1.5000e-07,1.0775e-07,1.0728e-07,1.0719e-07,1.0692e-07,0.96,2023/10/28 21:13:24,0.25,4057,8449,1.0000e-03,46.019,20,8,20,20,0.000,2.2972e-15,3.8139e-15,6.9201e-16,8.1443e-14,4.5939e-13,1.9594e-11,25.00,27.00,63.69,-1.95e02,-1.58e02,63.69,0.00,63.69,63.69,2023/10/28 20:16:04,2023/10/28 20:55:13,78,5.77203e-08,0.000,0,63,5.83567e-08,2.41573e-09,0,60,1.19146e-02,1.17691e-07,0,60,4.2143e-03,8.0989e-08,0,60,4.9099e-05,1.1575e-09,0,60,4.5090e-06,2.7395e-10,0,60,7.1947e-08,1.2787e-10,0,60,1.1863e-02,1.0854e-07,0,63,4.1656e-03,8.9820e-08,0,63,4.8334e-05,1.1610e-09,0,63,4.4065e-06,2.9550e-10,0,63,7.0782e-08,1.4020e-10,0,63,4.3339,0.0044,0,60,11.7054,0.0076,0,60,15.8145,0.0135,0,60,23.2742,0.0412,0,60,16.4104,1.5327,0,60,1.3179,0.0044,0,60,5.7394,0.0076,0,60,-0.2191,0.0153,0,60,-0.2673,0.0482,0,60,-11.1512,1.4953,0,60,
C:\Nu Stable\Results\2023\20231027 clumped Oman 2 CH,20231027 clumped Oman 2 CH,Data_20729 ETH-04.txt,ETH-04,C:\Nu Stable\Analyses\DI\CO2 20-6-20 clumped NuCarb.rdf,Clumped CO2 Iterative,2023/10/27 17:54:40,2023/10/28 22:36:16,437,20,2.5016e-07,5.724531E-10,CF,22.735,1.000e-03,1,1.0000e-03,6304, InitialisePrepSampleRun; CheckIfCFRequired; UseCF; SampleTrapped; Chop_CF_SamSub; SampleTrapped; BalanceRefToSamValue; DepletingBalance; SampleReady;,3.5827e-08,1.5000e-07,9.7787e-08,9.7693e-08,9.7606e-08,9.7391e-08,0.96,2023/10/28 22:35:31,0.22,4237,8449,1.0000e-03,46.017,20,8,20,20,0.000,2.3593e-15,3.7850e-15,6.3711e-16,8.0742e-14,4.5698e-13,1.9442e-11,25.00,26.00,63.69,-1.95e02,3.05e01,63.69,0.00,63.69,63.69,2023/10/28 21:37:50,2023/10/28 22:17:28,79,5.35816e-08,0.000,0,63,5.40785e-08,2.16979e-09,0,60,1.17750e-02,6.27357e-08,0,60,4.1422e-03,6.3353e-08,0,60,4.7688e-05,1.0729e-09,0,60,4.3582e-06,2.3460e-10,0,60,6.9290e-08,9.9906e-11,0,60,1.1863e-02,6.5424e-08,0,63,4.1654e-03,6.1678e-08,0,63,4.8335e-05,1.0715e-09,0,63,4.4074e-06,1.8760e-10,0,63,6.9965e-08,1.1658e-10,0,63,-7.4003,0.0008,0,60,-5.5633,0.0015,0,60,-13.3850,0.0096,0,60,-11.1617,0.0446,0,60,-9.7237,1.6073,0,60,-10.5725,0.0008,0,60,-11.4202,0.0015,0,60,-0.3299,0.0096,0,60,-0.0669,0.0448,0,60,9.1433,1.6384,0,60,
C:\Nu Stable\Results\2023\20231027 clumped Oman 2 CH,20231027 clumped Oman 2 CH,Data_20730 MDE2 176.txt,MDE2 176,C:\Nu Stable\Analyses\DI\CO2 20-6-20 clumped NuCarb.rdf,Clumped CO2 Iterative,2023/10/27 17:54:40,2023/10/29 00:39:29,409,21,2.5017e-07,6.116628E-10,CF,19.226,1.000e-03,1,1.0000e-03,6272, InitialisePrepSampleRun; CheckIfCFRequired; UseCF; SampleTrapped; Chop_CF_SamSub; SampleTrapped; BalanceRefToSamValue; DepletingBalance; SampleReady;,4.1906e-08,1.5000e-07,8.2632e-08,8.3345e-08,8.3305e-08,8.3128e-08,0.96,2023/10/29 00:38:44,0.21,5300,8447,1.0000e-03,46.019,20,8,20,20,0.000,2.3469e-15,3.6993e-15,6.0511e-16,7.7300e-14,4.4823e-13,1.8773e-11,24.00,26.00,63.69,-1.95e02,-1.66e02,63.69,0.00,63.69,63.69,2023/10/28 23:42:31,2023/10/29 00:39:09,114,4.71473e-08,0.000,0,63,4.75497e-08,1.82114e-09,0,60,1.17837e-02,6.05620e-08,0,60,4.1858e-03,6.2757e-08,0,60,4.8214e-05,1.0332e-09,0,60,4.4469e-06,2.0341e-10,0,60,6.9574e-08,1.0873e-10,0,60,1.1863e-02,6.3882e-08,0,63,4.1658e-03,6.4835e-08,0,63,4.8334e-05,1.0186e-09,0,63,4.4056e-06,2.2088e-10,0,63,6.9588e-08,1.1258e-10,0,63,-6.6539,0.0009,0,60,4.8016,0.0021,0,60,-2.4807,0.0106,0,60,9.3883,0.0406,0,60,-0.3564,1.8840,0,60,-10.1376,0.0009,0,60,-1.1071,0.0021,0,60,-0.3177,0.0104,0,60,-0.2356,0.0409,0,60,-2.6768,1.8803,0,60,
C:\Nu Stable\Results\2023\20231027 clumped Oman 2 CH,20231027 clumped Oman 2 CH,Data_20731 MDE BKFF B1.txt,MDE BKFF B1,C:\Nu Stable\Analyses\DI\CO2 20-6-20 clumped NuCarb.rdf,Clumped CO2 Iterative,2023/10/27 17:54:40,2023/10/29 02:00:41,363,22,2.3603e-07,6.502168E-10,CF,16.693,1.000e-03,1,1.0000e-03,6304, InitialisePrepSampleRun; CheckIfCFRequired; UseCF; SampleTrapped; Chop_CF_SamSub; SampleTrapped; BalanceRefToSamValue; DepletingBalance; SampleReady;,4.1495e-08,1.5000e-07,7.2962e-08,7.3112e-08,7.3028e-08,7.2597e-08,0.96,2023/10/29 01:59:55,0.59,5719,8446,1.0000e-03,46.017,20,8,20,20,0.000,2.2799e-15,3.6977e-15,5.6988e-16,7.7886e-14,4.5015e-13,1.8927e-11,23.00,25.00,63.69,-1.95e02,-1.69e02,63.69,0.00,63.69,63.69,2023/10/29 01:03:46,2023/10/29 01:42:56,78,4.22201e-08,0.000,0,63,4.24747e-08,1.56222e-09,0,60,1.18135e-02,5.70483e-08,0,60,4.1795e-03,6.4764e-08,0,60,4.8288e-05,1.3359e-09,0,60,4.4370e-06,2.0129e-10,0,60,7.2288e-08,1.1603e-10,0,60,1.1862e-02,5.9869e-08,0,63,4.1660e-03,6.6992e-08,0,63,4.8348e-05,1.3403e-09,0,63,4.4087e-06,2.1358e-10,0,63,7.1762e-08,1.3044e-10,0,63,-4.1282,0.0009,0,60,3.2493,0.0018,0,60,-1.2605,0.0107,0,60,6.3862,0.0412,0,60,7.4125,1.7671,0,60,-7.3959,0.0009,0,60,-2.6573,0.0018,0,60,-0.1910,0.0103,0,60,-0.1222,0.0402,0,60,5.4163,1.7633,0,60,
C:\Nu Stable\Results\2023\20231027 clumped Oman 2 CH,20231027 clumped Oman 2 CH,Data_20732 MDE BKFF A.txt,MDE BKFF A,C:\Nu Stable\Analyses\DI\CO2 20-6-20 clumped NuCarb.rdf,Clumped CO2 Iterative,2023/10/27 17:54:40,2023/10/29 03:21:42,466,23,2.5021e-07,5.369213E-10,CF,22.766,1.000e-03,1,1.0000e-03,6272, InitialisePrepSampleRun; CheckIfCFRequired; UseCF; SampleTrapped; Chop_CF_SamSub; SampleTrapped; BalanceRefToSamValue; DepletingBalance; SampleReady;,4.0865e-08,1.5000e-07,1.0040e-07,1.0072e-07,1.0062e-07,1.0041e-07,0.96,2023/10/29 03:20:57,0.21,4592,8446,1.0000e-03,46.019,20,8,20,20,0.000,2.3105e-15,3.7739e-15,6.7610e-16,8.0229e-14,4.5624e-13,1.9441e-11,25.00,27.00,63.69,-1.95e02,-1.66e02,63.69,0.00,63.69,63.69,2023/10/29 02:24:39,2023/10/29 03:04:00,79,5.49091e-08,0.000,0,63,5.54972e-08,2.24936e-09,0,60,1.18299e-02,1.18114e-07,0,60,4.1854e-03,9.2936e-08,0,60,4.8410e-05,1.3195e-09,0,60,4.4471e-06,2.5024e-10,0,60,7.0804e-08,1.0851e-10,0,60,1.1863e-02,8.6013e-08,0,63,4.1656e-03,8.8503e-08,0,63,4.8336e-05,1.3538e-09,0,63,4.4060e-06,2.0926e-10,0,63,7.0591e-08,1.2519e-10,0,63,-2.7859,0.0085,0,60,4.7391,0.0118,0,60,1.5385,0.0140,0,60,9.3344,0.0494,0,60,2.8024,1.5539,0,60,-6.0189,0.0086,0,60,-1.1777,0.0118,0,60,-0.2409,0.0180,0,60,-0.1647,0.0650,0,60,-3.5291,1.5545,0,60,
C:\Nu Stable\Results\2023\20231027 clumped Oman 2 CH,20231027 clumped Oman 2 CH,Data_20733 ETH-04.txt,ETH-04,C:\Nu Stable\Analyses\DI\CO2 20-6-20 clumped NuCarb.rdf,Clumped CO2 Iterative,2023/10/27 17:54:40,2023/10/29 04:42:38,453,24,2.5020e-07,5.523147E-10,CF,22.858,1.000e-03,1,1.0000e-03,6272, InitialisePrepSampleRun; CheckIfCFRequired; UseCF; SampleTrapped; Chop_CF_SamSub; SampleTrapped; BalanceRefToSamValue; DepletingBalance; SampleReady;,4.0147e-08,1.5000e-07,9.9650e-08,9.9909e-08,9.9834e-08,9.9601e-08,0.96,2023/10/29 04:41:52,0.23,4551,8449,1.0000e-03,46.019,20,8,20,20,0.000,2.3639e-15,3.8070e-15,7.4583e-16,8.0987e-14,4.5810e-13,1.9595e-11,25.00,26.00,63.69,-1.95e02,-1.63e02,63.69,0.00,63.69,63.69,2023/10/29 03:46:04,2023/10/29 04:25:01,78,5.45367e-08,0.000,0,63,5.50303e-08,2.22062e-09,0,60,1.17748e-02,6.71192e-08,0,60,4.1421e-03,6.4062e-08,0,60,4.7682e-05,8.4012e-10,0,60,4.3556e-06,2.9727e-10,0,60,6.8561e-08,1.0565e-10,0,60,1.1863e-02,6.7175e-08,0,63,4.1654e-03,6.4298e-08,0,63,4.8331e-05,8.3228e-10,0,63,4.4053e-06,2.9184e-10,0,63,6.9450e-08,9.8634e-11,0,63,-7.4138,0.0010,0,60,-5.6018,0.0020,0,60,-13.4314,0.0094,0,60,-11.2874,0.0367,0,60,-12.9426,1.5879,0,60,-10.5855,0.0010,0,60,-11.4585,0.0020,0,60,-0.3248,0.0089,0,60,-0.1166,0.0376,0,60,5.9542,1.6185,0,60,
C:\Nu Stable\Results\2023\20231027 clumped Oman 2 CH,20231027 clumped Oman 2 CH,Data_20734 ETH-01.txt,ETH-01,C:\Nu Stable\Analyses\DI\CO2 20-6-20 clumped NuCarb.rdf,Clumped CO2 Iterative,2023/10/27 17:54:40,2023/10/29 06:03:53,424,25,2.5021e-07,5.901277E-10,CF,21.179,1.000e-03,1,1.0000e-03,6304, InitialisePrepSampleRun; CheckIfCFRequired; UseCF; SampleTrapped; Chop_CF_SamSub; SampleTrapped; BalanceRefToSamValue; DepletingBalance; SampleReady;,3.9300e-08,1.5000e-07,9.2646e-08,9.2860e-08,9.2783e-08,9.2600e-08,0.96,2023/10/29 06:03:08,0.20,4699,8447,1.0000e-03,46.017,20,8,20,20,0.000,2.2838e-15,3.7780e-15,7.3510e-16,8.0495e-14,4.5626e-13,1.9430e-11,24.00,26.00,63.69,-1.95e02,-1.65e02,63.69,0.00,63.69,63.69,2023/10/29 05:06:44,2023/10/29 05:45:49,78,5.13841e-08,0.000,0,63,5.19363e-08,2.04951e-09,0,60,1.19174e-02,6.61772e-08,0,60,4.2121e-03,6.0144e-08,0,60,4.9075e-05,9.9533e-10,0,60,4.5054e-06,2.7920e-10,0,60,7.2622e-08,1.0685e-10,0,60,1.1863e-02,5.8909e-08,0,63,4.1658e-03,7.0539e-08,0,63,4.8341e-05,1.0814e-09,0,63,4.4080e-06,2.3108e-10,0,63,7.1267e-08,1.4294e-10,0,63,4.6068,0.0009,0,60,11.1284,0.0031,0,60,15.1909,0.0113,0,60,22.0784,0.0415,0,60,18.7513,1.7382,0,60,1.6282,0.0009,0,60,5.1645,0.0031,0,60,-0.5514,0.0109,0,60,-0.2957,0.0387,0,60,-8.0478,1.6899,0,60,
C:\Nu Stable\Results\2023\20231027 clumped Oman 2 CH,20231027 clumped Oman 2 CH,Data_20735 MDE BKFF B2.txt,MDE BKFF B2,C:\Nu Stable\Analyses\DI\CO2 20-6-20 clumped NuCarb.rdf,Clumped CO2 Iterative,2023/10/27 17:54:40,2023/10/29 07:24:38,448,26,2.5021e-07,5.585091E-10,CF,22.827,1.000e-03,1,1.0000e-03,6304, InitialisePrepSampleRun; CheckIfCFRequired; UseCF; SampleTrapped; Chop_CF_SamSub; SampleTrapped; BalanceRefToSamValue; DepletingBalance; SampleReady;,3.8441e-08,1.5000e-07,9.8509e-08,9.8791e-08,9.8697e-08,9.8454e-08,0.96,2023/10/29 07:23:53,0.25,4445,8446,1.0000e-03,46.019,20,8,20,20,0.000,2.3133e-15,3.7649e-15,6.8843e-16,8.0708e-14,4.5726e-13,1.9451e-11,25.00,27.00,63.69,-1.95e02,-1.62e02,63.69,0.00,63.69,63.69,2023/10/29 06:28:09,2023/10/29 07:07:13,78,5.40872e-08,0.000,0,63,5.47224e-08,2.20234e-09,0,60,1.17982e-02,1.09358e-07,0,60,4.1767e-03,9.4481e-08,0,60,4.8181e-05,1.3853e-09,0,60,4.4301e-06,1.9257e-10,0,60,7.0400e-08,1.0151e-10,0,60,1.1863e-02,7.9037e-08,0,63,4.1656e-03,7.3076e-08,0,63,4.8337e-05,1.0961e-09,0,63,4.4069e-06,2.2811e-10,0,63,7.0350e-08,1.1051e-10,0,63,-5.4428,0.0060,0,60,2.6587,0.0142,0,60,-3.2239,0.0195,0,60,5.2480,0.0383,0,60,0.5027,1.5931,0,60,-8.7745,0.0059,0,60,-3.2423,0.0142,0,60,-0.2179,0.0110,0,60,-0.0760,0.0524,0,60,1.0832,1.5971,0,60,
C:\Nu Stable\Results\2023\20231027 clumped Oman 2 CH,20231027 clumped Oman 2 CH,Data_20736 MDS 5.0.txt,MDS 5.0,C:\Nu Stable\Analyses\DI\CO2 20-6-20 clumped NuCarb.rdf,Clumped CO2 Iterative,2023/10/27 17:54:40,2023/10/29 08:46:31,463,27,2.5023e-07,5.40454E-10,CF,22.613,1.000e-03,1,1.0000e-03,6304, InitialisePrepSampleRun; CheckIfCFRequired; UseCF; SampleTrapped; Chop_CF_SamSub; SampleTrapped; BalanceRefToSamValue; DepletingBalance; SampleReady;,3.7701e-08,1.5000e-07,9.8039e-08,9.8201e-08,9.8134e-08,9.7910e-08,0.96,2023/10/29 08:45:46,0.23,4402,8446,1.0000e-03,46.019,20,8,20,20,0.000,2.3695e-15,3.8096e-15,7.7391e-16,8.0697e-14,4.5701e-13,1.9417e-11,25.00,27.00,63.69,-1.95e02,-1.67e02,63.69,0.00,63.69,63.69,2023/10/29 07:49:06,2023/10/29 08:27:58,77,5.37867e-08,0.000,0,63,5.43578e-08,2.18720e-09,0,60,1.17838e-02,6.55522e-08,0,60,4.1847e-03,6.2952e-08,0,60,4.8201e-05,9.6542e-10,0,60,4.4453e-06,2.3224e-10,0,60,6.9356e-08,8.5550e-11,0,60,1.1863e-02,6.7805e-08,0,63,4.1656e-03,6.6119e-08,0,63,4.8335e-05,9.1796e-10,0,63,4.4059e-06,2.3041e-10,0,63,6.9149e-08,9.3693e-11,0,63,-6.6571,0.0009,0,60,4.5686,0.0017,0,60,-2.7706,0.0110,0,60,8.9648,0.0364,0,60,3.0721,1.5104,0,60,-10.1330,0.0009,0,60,-1.3389,0.0017,0,60,-0.3768,0.0112,0,60,-0.1916,0.0360,0,60,1.2037,1.5075,0,60,
C:\Nu Stable\Results\2023\20231027 clumped Oman 2 CH,20231027 clumped Oman 2 CH,Data_20737 IAEA-C2.txt,IAEA-C2,C:\Nu Stable\Analyses\DI\CO2 20-6-20 clumped NuCarb.rdf,Clumped CO2 Iterative,2023/10/27 17:54:40,2023/10/29 10:07:36,451,28,2.5024e-07,5.548493E-10,CF,22.522,1.000e-03,1,1.0000e-03,6304, InitialisePrepSampleRun; CheckIfCFRequired; UseCF; SampleTrapped; Chop_CF_SamSub; SampleTrapped; BalanceRefToSamValue; DepletingBalance; SampleReady;,3.6958e-08,1.5000e-07,9.7934e-08,9.8081e-08,9.8015e-08,9.7779e-08,0.96,2023/10/29 10:06:51,0.24,4341,8444,1.0000e-03,46.017,20,8,20,20,0.000,2.2663e-15,3.8411e-15,6.3729e-16,8.0629e-14,4.5737e-13,1.9394e-11,25.00,27.00,63.69,-1.95e02,-1.71e02,63.69,0.00,63.69,63.69,2023/10/29 09:10:37,2023/10/29 09:49:51,78,5.36556e-08,0.000,0,63,5.42237e-08,2.18031e-09,0,60,1.18039e-02,6.34596e-08,0,60,4.1836e-03,6.8017e-08,0,60,4.8291e-05,1.0764e-09,0,60,4.4430e-06,3.0649e-10,0,60,7.0837e-08,9.8372e-11,0,60,1.1863e-02,6.4848e-08,0,63,4.1659e-03,7.3764e-08,0,63,4.8345e-05,1.1811e-09,0,63,4.4062e-06,3.1010e-10,0,63,7.0849e-08,1.2399e-10,0,63,-4.9723,0.0012,0,60,4.2563,0.0025,0,60,-1.1194,0.0117,0,60,8.3528,0.0338,0,60,-0.3009,1.4119,0,60,-8.3291,0.0013,0,60,-1.6534,0.0025,0,60,-0.1633,0.0111,0,60,-0.1765,0.0346,0,60,-3.3507,1.4062,0,60,
C:\Nu Stable\Results\2023\20231027 clumped Oman 2 CH,20231027 clumped Oman 2 CH,Data_20738 ETH-04.txt,ETH-04,C:\Nu Stable\Analyses\DI\CO2 20-6-20 clumped NuCarb.rdf,Clumped CO2 Iterative,2023/10/27 17:54:40,2023/10/29 11:28:59,498,29,2.5020e-07,5.023996E-10,CF,26.733,1.000e-03,1,1.0000e-03,6272, InitialisePrepSampleRun; CheckIfCFRequired; UseCF; SampleTrapped; Chop_CF_SamSub; SampleTrapped; BalanceRefToSamValue; DepletingBalance; SampleReady;,3.6084e-08,1.5000e-07,1.1854e-07,1.1856e-07,1.1848e-07,1.1817e-07,0.96,2023/10/29 11:28:14,0.27,3789,8446,1.0000e-03,46.019,20,8,20,20,0.000,2.2634e-15,3.8334e-15,7.1508e-16,8.2394e-14,4.6052e-13,1.9789e-11,26.00,28.00,63.69,-1.95e02,-1.72e02,63.69,0.00,63.69,63.69,2023/10/29 10:32:00,2023/10/29 11:10:55,78,6.25007e-08,0.000,0,63,6.33461e-08,2.69569e-09,0,60,1.17751e-02,7.02829e-08,0,60,4.1421e-03,7.0105e-08,0,60,4.7681e-05,1.1053e-09,0,60,4.3553e-06,2.6104e-10,0,60,6.9291e-08,1.3696e-10,0,60,1.1863e-02,7.1607e-08,0,63,4.1653e-03,6.9627e-08,0,63,4.8330e-05,9.5503e-10,0,63,4.4048e-06,2.3108e-10,0,63,7.0744e-08,1.7035e-10,0,63,-7.4172,0.0010,0,60,-5.5836,0.0021,0,60,-13.4341,0.0090,0,60,-11.2576,0.0404,0,60,-20.8253,1.4588,0,60,-10.5898,0.0010,0,60,-11.4404,0.0021,0,60,-0.3420,0.0088,0,60,-0.1229,0.0412,0,60,-2.1116,1.4867,0,60,
C:\Nu Stable\Results\2023\20231027 clumped Oman 2 CH,20231027 clumped Oman 2 CH,Data_20739 ETH-03.txt,ETH-03,C:\Nu Stable\Analyses\DI\CO2 20-6-20 clumped NuCarb.rdf,Clumped CO2 Iterative,2023/10/27 17:54:40,2023/10/29 12:50:51,477,30,2.5025e-07,5.24626E-10,CF,23.621,1.000e-03,1,1.0000e-03,6272, InitialisePrepSampleRun; CheckIfCFRequired; UseCF; SampleTrapped; Chop_CF_SamSub; SampleTrapped; BalanceRefToSamValue; DepletingBalance; SampleReady;,3.5344e-08,1.5000e-07,1.0340e-07,1.0289e-07,1.0285e-07,1.0252e-07,0.96,2023/10/29 12:50:05,0.33,4074,8444,1.0000e-03,46.019,20,8,20,20,0.000,2.3342e-15,3.7800e-15,6.8861e-16,8.1586e-14,4.5971e-13,1.9607e-11,25.00,27.00,63.69,-1.95e02,-1.67e02,63.69,0.00,63.69,63.69,2023/10/29 11:53:16,2023/10/29 12:32:18,78,5.60409e-08,0.000,0,63,5.66362e-08,2.30858e-09,0,60,1.19146e-02,8.11812e-08,0,60,4.2146e-03,6.3201e-08,0,60,4.9106e-05,1.0949e-09,0,60,4.5090e-06,2.4410e-10,0,60,7.0498e-08,9.7872e-11,0,60,1.1863e-02,2.3970e-07,0,63,4.1660e-03,1.8919e-07,0,63,4.8342e-05,3.0436e-09,0,63,4.4066e-06,4.8078e-10,0,63,6.9339e-08,1.2342e-10,0,63,4.3248,0.0149,0,60,11.6454,0.0379,0,60,15.8039,0.0505,0,60,23.2356,0.0743,0,60,16.8327,1.7771,0,60,1.3103,0.0146,0,60,5.6796,0.0377,0,60,-0.1618,0.0145,0,60,-0.1864,0.0527,0,60,-10.6151,1.7332,0,60,
C:\Nu Stable\Results\2023\20231027 clumped Oman 2 CH,20231027 clumped Oman 2 CH,Data_20740 MDE2 B6.9.txt,MDE2 B6.9,C:\Nu Stable\Analyses\DI\CO2 20-6-20 clumped NuCarb.rdf,Clumped CO2 Iterative,2023/10/27 17:54:40,2023/10/29 14:18:25,401,31,2.3975e-07,5.978817E-10,CF,17.822,1.000e-03,1,1.0000e-03,6304, InitialisePrepSampleRun; CheckIfCFRequired; UseCF; SampleTrapped; Chop_CF_SamSub; SampleTrapped; BalanceRefToSamValue; DepletingBalance; SampleReady;,4.2605e-08,1.5000e-07,7.5138e-08,7.5268e-08,7.5195e-08,7.5039e-08,0.96,2023/10/29 14:17:39,0.21,5701,8450,1.0000e-03,46.017,20,8,20,20,0.000,2.3044e-15,3.7193e-15,6.7180e-16,7.8419e-14,4.5142e-13,1.8958e-11,24.00,25.00,63.69,-1.95e02,-1.58e02,63.69,0.00,63.69,63.69,2023/10/29 13:14:43,2023/10/29 13:53:57,78,4.33394e-08,0.000,0,63,4.37368e-08,1.62273e-09,0,60,1.17554e-02,5.38418e-08,0,60,4.1884e-03,6.3686e-08,0,60,4.8139e-05,1.2656e-09,0,60,4.4551e-06,1.7211e-10,0,60,7.0150e-08,1.1701e-10,0,60,1.1862e-02,6.1743e-08,0,63,4.1661e-03,6.6640e-08,0,63,4.8350e-05,1.2505e-09,0,63,4.4086e-06,1.5804e-10,0,63,7.0160e-08,1.5688e-10,0,63,-9.0253,0.0011,0,60,5.3594,0.0019,0,60,-4.3646,0.0111,0,60,10.5676,0.0358,0,60,-0.8809,2.2634,0,60,-12.6807,0.0012,0,60,-0.5467,0.0019,0,60,-0.2906,0.0108,0,60,-0.1781,0.0350,0,60,-1.7529,2.2606,0,60,
C:\Nu Stable\Results\2023\20231027 clumped Oman 2 CH,20231027 clumped Oman 2 CH,Data_20741 MDE BKFF B1.txt,MDE BKFF B1,C:\Nu Stable\Analyses\DI\CO2 20-6-20 clumped NuCarb.rdf,Clumped CO2 Iterative,2023/10/27 17:54:40,2023/10/29 15:40:21,382,32,2.4881e-07,6.513382E-10,CF,18.555,1.000e-03,1,1.0000e-03,6272, InitialisePrepSampleRun; CheckIfCFRequired; UseCF; SampleTrapped; Chop_CF_SamSub; SampleTrapped; BalanceRefToSamValue; DepletingBalance; SampleReady;,4.1856e-08,1.5000e-07,7.9748e-08,8.0580e-08,8.0521e-08,8.0352e-08,0.96,2023/10/29 15:39:35,0.21,5386,8448,1.0000e-03,46.019,20,8,20,20,0.000,2.2334e-15,3.7617e-15,6.1244e-16,7.8832e-14,4.5285e-13,1.9014e-11,24.00,26.00,63.69,-1.95e02,-1.64e02,63.69,0.00,63.69,63.69,2023/10/29 14:42:23,2023/10/29 15:21:43,78,4.58505e-08,0.000,0,63,4.61623e-08,1.75658e-09,0,60,1.18176e-02,5.71254e-08,0,60,4.1798e-03,6.8355e-08,0,60,4.8302e-05,1.2133e-09,0,60,4.4343e-06,2.4236e-10,0,60,7.2205e-08,1.3627e-10,0,60,1.1863e-02,6.0195e-08,0,63,4.1659e-03,6.6425e-08,0,63,4.8343e-05,1.2414e-09,0,63,4.4052e-06,2.2627e-10,0,63,7.1841e-08,1.6088e-10,0,63,-3.7893,0.0012,0,60,3.3303,0.0020,0,60,-0.8470,0.0117,0,60,6.6096,0.0413,0,60,4.4344,1.7908,0,60,-7.0379,0.0012,0,60,-2.5774,0.0020,0,60,-0.2073,0.0113,0,60,-0.0618,0.0405,0,60,1.9223,1.7867,0,60,
C:\Nu Stable\Results\2023\20231027 clumped Oman 2 CH,20231027 clumped Oman 2 CH,Data_20742 MDE2 176.txt,MDE2 176,C:\Nu Stable\Analyses\DI\CO2 20-6-20 clumped NuCarb.rdf,Clumped CO2 Iterative,2023/10/27 17:54:40,2023/10/29 17:02:11,449,33,2.5028e-07,5.574254E-10,CF,20.782,1.000e-03,1,1.0000e-03,6304, InitialisePrepSampleRun; CheckIfCFRequired; UseCF; SampleTrapped; Chop_CF_SamSub; SampleTrapped; BalanceRefToSamValue; DepletingBalance; SampleReady;,4.1191e-08,1.5000e-07,9.0694e-08,9.0782e-08,9.0686e-08,9.0502e-08,0.96,2023/10/29 17:01:26,0.20,4931,8448,1.0000e-03,46.019,20,8,20,20,0.000,2.3314e-15,3.7168e-15,6.6161e-16,7.9708e-14,4.5462e-13,1.9194e-11,24.00,26.00,63.69,-1.95e02,-1.68e02,63.69,0.00,63.69,63.69,2023/10/29 16:04:24,2023/10/29 16:43:40,78,5.05270e-08,0.000,0,63,5.09767e-08,2.00046e-09,0,60,1.17838e-02,6.47806e-08,0,60,4.1858e-03,6.1316e-08,0,60,4.8220e-05,1.0440e-09,0,60,4.4481e-06,1.9130e-10,0,60,6.9608e-08,9.4354e-11,0,60,1.1863e-02,6.5960e-08,0,63,4.1658e-03,6.6435e-08,0,63,4.8340e-05,1.0967e-09,0,63,4.4063e-06,1.7026e-10,0,63,6.9393e-08,1.0954e-10,0,63,-6.6537,0.0008,0,60,4.8080,0.0021,0,60,-2.4759,0.0116,0,60,9.4698,0.0387,0,60,2.6512,1.4654,0,60,-10.1377,0.0009,0,60,-1.1007,0.0021,0,60,-0.3194,0.0120,0,60,-0.1677,0.0388,0,60,0.3111,1.4617,0,60,
C:\Nu Stable\Results\2023\20231027 clumped Oman 2 CH,20231027 clumped Oman 2 CH,Data_20743 ETH-01.txt,ETH-01,C:\Nu Stable\Analyses\DI\CO2 20-6-20 clumped NuCarb.rdf,Clumped CO2 Iterative,2023/10/27 17:54:40,2023/10/29 18:23:46,449,34,2.5027e-07,5.573872E-10,CF,22.949,1.000e-03,1,1.0000e-03,6272, InitialisePrepSampleRun; CheckIfCFRequired; UseCF; SampleTrapped; Chop_CF_SamSub; SampleTrapped; BalanceRefToSamValue; DepletingBalance; SampleReady;,4.0359e-08,1.5000e-07,1.0114e-07,1.0147e-07,1.0138e-07,1.0115e-07,0.96,2023/10/29 18:23:00,0.22,4533,8448,1.0000e-03,46.019,20,8,20,20,0.000,2.2931e-15,3.7726e-15,6.6519e-16,8.0813e-14,4.5742e-13,1.9500e-11,25.00,27.00,63.69,-1.95e02,-1.66e02,63.69,0.00,63.69,63.69,2023/10/29 17:26:15,2023/10/29 18:05:31,79,5.52912e-08,0.000,0,63,5.59641e-08,2.27278e-09,0,60,1.19175e-02,6.94885e-08,0,60,4.2122e-03,6.4574e-08,0,60,4.9074e-05,1.0335e-09,0,60,4.5042e-06,2.3291e-10,0,60,7.1335e-08,1.0849e-10,0,60,1.1863e-02,6.1902e-08,0,63,4.1657e-03,7.2582e-08,0,63,4.8339e-05,1.1084e-09,0,63,4.4067e-06,2.0658e-10,0,63,7.0166e-08,1.5973e-10,0,63,4.6021,0.0009,0,60,11.1586,0.0026,0,60,15.1969,0.0093,0,60,22.1211,0.0353,0,60,16.1635,1.8071,0,60,1.6222,0.0009,0,60,5.1946,0.0026,0,60,-0.5701,0.0091,0,60,-0.3137,0.0342,0,60,-10.6209,1.7574,0,60,
C:\Nu Stable\Results\2023\20231027 clumped Oman 2 CH,20231027 clumped Oman 2 CH,Data_20744 IAEA-C2.txt,IAEA-C2,C:\Nu Stable\Analyses\DI\CO2 20-6-20 clumped NuCarb.rdf,Clumped CO2 Iterative,2023/10/27 17:54:40,2023/10/29 19:44:31,398,35,2.5029e-07,6.288738E-10,CF,18.921,1.000e-03,1,1.0000e-03,6304, InitialisePrepSampleRun; CheckIfCFRequired; UseCF; SampleTrapped; Chop_CF_SamSub; SampleTrapped; BalanceRefToSamValue; DepletingBalance; SampleReady;,3.9774e-08,1.5000e-07,8.2875e-08,8.3232e-08,8.3150e-08,8.2996e-08,0.96,2023/10/29 19:43:45,0.19,5067,8447,1.0000e-03,46.019,20,8,20,20,0.000,2.3122e-15,3.8125e-15,6.8057e-16,7.9367e-14,4.5412e-13,1.9139e-11,24.00,26.00,63.69,-1.95e02,-1.62e02,63.69,0.00,63.69,63.69,2023/10/29 18:48:03,2023/10/29 19:27:05,78,4.70722e-08,0.000,0,63,4.74109e-08,1.81571e-09,0,60,1.18037e-02,6.17003e-08,0,60,4.1837e-03,6.1889e-08,0,60,4.8289e-05,1.0559e-09,0,60,4.4418e-06,2.7798e-10,0,60,7.0214e-08,9.8481e-11,0,60,1.1863e-02,6.3017e-08,0,63,4.1659e-03,6.4248e-08,0,63,4.8342e-05,9.3299e-10,0,63,4.4046e-06,2.9520e-10,0,63,6.9830e-08,1.2965e-10,0,63,-4.9661,0.0008,0,60,4.2603,0.0015,0,60,-1.0805,0.0119,0,60,8.4562,0.0344,0,60,5.3427,2.0177,0,60,-8.3226,0.0008,0,60,-1.6494,0.0015,0,60,-0.1346,0.0122,0,60,-0.0820,0.0341,0,60,2.2613,2.0113,0,60,
C:\Nu Stable\Results\2023\20231027 clumped Oman 2 CH,20231027 clumped Oman 2 CH,Data_20745 MDE2 B6.9.txt,MDE2 B6.9,C:\Nu Stable\Analyses\DI\CO2 20-6-20 clumped NuCarb.rdf,Clumped CO2 Iterative,2023/10/27 17:54:40,2023/10/29 21:05:45,486,36,2.5027e-07,5.149633E-10,CF,22.186,1.000e-03,1,1.0000e-03,6304, InitialisePrepSampleRun; CheckIfCFRequired; UseCF; SampleTrapped; Chop_CF_SamSub; SampleTrapped; BalanceRefToSamValue; DepletingBalance; SampleReady;,3.8799e-08,1.5000e-07,9.6529e-08,9.6819e-08,9.6723e-08,9.6502e-08,0.96,2023/10/29 21:04:59,0.23,4543,8447,1.0000e-03,46.019,20,8,20,20,0.000,2.2400e-15,3.7873e-15,7.0918e-16,8.0198e-14,4.5580e-13,1.9316e-11,25.00,26.00,63.69,-1.95e02,-1.58e02,63.69,0.00,63.69,63.69,2023/10/29 20:08:48,2023/10/29 20:47:51,78,5.31982e-08,0.000,0,63,5.37931e-08,2.15300e-09,0,60,1.17561e-02,9.28379e-08,0,60,4.1881e-03,6.8007e-08,0,60,4.8130e-05,9.7586e-10,0,60,4.4525e-06,2.6127e-10,0,60,7.1561e-08,1.6288e-10,0,60,1.1863e-02,7.0480e-08,0,63,4.1658e-03,6.4920e-08,0,63,4.8341e-05,8.9388e-10,0,63,4.4064e-06,2.3456e-10,0,63,7.1158e-08,1.6209e-10,0,63,-8.9912,0.0056,0,60,5.3554,0.0098,0,60,-4.3563,0.0116,0,60,10.4504,0.0434,0,60,5.4495,1.2991,0,60,-12.6443,0.0057,0,60,-0.5508,0.0097,0,60,-0.3139,0.0148,0,60,-0.2861,0.0520,0,60,4.5437,1.3053,0,60,
C:\Nu Stable\Results\2023\20231027 clumped Oman 2 CH,20231027 clumped Oman 2 CH,Data_20746 MDS 220.5.txt,MDS 220.5,C:\Nu Stable\Analyses\DI\CO2 20-6-20 clumped NuCarb.rdf,Clumped CO2 Iterative,2023/10/27 17:54:40,2023/10/29 22:27:12,451,37,2.5032e-07,5.550274E-10,CF,21.667,1.000e-03,1,1.0000e-03,6304, InitialisePrepSampleRun; CheckIfCFRequired; UseCF; SampleTrapped; Chop_CF_SamSub; SampleTrapped; BalanceRefToSamValue; DepletingBalance; SampleReady;,3.8125e-08,1.5000e-07,9.4130e-08,9.4510e-08,9.4434e-08,9.4219e-08,0.96,2023/10/29 22:26:26,0.23,4544,8447,1.0000e-03,46.019,20,8,20,20,0.000,2.3512e-15,3.7812e-15,6.3211e-16,7.9980e-14,4.5651e-13,1.9304e-11,25.00,26.00,63.69,-1.95e02,-1.66e02,63.69,0.00,63.69,63.69,2023/10/29 21:30:05,2023/10/29 22:09:05,78,5.22234e-08,0.000,0,63,5.27244e-08,2.09685e-09,0,60,1.18291e-02,6.71726e-08,0,60,4.1903e-03,6.3342e-08,0,60,4.8463e-05,1.0554e-09,0,60,4.4573e-06,2.4050e-10,0,60,6.9372e-08,9.0143e-11,0,60,1.1863e-02,6.1962e-08,0,63,4.1659e-03,7.1510e-08,0,63,4.8344e-05,1.1498e-09,0,63,4.4064e-06,2.6131e-10,0,63,6.8727e-08,1.0999e-10,0,63,-2.8387,0.0018,0,60,5.8739,0.0059,0,60,2.4591,0.0128,0,60,11.5386,0.0306,0,60,9.2320,1.5269,0,60,-6.1143,0.0019,0,60,-0.0483,0.0059,0,60,-0.3784,0.0106,0,60,-0.2409,0.0316,0,60,0.6908,1.5138,0,60,
C:\Nu Stable\Results\2023\20231027 clumped Oman 2 CH,20231027 clumped Oman 2 CH,Data_20747 MDS 5.0.txt,MDS 5.0,C:\Nu Stable\Analyses\DI\CO2 20-6-20 clumped NuCarb.rdf,Clumped CO2 Iterative,2023/10/27 17:54:40,2023/10/29 23:51:10,381,38,2.3521e-07,6.173443E-10,CF,16.846,1.000e-03,1,1.0000e-03,6304, InitialisePrepSampleRun; CheckIfCFRequired; UseCF; SampleTrapped; Chop_CF_SamSub; SampleTrapped; BalanceRefToSamValue; DepletingBalance; SampleReady;,3.7288e-08,1.5000e-07,7.2688e-08,6.9440e-08,6.9394e-08,6.9268e-08,0.96,2023/10/29 23:50:25,0.18,5450,8446,1.0000e-03,46.021,20,8,20,20,0.000,2.3044e-15,3.7823e-15,6.6859e-16,7.7382e-14,4.4850e-13,1.8766e-11,23.00,25.00,63.69,-1.95e02,-1.54e02,63.69,0.00,63.69,63.69,2023/10/29 22:51:23,2023/10/29 23:30:32,79,4.05573e-08,0.000,0,63,4.08646e-08,1.47755e-09,0,60,1.17835e-02,9.71059e-08,0,60,4.1851e-03,8.7349e-08,0,60,4.8206e-05,1.1622e-09,0,60,4.4409e-06,3.4006e-10,0,60,7.0585e-08,1.2126e-10,0,60,1.1863e-02,1.2703e-07,0,63,4.1663e-03,8.8078e-08,0,63,4.8341e-05,1.1029e-09,0,63,4.4017e-06,3.4731e-10,0,63,7.0003e-08,1.3061e-10,0,63,-6.6595,0.0062,0,60,4.5276,0.0108,0,60,-2.7756,0.0169,0,60,8.9060,0.0548,0,60,8.1950,1.6360,0,60,-10.1341,0.0063,0,60,-1.3797,0.0108,0,60,-0.3392,0.0197,0,60,-0.1683,0.0620,0,60,6.4015,1.6436,0,60,
C:\Nu Stable\Results\2023\20231027 clumped Oman 2 CH,20231027 clumped Oman 2 CH,Data_20748 ETH-04.txt,ETH-04,C:\Nu Stable\Analyses\DI\CO2 20-6-20 clumped NuCarb.rdf,Clumped CO2 Iterative,2023/10/27 17:54:40,2023/10/30 01:13:12,410,39,2.5030e-07,6.104892E-10,CF,20.782,1.000e-03,1,1.0000e-03,6272, InitialisePrepSampleRun; CheckIfCFRequired; UseCF; SampleTrapped; Chop_CF_SamSub; SampleTrapped; BalanceRefToSamValue; DepletingBalance; SampleReady;,3.6464e-08,1.5000e-07,8.8477e-08,8.8633e-08,8.8567e-08,8.8381e-08,0.96,2023/10/30 01:12:27,0.21,4604,8446,1.0000e-03,46.019,20,8,20,20,0.000,2.3323e-15,3.7236e-15,6.9916e-16,7.8512e-14,4.5220e-13,1.8944e-11,24.00,26.00,63.69,-1.95e02,-1.61e02,63.69,0.00,63.69,63.69,2023/10/30 00:12:56,2023/10/30 00:54:29,83,4.95118e-08,0.000,0,63,4.99887e-08,1.94521e-09,0,60,1.17747e-02,6.50075e-08,0,60,4.1425e-03,6.3471e-08,0,60,4.7694e-05,1.0306e-09,0,60,4.3581e-06,2.0204e-10,0,60,6.8792e-08,9.4994e-11,0,60,1.1863e-02,6.5676e-08,0,63,4.1658e-03,6.0529e-08,0,63,4.8342e-05,8.9828e-10,0,63,4.4074e-06,1.8957e-10,0,63,6.9339e-08,1.3065e-10,0,63,-7.4169,0.0007,0,60,-5.5796,0.0015,0,60,-13.4133,0.0094,0,60,-11.1816,0.0394,0,60,-8.2804,1.5377,0,60,-10.5895,0.0008,0,60,-11.4364,0.0015,0,60,-0.3253,0.0093,0,60,-0.0541,0.0403,0,60,10.6647,1.5669,0,60,
C:\Nu Stable\Results\2023\20231027 clumped Oman 2 CH,20231027 clumped Oman 2 CH,Data_20749 ETH-02.txt,ETH-02,C:\Nu Stable\Analyses\DI\CO2 20-6-20 clumped NuCarb.rdf,Clumped CO2 Iterative,2023/10/27 17:54:40,2023/10/30 02:35:17,410,40,2.2400e-07,5.463491E-10,CF,16.388,1.000e-03,1,1.0000e-03,6272, InitialisePrepSampleRun; CheckIfCFRequired; UseCF; SampleTrapped; Chop_CF_SamSub; SampleTrapped; BalanceRefToSamValue; DepletingBalance; SampleReady;,3.5931e-08,1.5000e-07,6.8469e-08,6.8612e-08,6.8565e-08,6.8419e-08,0.96,2023/10/30 02:34:32,0.21,5352,8444,1.0000e-03,46.019,20,8,20,20,0.000,2.2684e-15,3.7274e-15,6.5303e-16,7.6758e-14,4.4757e-13,1.8609e-11,23.00,25.00,63.69,-1.95e02,-1.62e02,63.69,0.00,63.69,63.69,2023/10/30 01:37:09,2023/10/30 02:16:32,78,4.01357e-08,0.000,0,63,4.04480e-08,1.46193e-09,0,60,1.17764e-02,5.24983e-08,0,60,4.1437e-03,6.7890e-08,0,60,4.7709e-05,1.4688e-09,0,60,4.3592e-06,1.8550e-10,0,60,7.0701e-08,1.2632e-10,0,60,1.1862e-02,5.7395e-08,0,63,4.1661e-03,6.4706e-08,0,63,4.8350e-05,1.3880e-09,0,63,4.4068e-06,2.0596e-10,0,63,7.0970e-08,1.4251e-10,0,63,-7.2513,0.0010,0,60,-5.3892,0.0019,0,60,-13.2450,0.0106,0,60,-10.8085,0.0512,0,60,-3.8419,1.7228,0,60,-10.4199,0.0010,0,60,-11.2473,0.0018,0,60,-0.5149,0.0109,0,60,-0.0598,0.0517,0,60,14.6256,1.7548,0,60,
C:\Nu Stable\Results\2023\20231027 clumped Oman 2 CH,20231027 clumped Oman 2 CH,Data_20750 MDE BKFF B1.txt,MDE BKFF B1,C:\Nu Stable\Analyses\DI\CO2 20-6-20 clumped NuCarb.rdf,Clumped CO2 Iterative,2023/10/27 17:54:40,2023/10/30 04:02:33,476,41,2.5029e-07,5.258125E-10,CF,24.933,1.000e-03,1,1.0000e-03,6304, InitialisePrepSampleRun; CheckIfCFRequired; UseCF; SampleTrapped; Chop_CF_SamSub; SampleTrapped; BalanceRefToSamValue; DepletingBalance; SampleReady;,4.2868e-08,1.5000e-07,1.0970e-07,1.1011e-07,1.1004e-07,1.0973e-07,0.96,2023/10/30 04:01:47,0.29,4496,8449,1.0000e-03,46.021,20,8,20,20,0.000,2.3128e-15,3.7390e-15,7.1561e-16,8.0590e-14,4.5676e-13,1.9415e-11,25.00,27.00,63.69,-1.95e02,-1.62e02,63.69,0.00,63.69,63.69,2023/10/30 02:59:09,2023/10/30 03:38:37,78,5.89166e-08,0.000,0,63,5.95949e-08,2.48152e-09,0,60,1.18158e-02,7.07318e-08,0,60,4.1794e-03,6.7033e-08,0,60,4.8285e-05,9.9518e-10,0,60,4.4357e-06,1.9396e-10,0,60,6.9494e-08,1.2476e-10,0,60,1.1863e-02,7.1010e-08,0,63,4.1655e-03,7.0500e-08,0,63,4.8335e-05,1.0316e-09,0,63,4.4071e-06,1.9039e-10,0,63,6.9182e-08,1.1484e-10,0,63,-3.9778,0.0017,0,60,3.3184,0.0021,0,60,-1.0404,0.0099,0,60,6.4830,0.0344,0,60,4.3352,1.4089,0,60,-7.2382,0.0018,0,60,-2.5889,0.0021,0,60,-0.1942,0.0097,0,60,-0.1638,0.0342,0,60,2.0482,1.4048,0,60,
C:\Nu Stable\Results\2023\20231027 clumped Oman 2 CH,20231027 clumped Oman 2 CH,Data_20751 MDS 211.5.txt,MDS 211.5,C:\Nu Stable\Analyses\DI\CO2 20-6-20 clumped NuCarb.rdf,Clumped CO2 Iterative,2023/10/27 17:54:40,2023/10/30 05:23:18,478,42,2.5029e-07,5.236122E-10,CF,23.834,1.000e-03,1,1.0000e-03,6304, InitialisePrepSampleRun; CheckIfCFRequired; UseCF; SampleTrapped; Chop_CF_SamSub; SampleTrapped; BalanceRefToSamValue; DepletingBalance; SampleReady;,4.2225e-08,1.5000e-07,1.0609e-07,1.0649e-07,1.0641e-07,1.0614e-07,0.96,2023/10/30 05:22:33,0.26,4526,8449,1.0000e-03,46.021,20,8,20,20,0.000,2.3010e-15,3.8188e-15,6.7860e-16,8.1782e-14,4.5955e-13,1.9662e-11,25.00,27.00,63.69,-1.95e02,-1.67e02,63.69,0.00,63.69,63.69,2023/10/30 04:26:52,2023/10/30 05:05:53,78,5.73840e-08,0.000,0,63,5.80427e-08,2.39523e-09,0,60,1.18085e-02,1.95403e-07,0,60,4.1876e-03,1.0549e-07,0,60,4.8345e-05,1.3576e-09,0,60,4.4516e-06,4.1360e-10,0,60,6.9881e-08,1.4399e-10,0,60,1.1863e-02,6.9952e-08,0,63,4.1656e-03,7.8149e-08,0,63,4.8339e-05,1.1790e-09,0,63,4.4060e-06,2.0210e-10,0,63,6.9465e-08,1.0840e-10,0,63,-4.5886,0.0165,0,60,5.2818,0.0177,0,60,0.1288,0.0150,0,60,10.3432,0.0754,0,60,5.9381,1.8025,0,60,-7.9562,0.0170,0,60,-0.6337,0.0176,0,60,-0.3161,0.0324,0,60,-0.2456,0.1004,0,60,0.4512,1.8227,0,60,
C:\Nu Stable\Results\2023\20231027 clumped Oman 2 CH,20231027 clumped Oman 2 CH,Data_20752 MDS 220.5.txt,MDS 220.5,C:\Nu Stable\Analyses\DI\CO2 20-6-20 clumped NuCarb.rdf,Clumped CO2 Iterative,2023/10/27 17:54:40,2023/10/30 06:45:11,411,43,2.5028e-07,6.089507E-10,CF,18.738,1.000e-03,1,1.0000e-03,6304, InitialisePrepSampleRun; CheckIfCFRequired; UseCF; SampleTrapped; Chop_CF_SamSub; SampleTrapped; BalanceRefToSamValue; DepletingBalance; SampleReady;,4.1252e-08,1.5000e-07,8.1069e-08,8.1749e-08,8.1716e-08,8.1569e-08,0.96,2023/10/30 06:44:26,0.18,5260,8448,1.0000e-03,46.019,20,8,20,20,0.000,2.3464e-15,3.7478e-15,6.5947e-16,7.9163e-14,4.5292e-13,1.9124e-11,24.00,26.00,63.69,-1.95e02,-1.65e02,63.69,0.00,63.69,63.69,2023/10/30 05:47:37,2023/10/30 06:26:38,78,4.64934e-08,0.000,0,63,4.68528e-08,1.78535e-09,0,60,1.18291e-02,8.94274e-08,0,60,4.1906e-03,6.6841e-08,0,60,4.8470e-05,1.2831e-09,0,60,4.4597e-06,2.6499e-10,0,60,6.9438e-08,1.0613e-10,0,60,1.1863e-02,5.4495e-08,0,63,4.1659e-03,6.9713e-08,0,63,4.8350e-05,1.1804e-09,0,63,4.4090e-06,2.1015e-10,0,63,6.8645e-08,1.2004e-10,0,63,-2.8218,0.0057,0,60,5.9162,0.0068,0,60,2.4824,0.0112,0,60,11.4939,0.0555,0,60,10.8897,1.7029,0,60,-6.0978,0.0058,0,60,-0.0062,0.0067,0,60,-0.4141,0.0183,0,60,-0.3691,0.0636,0,60,2.2340,1.6932,0,60,
C:\Nu Stable\Results\2023\20231027 clumped Oman 2 CH,20231027 clumped Oman 2 CH,Data_20753 ETH-03.txt,ETH-03,C:\Nu Stable\Analyses\DI\CO2 20-6-20 clumped NuCarb.rdf,Clumped CO2 Iterative,2023/10/27 17:54:40,2023/10/30 08:05:59,440,44,2.5027e-07,5.687942E-10,CF,20.996,1.000e-03,1,1.0000e-03,6304, InitialisePrepSampleRun; CheckIfCFRequired; UseCF; SampleTrapped; Chop_CF_SamSub; SampleTrapped; BalanceRefToSamValue; DepletingBalance; SampleReady;,4.0428e-08,1.5000e-07,9.1455e-08,9.1628e-08,9.1559e-08,9.1358e-08,0.96,2023/10/30 08:05:13,0.22,4836,8448,1.0000e-03,46.021,20,8,20,20,0.000,2.2557e-15,3.7673e-15,6.8629e-16,7.9563e-14,4.5440e-13,1.9175e-11,24.00,26.00,63.69,-1.95e02,-1.60e02,63.69,0.00,63.69,63.69,2023/10/30 07:09:21,2023/10/30 07:48:28,78,5.08058e-08,0.000,0,63,5.14330e-08,2.02300e-09,0,60,1.19151e-02,4.04013e-07,0,60,4.2150e-03,1.9990e-07,0,60,4.9116e-05,2.3277e-09,0,60,4.5085e-06,3.3807e-10,0,60,7.1904e-08,1.7841e-10,0,60,1.1864e-02,3.7181e-07,0,63,4.1667e-03,2.0014e-07,0,63,4.8353e-05,2.0127e-09,0,63,4.4059e-06,4.6276e-10,0,63,7.0105e-08,1.9391e-10,0,63,4.2942,0.0292,0,60,11.6012,0.0391,0,60,15.7998,0.0406,0,60,23.2593,0.0752,0,60,25.2435,1.6051,0,60,1.2793,0.0299,0,60,5.6357,0.0388,0,60,-0.0914,0.0377,0,60,-0.0757,0.1062,0,60,-2.3099,1.6035,0,60,
C:\Nu Stable\Results\2023\20231027 clumped Oman 2 CH,20231027 clumped Oman 2 CH,Data_20754 ETH-04.txt,ETH-04,C:\Nu Stable\Analyses\DI\CO2 20-6-20 clumped NuCarb.rdf,Clumped CO2 Iterative,2023/10/27 17:54:40,2023/10/30 09:27:17,457,45,2.5027e-07,5.476409E-10,CF,22.247,1.000e-03,1,1.0000e-03,6304, InitialisePrepSampleRun; CheckIfCFRequired; UseCF; SampleTrapped; Chop_CF_SamSub; SampleTrapped; BalanceRefToSamValue; DepletingBalance; SampleReady;,3.9679e-08,1.5000e-07,9.8962e-08,9.9270e-08,9.9202e-08,9.8970e-08,0.96,2023/10/30 09:26:31,0.23,4535,8447,1.0000e-03,46.024,20,8,20,20,0.000,2.2638e-15,3.7370e-15,6.6769e-16,8.0293e-14,4.5540e-13,1.9342e-11,25.00,26.00,63.69,-1.95e02,-1.74e02,63.69,0.00,63.69,63.69,2023/10/30 08:30:30,2023/10/30 09:09:20,78,5.43183e-08,0.000,0,63,5.48757e-08,2.21598e-09,0,60,1.17754e-02,2.29959e-07,0,60,4.1425e-03,2.3150e-07,0,60,4.7688e-05,3.2207e-09,0,60,4.3548e-06,2.9193e-10,0,60,6.9277e-08,1.6689e-10,0,60,1.1863e-02,1.3530e-07,0,63,4.1657e-03,8.0609e-08,0,63,4.8334e-05,1.0624e-09,0,63,4.4044e-06,3.0253e-10,0,63,6.9930e-08,1.4354e-10,0,63,-7.3968,0.0187,0,60,-5.5490,0.0559,0,60,-13.3751,0.0678,0,60,-11.2782,0.0544,0,60,-9.6531,1.7950,0,60,-10.5692,0.0182,0,60,-11.4059,0.0556,0,60,-0.3377,0.0168,0,60,-0.2131,0.1029,0,60,9.1924,1.9104,0,60,
C:\Nu Stable\Results\2023\20231027 clumped Oman 2 CH,20231027 clumped Oman 2 CH,Data_20755 MDE BKFF A.txt,MDE BKFF A,C:\Nu Stable\Analyses\DI\CO2 20-6-20 clumped NuCarb.rdf,Clumped CO2 Iterative,2023/10/27 17:54:40,2023/10/30 10:48:36,497,46,2.5029e-07,5.035937E-10,CF,24.841,1.000e-03,1,1.0000e-03,6304, InitialisePrepSampleRun; CheckIfCFRequired; UseCF; SampleTrapped; Chop_CF_SamSub; SampleTrapped; BalanceRefToSamValue; DepletingBalance; SampleReady;,3.8772e-08,1.5000e-07,1.0994e-07,1.1078e-07,1.1071e-07,1.1041e-07,0.96,2023/10/30 10:47:50,0.27,4165,8448,1.0000e-03,46.026,20,8,20,20,0.000,2.3212e-15,3.7420e-15,6.8647e-16,8.0736e-14,4.5801e-13,1.9461e-11,25.00,27.00,63.69,-1.95e02,-1.71e02,63.69,0.00,63.69,63.69,2023/10/30 09:51:17,2023/10/30 10:30:31,79,5.92341e-08,0.000,0,63,6.00153e-08,2.49959e-09,0,60,1.18278e-02,8.32036e-08,0,60,4.1849e-03,6.8031e-08,0,60,4.8385e-05,9.7647e-10,0,60,4.4426e-06,3.0455e-10,0,60,6.8631e-08,1.0510e-10,0,60,1.1863e-02,9.6135e-08,0,63,4.1655e-03,6.5412e-08,0,63,4.8322e-05,1.0289e-09,0,63,4.4017e-06,2.4518e-10,0,63,6.8332e-08,1.2701e-10,0,63,-2.9463,0.0046,0,60,4.6649,0.0081,0,60,1.3051,0.0160,0,60,9.2774,0.0512,0,60,3.9575,1.4288,0,60,-6.1870,0.0046,0,60,-1.2512,0.0080,0,60,-0.2355,0.0198,0,60,-0.0734,0.0566,0,60,-2.0664,1.4237,0,60,
C:\Nu Stable\Results\2023\20231027 clumped Oman 2 CH,20231027 clumped Oman 2 CH,Data_20756 ETH-01.txt,ETH-01,C:\Nu Stable\Analyses\DI\CO2 20-6-20 clumped NuCarb.rdf,Clumped CO2 Iterative,2023/10/27 17:54:40,2023/10/30 12:10:27,467,47,2.5021e-07,5.357794E-10,CF,24.261,1.000e-03,1,1.0000e-03,6304, InitialisePrepSampleRun; CheckIfCFRequired; UseCF; SampleTrapped; Chop_CF_SamSub; SampleTrapped; BalanceRefToSamValue; DepletingBalance; SampleReady;,3.8173e-08,1.5000e-07,1.0688e-07,1.0681e-07,1.0667e-07,1.0646e-07,0.96,2023/10/30 12:09:41,0.20,4199,8448,1.0000e-03,46.021,20,8,20,20,0.000,2.3117e-15,3.7319e-15,6.6018e-16,8.1271e-14,4.5828e-13,1.9529e-11,25.00,27.00,63.69,-1.95e02,-1.73e02,63.69,0.00,63.69,63.69,2023/10/30 11:13:02,2023/10/30 11:51:56,78,5.75003e-08,0.000,0,63,5.80646e-08,2.39723e-09,0,60,1.19179e-02,7.13358e-08,0,60,4.2122e-03,6.3668e-08,0,60,4.9072e-05,8.9835e-10,0,60,4.5031e-06,2.3498e-10,0,60,6.9827e-08,1.1148e-10,0,60,1.1863e-02,6.5873e-08,0,63,4.1657e-03,7.2162e-08,0,63,4.8339e-05,1.0914e-09,0,63,4.4055e-06,2.2573e-10,0,63,6.8464e-08,9.9105e-11,0,63,4.6017,0.0020,0,60,11.1438,0.0046,0,60,15.1723,0.0104,0,60,22.1464,0.0354,0,60,19.5753,1.3584,0,60,1.6223,0.0020,0,60,5.1799,0.0045,0,60,-0.5795,0.0086,0,60,-0.2596,0.0368,0,60,-7.2696,1.3244,0,60,
C:\Nu Stable\Results\2023\20231027 clumped Oman 2 CH,20231027 clumped Oman 2 CH,Data_20757 MDS 211.5.txt,MDS 211.5,C:\Nu Stable\Analyses\DI\CO2 20-6-20 clumped NuCarb.rdf,Clumped CO2 Iterative,2023/10/27 17:54:40,2023/10/30 13:32:15,406,48,2.5014e-07,6.161183E-10,CF,19.806,1.000e-03,1,1.0000e-03,6272, InitialisePrepSampleRun; CheckIfCFRequired; UseCF; SampleTrapped; Chop_CF_SamSub; SampleTrapped; BalanceRefToSamValue; DepletingBalance; SampleReady;,3.7179e-08,1.5000e-07,8.5238e-08,8.5377e-08,8.5312e-08,8.5119e-08,0.96,2023/10/30 13:31:30,0.23,4761,8447,1.0000e-03,46.019,20,8,20,20,0.000,2.3185e-15,3.7483e-15,6.1888e-16,7.8973e-14,4.5279e-13,1.9004e-11,24.00,26.00,63.69,-1.95e02,-1.69e02,63.69,0.00,63.69,63.69,2023/10/30 12:34:18,2023/10/30 13:13:45,79,4.80326e-08,0.000,0,63,4.85338e-08,1.86695e-09,0,60,1.18087e-02,6.15306e-08,0,60,4.1880e-03,6.1349e-08,0,60,4.8356e-05,1.1445e-09,0,60,4.4521e-06,2.2741e-10,0,60,6.9156e-08,1.0260e-10,0,60,1.1863e-02,6.1263e-08,0,63,4.1660e-03,6.6485e-08,0,63,4.8348e-05,1.1005e-09,0,63,4.4063e-06,2.3738e-10,0,63,6.8429e-08,1.1209e-10,0,63,-4.5817,0.0007,0,60,5.2710,0.0021,0,60,0.1677,0.0109,0,60,10.3993,0.0427,0,60,10.6047,1.4746,0,60,-7.9485,0.0008,0,60,-0.6444,0.0021,0,60,-0.2738,0.0112,0,60,-0.1688,0.0433,0,60,5.1028,1.4670,0,60,
C:\Nu Stable\Results\2023\20231027 clumped Oman 2 CH,20231027 clumped Oman 2 CH,Data_20758 IAEA-C2.txt,IAEA-C2,C:\Nu Stable\Analyses\DI\CO2 20-6-20 clumped NuCarb.rdf,Clumped CO2 Iterative,2023/10/27 17:54:40,2023/10/30 14:53:32,438,49,2.5012e-07,5.710483E-10,CF,21.362,1.000e-03,1,1.0000e-03,6304, InitialisePrepSampleRun; CheckIfCFRequired; UseCF; SampleTrapped; Chop_CF_SamSub; SampleTrapped; BalanceRefToSamValue; DepletingBalance; SampleReady;,3.6420e-08,1.5000e-07,9.4553e-08,9.4579e-08,9.4495e-08,9.4282e-08,0.96,2023/10/30 14:52:47,0.23,4392,8446,1.0000e-03,46.021,20,8,20,20,0.000,2.2999e-15,3.7159e-15,6.5053e-16,7.9610e-14,4.5376e-13,1.9132e-11,25.00,26.00,63.69,-1.95e02,-1.62e02,63.69,0.00,63.69,63.69,2023/10/30 13:56:13,2023/10/30 14:35:34,79,5.22208e-08,0.000,0,63,5.28418e-08,2.09114e-09,0,60,1.18045e-02,1.09583e-07,0,60,4.1837e-03,6.1026e-08,0,60,4.8290e-05,8.6177e-10,0,60,4.4434e-06,2.4306e-10,0,60,6.9439e-08,1.2718e-10,0,60,1.1863e-02,7.6545e-08,0,63,4.1658e-03,6.0821e-08,0,63,4.8342e-05,9.1249e-10,0,63,4.4062e-06,1.9510e-10,0,63,6.9282e-08,1.2835e-10,0,63,-4.9423,0.0059,0,60,4.2849,0.0091,0,60,-1.0633,0.0129,0,60,8.4335,0.0458,0,60,2.2166,1.5377,0,60,-8.2981,0.0060,0,60,-1.6250,0.0090,0,60,-0.1661,0.0125,0,60,-0.1534,0.0555,0,60,-0.9278,1.5436,0,60,
C:\Nu Stable\Results\2023\20231027 clumped Oman 2 CH,20231027 clumped Oman 2 CH,Data_20759 IAEA-C1.txt,IAEA-C1,C:\Nu Stable\Analyses\DI\CO2 20-6-20 clumped NuCarb.rdf,Clumped CO2 Iterative,2023/10/27 17:54:40,2023/10/30 16:14:51,440,50,2.5015e-07,5.685173E-10,CF,21.759,1.000e-03,1,1.0000e-03,6304, InitialisePrepSampleRun; CheckIfCFRequired; UseCF; SampleTrapped; Chop_CF_SamSub; SampleTrapped; BalanceRefToSamValue; DepletingBalance; SampleReady;,3.5817e-08,1.5000e-07,9.5717e-08,9.5606e-08,9.5515e-08,9.5319e-08,0.96,2023/10/30 16:14:06,0.20,4295,8446,1.0000e-03,46.021,20,8,20,20,0.000,2.3153e-15,3.7440e-15,7.1132e-16,7.9857e-14,4.5544e-13,1.9217e-11,25.00,26.00,63.69,-1.95e02,3.07e01,63.69,0.00,63.69,63.69,2023/10/30 15:17:38,2023/10/30 15:56:52,78,5.27166e-08,0.000,0,63,5.33702e-08,2.12078e-09,0,60,1.19226e-02,7.58414e-08,0,60,4.2120e-03,5.7691e-08,0,60,4.9098e-05,8.6700e-10,0,60,4.5029e-06,2.2210e-10,0,60,7.0555e-08,1.3279e-10,0,60,1.1863e-02,7.0750e-08,0,63,4.1658e-03,6.6365e-08,0,63,4.8340e-05,8.8593e-10,0,63,4.4060e-06,2.1668e-10,0,63,6.8846e-08,1.1264e-10,0,63,5.0131,0.0011,0,60,11.0865,0.0030,0,60,15.6729,0.0103,0,60,21.9872,0.0328,0,60,24.3721,1.8183,0,60,2.0621,0.0011,0,60,5.1220,0.0030,0,60,-0.4527,0.0102,0,60,-0.3020,0.0325,0,60,-2.9220,1.7707,0,60,
