Batch,20231024 clumped Oman CH,Collected on,2023/10/24 12:22:38,Analysis Instrument,PS019,Acquisition Software,Stable 1.71.5,Reanalyzed  on,2023/10/24 13:21:55,Reanalysis Instrument,PS019,Reanalysis Software,Stable 1.71.5


Data,Batch,Data,Sample,Method,Analysis,Batch,Time,Sample,Vial,Initial,Sample,ColdFinger,Transducer,InletPiraniPressure,Sample,MaxPumpOverPressure,RawPumpOverPressure,Sample,Min,Max,Pre-balance,Pre-depleted,Final,Final,Depletion,Balance,Balance,RefBellowsPos,SamBellowsPos,Pirani,Current,Num,CO,Cycle,Zero,Zero,Zero,Zero,Zero,Zero,Zero,Zero,Sam,Ref,Ave,Water,Water,Ave, StdDev, Min, Max, Started, Stopped, Num,Ref Major,Std,Rejected,Num,Sam Major,Std,Rejected,Num,Sample,Std,Rejected,Num,Sample,Std,Rejected,Num,Sample,Std,Rejected,Num,Sample,Std,Rejected,Num,Sample,Std,Rejected,Num,Ref,Std,Rejected,Num,Ref,Std,Rejected,Num,Ref,Std,Rejected,Num,Ref,Std,Rejected,Num,Ref,Std,Rejected,Num,Raw,Std,Rejected,Num,Raw,Std,Rejected,Num,Raw,Std,Rejected,Num,Raw,Std,Rejected,Num,Raw,Std,Rejected,Num,Delta(13),Std,Rejected,Num,Delta(18),Std,Rejected,Num,DELTA,Std,Rejected,Num,DELTA,Std,Rejected,Num,DELTA,Std,Rejected,Num,
Dir  ,Name  ,File  ,Name  , , ,Started  ,Collected  ,Weight  ,Location  ,Sam Beam  ,Yield  ,Status  ,Pressure  , ,Chops  , , ,Operations  ,Ref Beam  ,Ref Beam  ,Sam Beam  ,Ref Beam  ,Sam Beam  ,Ref Beam  ,Factor ,End  ,% , , ,Pressure  ,Mass  ,CO Cycles   ,Delay Time  ,Length  ,Length   ,Offset  ,Beams (0) ,Beams (1) ,Beams (2) ,Beams (3) ,Beams (4) ,Beams (5) ,Depletion  ,Depletion  ,Temperature  ,Trap Temperature Hot ,Trap Temperature Cold ,Temp, , ,,,,,Signal(44),Dev,,,Signal(44),Dev,,,Ratio(45/44),Dev,,,Ratio(46/44),Dev,,,Ratio(47/44),Dev,,,Ratio(48/44),Dev,,,Ratio(49/44),Dev,,,Ratio(45/44),Dev,,,Ratio(46/44),Dev,,,Ratio(47/44),Dev,,,Ratio(48/44),Dev,,,Ratio(49/44),Dev,,,Delta(45/44),Err,,,Delta(46/44),Err,,,Delta(47/44),Err,,,Delta(48/44),Err,,,Delta(49/44),Err,,,wrt PDB,Err,,,wrt PDB,Err,,,47,Err,,,48,Err,,,49,Err,,,

C:\Nu Stable\Results\2023\20231024 clumped Oman CH,20231024 clumped Oman CH,Data_20660 ETH-03.txt,ETH-03,C:\Nu Stable\Analyses\DI\CO2 20-6-20 clumped NuCarb.rdf,Clumped CO2 Iterative,2023/10/24 12:22:38,2023/10/24 12:22:38,477,1,2.5022e-07,5.245682E-10,CF,24.780,1.000e-03,1,1.0000e-03,6304, InitialisePrepSampleRun; CheckIfCFRequired; UseCF; SampleTrapped; Chop_CF_SamSub; SampleTrapped; BalanceRefToSamValue; DepletingBalance; SampleReady;,4.2217e-08,1.5000e-07,1.0064e-07,1.0112e-07,1.0102e-07,1.0082e-07,0.96,2023/10/24 12:21:53,0.20,4793,8447,1.0000e-03,46.022,20,8,20,20,0.000,2.4172e-15,4.2590e-15,5.9205e-16,7.4873e-14,4.4038e-13,1.8049e-11,25.00,27.00,63.97,-1.95e02,2.84e01,63.97,0.26,63.78,64.31,2023/10/24 11:26:04,2023/10/24 12:22:18,114,5.41431e-08,0.000,0,63,5.46773e-08,2.26065e-09,0,60,1.19294e-02,1.41048e-07,0,60,4.2287e-03,4.9900e-08,0,60,4.9427e-05,1.3283e-09,0,60,4.5645e-06,7.1103e-10,0,60,7.9865e-08,1.0501e-10,0,60,1.1878e-02,1.3521e-07,0,63,4.1800e-03,4.0677e-08,0,63,4.8652e-05,1.1044e-09,0,63,4.4605e-06,7.1293e-10,0,63,7.6938e-08,1.3437e-10,0,63,4.3534,0.0007,0,60,11.6527,0.0021,0,60,15.9268,0.0104,0,60,23.3075,0.0355,0,60,37.8036,1.7889,0,60,1.3405,0.0008,0,60,5.6868,0.0021,0,60,-0.0772,0.0096,0,60,-0.1306,0.0360,0,60,9.7440,1.7384,0,60,
C:\Nu Stable\Results\2023\20231024 clumped Oman CH,20231024 clumped Oman CH,Data_20661 ETH-01.txt,ETH-01,C:\Nu Stable\Analyses\DI\CO2 20-6-20 clumped NuCarb.rdf,Clumped CO2 Iterative,2023/10/24 12:22:38,2023/10/24 14:25:46,425,2,2.5020e-07,5.887122E-10,CF,20.691,1.000e-03,1,1.0000e-03,6304, InitialisePrepSampleRun; CheckIfCFRequired; UseCF; SampleTrapped; Chop_CF_SamSub; SampleTrapped; BalanceRefToSamValue; DepletingBalance; SampleReady;,4.2300e-08,1.5000e-07,8.3226e-08,8.3566e-08,8.3478e-08,8.3350e-08,0.96,2023/10/24 14:25:00,0.15,5324,8444,1.0000e-03,46.019,20,8,20,20,0.000,2.4049e-15,4.0212e-15,5.8973e-16,7.6457e-14,4.4380e-13,1.8320e-11,24.00,26.00,63.78,-1.95e02,-1.73e02,63.78,0.00,63.78,63.78,2023/10/24 13:28:50,2023/10/24 14:25:26,113,4.67305e-08,0.000,0,63,4.71040e-08,1.82979e-09,0,60,1.19322e-02,1.54278e-07,0,60,4.2264e-03,5.6017e-08,0,60,4.9399e-05,1.0293e-09,0,60,4.5590e-06,3.9558e-10,0,60,7.8264e-08,1.2769e-10,0,60,1.1878e-02,1.4952e-07,0,63,4.1799e-03,4.8009e-08,0,63,4.8659e-05,9.5139e-10,0,63,4.4605e-06,4.0111e-10,0,63,7.6274e-08,1.5049e-10,0,63,4.6019,0.0006,0,60,11.1235,0.0018,0,60,15.2055,0.0094,0,60,22.0812,0.0415,0,60,25.4185,1.7113,0,60,1.6232,0.0007,0,60,5.1596,0.0018,0,60,-0.5273,0.0095,0,60,-0.2831,0.0405,0,60,-1.5411,1.6661,0,60,
C:\Nu Stable\Results\2023\20231024 clumped Oman CH,20231024 clumped Oman CH,Data_20662 ETH-02.txt,ETH-02,C:\Nu Stable\Analyses\DI\CO2 20-6-20 clumped NuCarb.rdf,Clumped CO2 Iterative,2023/10/24 12:22:38,2023/10/24 15:46:42,406,3,2.5024e-07,6.163489E-10,CF,18.677,1.000e-03,1,1.0000e-03,6272, InitialisePrepSampleRun; CheckIfCFRequired; UseCF; SampleTrapped; Chop_CF_SamSub; SampleTrapped; BalanceRefToSamValue; DepletingBalance; SampleReady;,4.1755e-08,1.5000e-07,7.6821e-08,7.7364e-08,7.7306e-08,7.6957e-08,0.96,2023/10/24 15:45:56,0.45,5557,8446,1.0000e-03,46.019,20,8,20,20,0.000,2.4170e-15,4.0548e-15,6.0564e-16,7.9336e-14,4.5070e-13,1.8974e-11,24.00,25.00,63.78,-1.95e02,2.84e01,63.78,0.00,63.78,63.78,2023/10/24 14:49:54,2023/10/24 15:29:03,78,4.37498e-08,0.000,0,63,4.41001e-08,1.68062e-09,0,60,1.17914e-02,1.33360e-07,0,60,4.1571e-03,4.1210e-08,0,60,4.8012e-05,8.5592e-10,0,60,4.4096e-06,4.9005e-10,0,60,7.5499e-08,1.1861e-10,0,60,1.1877e-02,1.3718e-07,0,63,4.1796e-03,4.6819e-08,0,63,4.8653e-05,1.0386e-09,0,63,4.4579e-06,4.8359e-10,0,63,7.5839e-08,1.2504e-10,0,63,-7.2294,0.0007,0,60,-5.3734,0.0020,0,60,-13.1780,0.0097,0,60,-10.8474,0.0473,0,60,-4.3378,1.6591,0,60,-10.3972,0.0008,0,60,-11.2315,0.0020,0,60,-0.4855,0.0090,0,60,-0.1310,0.0480,0,60,14.0650,1.6899,0,60,
C:\Nu Stable\Results\2023\20231024 clumped Oman CH,20231024 clumped Oman CH,Data_20663 IAEA-C2.txt,IAEA-C2,C:\Nu Stable\Analyses\DI\CO2 20-6-20 clumped NuCarb.rdf,Clumped CO2 Iterative,2023/10/24 12:22:38,2023/10/24 17:50:02,430,4,2.5020e-07,5.818644E-10,CF,21.118,1.000e-03,1,1.0000e-03,6304, InitialisePrepSampleRun; CheckIfCFRequired; UseCF; SampleTrapped; Chop_CF_SamSub; SampleTrapped; BalanceRefToSamValue; DepletingBalance; SampleReady;,4.0686e-08,1.5000e-07,8.6033e-08,8.6309e-08,8.6219e-08,8.6095e-08,0.96,2023/10/24 17:49:16,0.14,5102,8446,1.0000e-03,46.022,20,8,20,20,0.000,2.4108e-15,3.9375e-15,6.3694e-16,7.6650e-14,4.4516e-13,1.8398e-11,24.00,26.00,63.78,-1.95e02,-1.57e02,63.78,0.00,63.78,63.78,2023/10/24 16:53:01,2023/10/24 17:49:42,113,4.79503e-08,0.000,0,63,4.83601e-08,1.89993e-09,0,60,1.18186e-02,1.60116e-07,0,60,4.1975e-03,5.3830e-08,0,60,4.8596e-05,1.0792e-09,0,60,4.4960e-06,3.4301e-10,0,60,7.5519e-08,1.1713e-10,0,60,1.1878e-02,1.5895e-07,0,63,4.1797e-03,5.0026e-08,0,63,4.8650e-05,1.1346e-09,0,63,4.4584e-06,3.3682e-10,0,63,7.5204e-08,1.4811e-10,0,63,-4.9595,0.0006,0,60,4.2407,0.0011,0,60,-1.1100,0.0105,0,60,8.4071,0.0400,0,60,4.0335,1.7011,0,60,-8.3149,0.0007,0,60,-1.6690,0.0011,0,60,-0.1518,0.0106,0,60,-0.0914,0.0396,0,60,0.9876,1.6959,0,60,
C:\Nu Stable\Results\2023\20231024 clumped Oman CH,20231024 clumped Oman CH,Data_20664 IAEA-C1.txt,IAEA-C1,C:\Nu Stable\Analyses\DI\CO2 20-6-20 clumped NuCarb.rdf,Clumped CO2 Iterative,2023/10/24 12:22:38,2023/10/24 19:11:10,470,5,2.5023e-07,5.323991E-10,CF,24.353,1.000e-03,1,1.0000e-03,6272, InitialisePrepSampleRun; CheckIfCFRequired; UseCF; SampleTrapped; Chop_CF_SamSub; SampleTrapped; BalanceRefToSamValue; DepletingBalance; SampleReady;,4.0337e-08,1.5000e-07,1.0112e-07,1.0194e-07,1.0183e-07,1.0160e-07,0.96,2023/10/24 19:10:24,0.23,4559,8449,1.0000e-03,46.019,20,8,20,20,0.000,2.4122e-15,4.0260e-15,6.6662e-16,8.2113e-14,4.5834e-13,1.9571e-11,25.00,27.00,63.78,-1.95e02,2.90e01,63.78,0.00,63.78,63.78,2023/10/24 18:14:09,2023/10/24 18:53:19,78,5.45554e-08,0.000,0,63,5.51223e-08,2.28947e-09,0,60,1.19377e-02,1.82388e-07,0,60,4.2263e-03,6.6476e-08,0,60,4.9426e-05,1.2117e-09,0,60,4.5584e-06,4.1297e-10,0,60,7.6513e-08,1.1597e-10,0,60,1.1878e-02,1.7294e-07,0,63,4.1800e-03,5.7849e-08,0,63,4.8664e-05,1.1193e-09,0,63,4.4606e-06,3.3248e-10,0,63,7.5173e-08,1.3516e-10,0,63,5.0117,0.0007,0,60,11.0713,0.0018,0,60,15.6606,0.0083,0,60,21.9316,0.0373,0,60,17.5096,1.4010,0,60,2.0611,0.0007,0,60,5.1068,0.0018,0,60,-0.4486,0.0082,0,60,-0.3263,0.0356,0,60,-9.5710,1.3629,0,60,
C:\Nu Stable\Results\2023\20231024 clumped Oman CH,20231024 clumped Oman CH,Data_20665 MBE 78A.txt,MBE 78A,C:\Nu Stable\Analyses\DI\CO2 20-6-20 clumped NuCarb.rdf,Clumped CO2 Iterative,2023/10/24 12:22:38,2023/10/24 21:13:54,439,6,2.5023e-07,5.699886E-10,CF,21.210,1.000e-03,1,1.0000e-03,6304, InitialisePrepSampleRun; CheckIfCFRequired; UseCF; SampleTrapped; Chop_CF_SamSub; SampleTrapped; BalanceRefToSamValue; DepletingBalance; SampleReady;,3.9262e-08,1.5000e-07,8.8116e-08,8.8300e-08,8.8218e-08,8.8049e-08,0.96,2023/10/24 21:13:08,0.19,4887,8449,1.0000e-03,46.022,20,8,20,20,0.000,2.2826e-15,3.8965e-15,6.3282e-16,7.7614e-14,4.4791e-13,1.8592e-11,24.00,26.00,63.78,-1.95e02,2.87e01,63.78,0.00,63.78,63.78,2023/10/24 20:17:25,2023/10/24 21:13:34,112,4.88312e-08,0.000,0,63,4.93773e-08,1.94625e-09,0,60,1.19143e-02,1.61213e-07,0,60,4.2072e-03,5.4057e-08,0,60,4.9112e-05,1.0939e-09,0,60,4.5176e-06,3.3371e-10,0,60,7.8263e-08,2.0278e-10,0,60,1.1878e-02,1.5884e-07,0,63,4.1798e-03,4.7827e-08,0,63,4.8656e-05,1.0950e-09,0,63,4.4598e-06,3.0053e-10,0,63,7.7565e-08,2.1994e-10,0,63,3.0851,0.0006,0,60,6.5568,0.0017,0,60,9.3631,0.0092,0,60,12.9587,0.0464,0,60,8.8592,1.7373,0,60,0.1666,0.0007,0,60,0.6184,0.0017,0,60,-0.2867,0.0094,0,60,-0.1952,0.0456,0,60,-7.2847,1.7099,0,60,
C:\Nu Stable\Results\2023\20231024 clumped Oman CH,20231024 clumped Oman CH,Data_20666 BD1 15.5A.txt,BD1 15.5A,C:\Nu Stable\Analyses\DI\CO2 20-6-20 clumped NuCarb.rdf,Clumped CO2 Iterative,2023/10/24 12:22:38,2023/10/24 23:17:38,412,7,2.5022e-07,6.073396E-10,CF,20.203,1.000e-03,1,1.0000e-03,6304, InitialisePrepSampleRun; CheckIfCFRequired; UseCF; SampleTrapped; Chop_CF_SamSub; SampleTrapped; BalanceRefToSamValue; DepletingBalance; SampleReady;,3.8357e-08,1.5000e-07,8.2306e-08,8.2544e-08,8.2461e-08,8.2337e-08,0.96,2023/10/24 23:16:53,0.15,5023,8449,1.0000e-03,46.022,20,8,20,20,0.000,2.4086e-15,3.9073e-15,5.9384e-16,7.6363e-14,4.4494e-13,1.8315e-11,24.00,26.00,63.78,-1.95e02,-1.71e02,63.78,0.00,63.78,63.78,2023/10/24 22:20:17,2023/10/24 23:17:18,114,4.64711e-08,0.000,0,63,4.68167e-08,1.81055e-09,0,60,1.19417e-02,1.53756e-07,0,60,4.2270e-03,5.2673e-08,0,60,4.9458e-05,1.1575e-09,0,60,4.5582e-06,3.8418e-10,0,60,7.5842e-08,1.1650e-10,0,60,1.1878e-02,3.1383e-07,0,63,4.1800e-03,1.9799e-07,0,63,4.8660e-05,3.5475e-09,0,63,4.4580e-06,5.9808e-10,0,63,7.4376e-08,1.1886e-10,0,63,5.3891,0.0159,0,60,11.2482,0.0329,0,60,16.3948,0.0511,0,60,22.4766,0.0875,0,60,19.2830,1.5190,0,60,2.4567,0.0158,0,60,5.2821,0.0327,0,60,-0.2851,0.0102,0,60,-0.1432,0.0436,0,60,-8.5825,1.4692,0,60,
C:\Nu Stable\Results\2023\20231024 clumped Oman CH,20231024 clumped Oman CH,Data_20667 MDE 71B.txt,MDE 71B,C:\Nu Stable\Analyses\DI\CO2 20-6-20 clumped NuCarb.rdf,Clumped CO2 Iterative,2023/10/24 12:22:38,2023/10/25 00:39:12,446,8,2.5023e-07,5.610528E-10,CF,21.088,1.000e-03,1,1.0000e-03,6304, InitialisePrepSampleRun; CheckIfCFRequired; UseCF; SampleTrapped; Chop_CF_SamSub; SampleTrapped; BalanceRefToSamValue; DepletingBalance; SampleReady;,3.7836e-08,1.5000e-07,8.5611e-08,8.5796e-08,8.5709e-08,8.5520e-08,0.96,2023/10/25 00:38:27,0.22,4858,8449,1.0000e-03,46.019,20,8,20,20,0.000,2.3961e-15,3.9101e-15,6.6322e-16,7.9912e-14,4.5449e-13,1.9156e-11,24.00,26.00,63.78,-1.95e02,-1.59e02,63.78,0.00,63.78,63.78,2023/10/24 23:41:45,2023/10/25 00:20:44,78,4.75109e-08,0.000,0,63,4.79410e-08,1.88341e-09,0,60,1.19459e-02,1.54447e-07,0,60,4.2061e-03,5.0847e-08,0,60,4.9239e-05,1.0592e-09,0,60,4.5154e-06,3.9878e-10,0,60,7.5521e-08,1.1186e-10,0,60,1.1878e-02,1.4893e-07,0,63,4.1798e-03,4.7279e-08,0,63,4.8661e-05,1.0823e-09,0,63,4.4596e-06,3.5156e-10,0,63,7.4573e-08,1.3626e-10,0,63,5.7464,0.0007,0,60,6.2985,0.0012,0,60,11.8675,0.0099,0,60,12.4994,0.0386,0,60,12.4048,1.3961,0,60,3.0079,0.0007,0,60,0.3556,0.0012,0,60,-0.2861,0.0101,0,60,-0.1356,0.0373,0,60,-6.0959,1.3705,0,60,
C:\Nu Stable\Results\2023\20231024 clumped Oman CH,20231024 clumped Oman CH,Data_20668 ETH-02.txt,ETH-02,C:\Nu Stable\Analyses\DI\CO2 20-6-20 clumped NuCarb.rdf,Clumped CO2 Iterative,2023/10/24 12:22:38,2023/10/25 02:00:13,400,9,2.4313e-07,6.078216E-10,CF,17.975,1.000e-03,1,1.0000e-03,6272, InitialisePrepSampleRun; CheckIfCFRequired; UseCF; SampleTrapped; Chop_CF_SamSub; SampleTrapped; BalanceRefToSamValue; DepletingBalance; SampleReady;,3.7238e-08,1.5000e-07,7.2332e-08,7.2881e-08,7.2804e-08,7.2766e-08,0.96,2023/10/25 01:59:28,0.05,5297,8449,1.0000e-03,46.022,20,8,20,20,0.000,2.3711e-15,3.8570e-15,6.2513e-16,7.8836e-14,4.5081e-13,1.8972e-11,23.00,25.00,63.78,-1.95e02,-1.62e02,63.78,0.00,63.78,63.78,2023/10/25 01:03:20,2023/10/25 01:42:30,78,4.17679e-08,0.000,0,63,4.20699e-08,1.57241e-09,0,60,1.17910e-02,1.28412e-07,0,60,4.1569e-03,3.8945e-08,0,60,4.8005e-05,8.4146e-10,0,60,4.4089e-06,3.3987e-10,0,60,7.4472e-08,1.3712e-10,0,60,1.1877e-02,1.3307e-07,0,63,4.1795e-03,4.3012e-08,0,63,4.8650e-05,9.2569e-10,0,63,4.4570e-06,3.6794e-10,0,63,7.5137e-08,1.3467e-10,0,63,-7.2431,0.0009,0,60,-5.3938,0.0018,0,60,-13.2564,0.0112,0,60,-10.8067,0.0507,0,60,-9.0859,1.8659,0,60,-10.4111,0.0009,0,60,-11.2518,0.0018,0,60,-0.5305,0.0106,0,60,-0.0489,0.0509,0,60,9.2847,1.9010,0,60,
C:\Nu Stable\Results\2023\20231024 clumped Oman CH,20231024 clumped Oman CH,Data_20669 ETH-01.txt,ETH-01,C:\Nu Stable\Analyses\DI\CO2 20-6-20 clumped NuCarb.rdf,Clumped CO2 Iterative,2023/10/24 12:22:38,2023/10/25 03:22:16,473,10,2.5022e-07,5.289957E-10,CF,25.024,1.000e-03,1,1.0000e-03,6304, InitialisePrepSampleRun; CheckIfCFRequired; UseCF; SampleTrapped; Chop_CF_SamSub; SampleTrapped; BalanceRefToSamValue; DepletingBalance; SampleReady;,3.6437e-08,1.5000e-07,1.0472e-07,1.0427e-07,1.0445e-07,1.0458e-07,0.96,2023/10/25 03:21:30,-0.13,4172,8449,1.0000e-03,46.021,20,8,20,20,0.000,2.3848e-15,3.9314e-15,6.3640e-16,8.1759e-14,4.6005e-13,1.9645e-11,25.00,27.00,63.78,-1.95e02,-1.59e02,63.78,0.00,63.78,63.78,2023/10/25 02:24:41,2023/10/25 03:03:32,77,5.53932e-08,0.000,0,63,5.58404e-08,2.33809e-09,0,60,1.19333e-02,2.12610e-07,0,60,4.2271e-03,1.0975e-07,0,60,4.9404e-05,2.1372e-09,0,60,4.5564e-06,5.8199e-10,0,60,7.4115e-08,1.5592e-10,0,60,1.1879e-02,2.6931e-07,0,63,4.1807e-03,1.4101e-07,0,63,4.8670e-05,2.0354e-09,0,63,4.4583e-06,5.8124e-10,0,63,7.3295e-08,1.6723e-10,0,63,4.6102,0.0106,0,60,11.1110,0.0232,0,60,15.0927,0.0392,0,60,21.9893,0.0677,0,60,10.7280,1.6013,0,60,1.6325,0.0107,0,60,5.1472,0.0231,0,60,-0.6347,0.0290,0,60,-0.3482,0.0841,0,60,-15.8278,1.5834,0,60,
C:\Nu Stable\Results\2023\20231024 clumped Oman CH,20231024 clumped Oman CH,Data_20670 MBE 78B.txt,MBE 78B,C:\Nu Stable\Analyses\DI\CO2 20-6-20 clumped NuCarb.rdf,Clumped CO2 Iterative,2023/10/24 12:22:38,2023/10/25 04:50:05,449,11,2.5021e-07,5.572591E-10,CF,19.653,1.000e-03,1,1.0000e-03,6272, InitialisePrepSampleRun; CheckIfCFRequired; UseCF; SampleTrapped; Chop_CF_SamSub; SampleTrapped; BalanceRefToSamValue; DepletingBalance; SampleReady;,4.2495e-08,1.5000e-07,8.0303e-08,8.0127e-08,8.1251e-08,8.0647e-08,0.96,2023/10/25 04:49:19,0.75,5444,8449,1.0000e-03,46.019,20,8,20,20,0.000,2.4110e-15,3.9661e-15,6.6108e-16,8.0298e-14,4.5587e-13,1.9262e-11,24.00,24.00,63.78,-1.95e02,-1.61e02,63.78,0.00,63.78,63.78,2023/10/25 03:46:15,2023/10/25 04:25:47,79,4.53687e-08,0.000,0,63,4.59458e-08,1.78593e-09,0,60,1.19550e-02,2.32485e-07,0,60,4.2057e-03,1.1941e-07,0,60,4.9273e-05,1.4596e-09,0,60,4.5112e-06,7.0838e-10,0,60,7.4239e-08,1.6956e-10,0,60,1.1878e-02,3.1102e-07,0,63,4.1804e-03,1.6661e-07,0,63,4.8669e-05,2.3275e-09,0,63,4.4573e-06,8.2937e-10,0,63,7.3042e-08,2.3560e-10,0,63,6.4803,0.0194,0,60,6.0782,0.0281,0,60,12.4098,0.0373,0,60,12.0144,0.1249,0,60,14.8491,2.6796,0,60,3.7966,0.0198,0,60,0.1346,0.0280,0,60,-0.2863,0.0302,0,60,-0.1762,0.1714,0,60,-4.0301,2.6869,0,60,
C:\Nu Stable\Results\2023\20231024 clumped Oman CH,20231024 clumped Oman CH,Data_20671 BD1 ZEBRA 70mA.txt,BD1 ZEBRA 70mA,C:\Nu Stable\Analyses\DI\CO2 20-6-20 clumped NuCarb.rdf,Clumped CO2 Iterative,2023/10/24 12:22:38,2023/10/25 06:11:07,392,12,2.4322e-07,6.204466E-10,CF,17.975,1.000e-03,1,1.0000e-03,6272, InitialisePrepSampleRun; CheckIfCFRequired; UseCF; SampleTrapped; Chop_CF_SamSub; SampleTrapped; BalanceRefToSamValue; DepletingBalance; SampleReady;,4.1642e-08,1.5000e-07,7.2328e-08,7.2604e-08,7.2551e-08,7.2608e-08,0.96,2023/10/25 06:10:21,-0.08,5762,8449,1.0000e-03,46.021,20,8,20,20,0.000,2.3081e-15,3.9595e-15,6.6143e-16,7.9867e-14,4.5415e-13,1.9130e-11,24.00,25.00,63.78,-1.95e02,-1.67e02,63.78,0.00,63.78,63.78,2023/10/25 05:14:24,2023/10/25 05:53:24,78,4.16701e-08,0.000,0,63,4.18844e-08,1.57354e-09,0,60,1.19408e-02,1.41458e-07,0,60,4.1945e-03,4.9863e-08,0,60,4.9079e-05,1.0715e-09,0,60,4.4857e-06,4.4931e-10,0,60,7.6588e-08,1.5020e-10,0,60,1.1877e-02,1.2886e-07,0,63,4.1797e-03,4.2766e-08,0,63,4.8654e-05,1.1766e-09,0,63,4.4549e-06,4.9875e-10,0,63,7.6138e-08,1.5150e-10,0,63,5.3540,0.0022,0,60,3.5327,0.0046,0,60,8.7316,0.0123,0,60,6.9031,0.0459,0,60,5.5973,1.8735,0,60,2.6860,0.0022,0,60,-2.3960,0.0045,0,60,-0.2789,0.0116,0,60,-0.1735,0.0479,0,60,-7.0068,1.8504,0,60,
C:\Nu Stable\Results\2023\20231024 clumped Oman CH,20231024 clumped Oman CH,Data_20672 MBE 78A.txt,MBE 78A,C:\Nu Stable\Analyses\DI\CO2 20-6-20 clumped NuCarb.rdf,Clumped CO2 Iterative,2023/10/24 12:22:38,2023/10/25 07:32:10,476,13,2.5009e-07,5.254053E-10,CF,23.834,1.000e-03,1,1.0000e-03,6272, InitialisePrepSampleRun; CheckIfCFRequired; UseCF; SampleTrapped; Chop_CF_SamSub; SampleTrapped; BalanceRefToSamValue; DepletingBalance; SampleReady;,4.0879e-08,1.5000e-07,9.9289e-08,9.9971e-08,9.9881e-08,9.9649e-08,0.96,2023/10/25 07:31:24,0.23,4675,8446,1.0000e-03,46.019,20,8,20,20,0.000,2.3949e-15,3.8797e-15,7.0721e-16,8.1698e-14,4.5878e-13,1.9529e-11,25.00,27.00,63.78,-1.95e02,2.74e01,63.78,0.00,63.78,63.78,2023/10/25 06:35:13,2023/10/25 07:14:26,79,5.36850e-08,0.000,0,63,5.41372e-08,2.23999e-09,0,60,1.19186e-02,2.24246e-07,0,60,4.2076e-03,1.0218e-07,0,60,4.9137e-05,1.4996e-09,0,60,4.5177e-06,4.1461e-10,0,60,7.3556e-08,1.2847e-10,0,60,1.1879e-02,2.7601e-07,0,63,4.1802e-03,1.1747e-07,0,63,4.8668e-05,1.6271e-09,0,63,4.4599e-06,4.5792e-10,0,63,7.2887e-08,1.4025e-10,0,63,3.3557,0.0042,0,60,6.5492,0.0072,0,60,9.6274,0.0154,0,60,12.9546,0.0397,0,60,8.6964,1.5513,0,60,0.4548,0.0044,0,60,0.6102,0.0072,0,60,-0.2953,0.0116,0,60,-0.1842,0.0410,0,60,-7.7146,1.5272,0,60,
C:\Nu Stable\Results\2023\20231024 clumped Oman CH,20231024 clumped Oman CH,Data_20673 ETH-03.txt,ETH-03,C:\Nu Stable\Analyses\DI\CO2 20-6-20 clumped NuCarb.rdf,Clumped CO2 Iterative,2023/10/24 12:22:38,2023/10/25 09:35:57,385,14,1.9701e-07,5.117022E-10,CF,14.191,1.000e-03,1,1.0000e-03,6272, InitialisePrepSampleRun; CheckIfCFRequired; UseCF; SampleTrapped; Chop_CF_SamSub; SampleTrapped; BalanceRefToSamValue; DepletingBalance; SampleReady;,3.9901e-08,1.5000e-07,5.7772e-08,5.8314e-08,5.8269e-08,5.8177e-08,0.96,2023/10/25 09:35:12,0.16,6468,8446,1.0000e-03,46.017,20,8,20,20,0.000,2.3321e-15,3.8241e-15,5.6720e-16,7.6053e-14,4.4437e-13,1.8340e-11,22.00,24.00,63.78,-1.95e02,2.92e01,63.78,0.00,63.78,63.78,2023/10/25 08:38:36,2023/10/25 09:35:37,114,3.48381e-08,0.000,0,63,3.49493e-08,1.22006e-09,0,60,1.19286e-02,1.21348e-07,0,60,4.2282e-03,4.9394e-08,0,60,4.9433e-05,9.0236e-10,0,60,4.5610e-06,4.3224e-10,0,60,7.6432e-08,1.4971e-10,0,60,1.1877e-02,1.1524e-07,0,63,4.1797e-03,3.9217e-08,0,63,4.8664e-05,9.1883e-10,0,63,4.4576e-06,3.8655e-10,0,63,7.5319e-08,1.4746e-10,0,63,4.3379,0.0013,0,60,11.6122,0.0050,0,60,15.7988,0.0146,0,60,23.1796,0.0516,0,60,14.8678,2.1327,0,60,1.3254,0.0013,0,60,5.6466,0.0050,0,60,-0.1479,0.0135,0,60,-0.1755,0.0516,0,60,-12.4775,2.0740,0,60,
C:\Nu Stable\Results\2023\20231024 clumped Oman CH,20231024 clumped Oman CH,Data_20674 ETH-04.txt,ETH-04,C:\Nu Stable\Analyses\DI\CO2 20-6-20 clumped NuCarb.rdf,Clumped CO2 Iterative,2023/10/24 12:22:38,2023/10/25 11:39:13,410,15,2.5007e-07,6.099209E-10,CF,19.958,1.000e-03,1,1.0000e-03,6272, InitialisePrepSampleRun; CheckIfCFRequired; UseCF; SampleTrapped; Chop_CF_SamSub; SampleTrapped; BalanceRefToSamValue; DepletingBalance; SampleReady;,3.8924e-08,1.5000e-07,8.0513e-08,8.0904e-08,8.0838e-08,8.0707e-08,0.96,2023/10/25 11:38:27,0.16,5156,8446,1.0000e-03,46.019,20,8,20,20,0.000,2.3802e-15,3.7930e-15,5.8758e-16,7.5510e-14,4.4423e-13,1.8291e-11,24.00,26.00,63.78,-1.95e02,-1.69e02,63.78,0.00,63.78,63.78,2023/10/25 10:42:21,2023/10/25 11:38:53,113,4.55407e-08,0.000,0,63,4.58831e-08,1.76861e-09,0,60,1.17902e-02,3.56081e-07,0,60,4.1567e-03,1.4360e-07,0,60,4.8013e-05,1.4220e-09,0,60,4.4095e-06,5.7120e-10,0,60,7.2958e-08,1.5835e-10,0,60,1.1878e-02,1.6582e-07,0,63,4.1799e-03,6.4196e-08,0,63,4.8664e-05,1.3413e-09,0,63,4.4602e-06,3.2203e-10,0,63,7.4076e-08,1.3751e-10,0,63,-7.3762,0.0267,0,60,-5.5428,0.0312,0,60,-13.3968,0.0206,0,60,-11.3659,0.1123,0,60,-15.5103,1.9727,0,60,-10.5475,0.0274,0,60,-11.3999,0.0310,0,60,-0.3871,0.0451,0,60,-0.3139,0.1713,0,60,3.1878,2.0712,0,60,
C:\Nu Stable\Results\2023\20231024 clumped Oman CH,20231024 clumped Oman CH,Data_20675 MDE 71A.txt,MDE 71A,C:\Nu Stable\Analyses\DI\CO2 20-6-20 clumped NuCarb.rdf,Clumped CO2 Iterative,2023/10/24 12:22:38,2023/10/25 12:59:59,464,16,2.5012e-07,5.390521E-10,CF,25.207,1.000e-03,1,1.0000e-03,6304, InitialisePrepSampleRun; CheckIfCFRequired; UseCF; SampleTrapped; Chop_CF_SamSub; SampleTrapped; BalanceRefToSamValue; DepletingBalance; SampleReady;,3.8694e-08,1.5000e-07,1.0637e-07,1.0743e-07,1.0738e-07,1.0709e-07,0.96,2023/10/25 12:59:14,0.27,4291,8446,1.0000e-03,46.019,20,8,20,20,0.000,2.3890e-15,3.8815e-15,7.6675e-16,8.1677e-14,4.5809e-13,1.9617e-11,25.00,27.00,63.78,-1.95e02,-1.68e02,63.78,0.00,63.78,63.78,2023/10/25 12:03:17,2023/10/25 12:42:32,79,5.67908e-08,0.000,0,63,5.75664e-08,2.42944e-09,0,60,1.19584e-02,1.94411e-07,0,60,4.2062e-03,6.7697e-08,0,60,4.9289e-05,1.2796e-09,0,60,4.5164e-06,3.4603e-10,0,60,7.4798e-08,1.1077e-10,0,60,1.1879e-02,1.8632e-07,0,63,4.1801e-03,6.0797e-08,0,63,4.8667e-05,1.3269e-09,0,63,4.4616e-06,3.0639e-10,0,63,7.3666e-08,1.2566e-10,0,63,6.7078,0.0008,0,60,6.2470,0.0022,0,60,12.7850,0.0086,0,60,12.2980,0.0316,0,60,15.1473,1.1636,0,60,4.0329,0.0008,0,60,0.3022,0.0022,0,60,-0.3137,0.0088,0,60,-0.2321,0.0303,0,60,-4.3146,1.1408,0,60,
C:\Nu Stable\Results\2023\20231024 clumped Oman CH,20231024 clumped Oman CH,Data_20676 BD1 15.5B.txt,BD1 15.5B,C:\Nu Stable\Analyses\DI\CO2 20-6-20 clumped NuCarb.rdf,Clumped CO2 Iterative,2023/10/24 12:22:38,2023/10/25 14:22:30,419,17,2.1973e-08,5.244221E-11,CF,0.152,1.000e-03,0,1.0000e-03,6304, InitialisePrepSampleRun; CheckIfCFRequired; UseCF; SampleTrapped; BalanceRefToSamValue; SampleReady; (BeamTooBig_RunningMisBalanced) ;,3.7982e-08,1.5000e-07,2.1089e-08,8.0904e-08,8.0838e-08,8.0707e-08,0.96,2023/10/25 14:21:33,-46.55,8399,8446,1.0000e-03,46.015,20,8,20,20,0.000,2.3117e-15,3.8186e-15,5.3895e-16,7.3582e-14,4.3915e-13,1.7865e-11,33.00,37.00,63.78,-1.95e02,2.92e01,63.78,0.00,63.78,63.78,2023/10/25 13:24:54,2023/10/25 14:03:16,77,1.65583e-08,0.000,0,63,9.65987e-09,5.15794e-10,0,60,1.18954e-02,9.05803e-08,0,60,4.2154e-03,7.8450e-08,0,60,4.9173e-05,1.2016e-09,0,60,4.5221e-06,1.8528e-09,0,60,8.3835e-08,5.5050e-10,0,60,1.1875e-02,9.5321e-08,0,63,4.1794e-03,7.3898e-08,0,63,4.8667e-05,1.1337e-09,0,63,4.4505e-06,1.0503e-09,0,63,7.6787e-08,3.3600e-10,0,63,1.7023,0.0052,0,60,8.6071,0.0154,0,60,10.4012,0.0278,0,60,16.0832,0.2395,0,60,91.3101,7.4297,0,60,-1.3759,0.0051,0,60,2.6617,0.0154,0,60,0.1600,0.0247,0,60,-1.1846,0.2317,0,60,71.1270,7.2934,0,60,
C:\Nu Stable\Results\2023\20231024 clumped Oman CH,20231024 clumped Oman CH,Data_20677 BD1 ZEBRA 70mB1.txt,BD1 ZEBRA 70mB1,C:\Nu Stable\Analyses\DI\CO2 20-6-20 clumped NuCarb.rdf,Clumped CO2 Iterative,2023/10/24 12:22:38,2023/10/25 16:24:53,487,18,2.5019e-07,5.137393E-10,CF,24.597,1.000e-03,1,1.0000e-03,6304, InitialisePrepSampleRun; CheckIfCFRequired; UseCF; SampleTrapped; Chop_CF_SamSub; SampleTrapped; BalanceRefToSamValue; DepletingBalance; SampleReady;,3.6778e-08,1.5000e-07,9.9922e-08,1.0093e-07,1.0083e-07,1.0067e-07,0.96,2023/10/25 16:24:08,0.15,4331,8444,1.0000e-03,46.021,20,8,20,20,0.000,2.3680e-15,3.7685e-15,6.0046e-16,7.5678e-14,4.4376e-13,1.8271e-11,25.00,27.00,63.78,-1.95e02,-1.72e02,63.78,0.00,63.78,63.78,2023/10/25 15:28:55,2023/10/25 16:24:33,112,5.43029e-08,0.000,0,63,5.49654e-08,2.26003e-09,0,60,1.19273e-02,1.79150e-07,0,60,4.1993e-03,6.3722e-08,0,60,4.9075e-05,1.2414e-09,0,60,4.5009e-06,2.9007e-10,0,60,7.4240e-08,1.1501e-10,0,60,1.1878e-02,1.7482e-07,0,63,4.1801e-03,5.8404e-08,0,63,4.8661e-05,1.2308e-09,0,63,4.4605e-06,2.9299e-10,0,63,7.3842e-08,1.2139e-10,0,63,4.1293,0.0007,0,60,4.6065,0.0014,0,60,8.5144,0.0100,0,60,9.0397,0.0338,0,60,5.1384,1.5242,0,60,1.3454,0.0007,0,60,-1.3248,0.0014,0,60,-0.2911,0.0099,0,60,-0.1927,0.0332,0,60,-8.2623,1.5040,0,60,
C:\Nu Stable\Results\2023\20231024 clumped Oman CH,20231024 clumped Oman CH,Data_20678 ETH-03.txt,ETH-03,C:\Nu Stable\Analyses\DI\CO2 20-6-20 clumped NuCarb.rdf,Clumped CO2 Iterative,2023/10/24 12:22:38,2023/10/25 17:45:47,449,19,2.5019e-07,5.572267E-10,CF,22.674,1.000e-03,1,1.0000e-03,6304, InitialisePrepSampleRun; CheckIfCFRequired; UseCF; SampleTrapped; Chop_CF_SamSub; SampleTrapped; BalanceRefToSamValue; DepletingBalance; SampleReady;,3.6797e-08,1.5000e-07,9.4295e-08,9.5015e-08,9.4947e-08,9.4707e-08,0.96,2023/10/25 17:45:02,0.25,4450,8449,1.0000e-03,46.019,20,8,20,20,0.000,2.3595e-15,3.8813e-15,6.9630e-16,8.0917e-14,4.5644e-13,1.9451e-11,25.00,27.00,63.78,-1.95e02,-1.59e02,63.78,0.00,63.78,63.78,2023/10/25 16:49:31,2023/10/25 17:28:13,78,5.16281e-08,0.000,0,63,5.21620e-08,2.11724e-09,0,60,1.19308e-02,1.68956e-07,0,60,4.2297e-03,6.0836e-08,0,60,4.9452e-05,1.0720e-09,0,60,4.5659e-06,3.9210e-10,0,60,7.5714e-08,1.2479e-10,0,60,1.1878e-02,1.6400e-07,0,63,4.1801e-03,5.1361e-08,0,63,4.8666e-05,1.1139e-09,0,63,4.4604e-06,3.4206e-10,0,63,7.4210e-08,1.4038e-10,0,63,4.4302,0.0006,0,60,11.8724,0.0021,0,60,16.1290,0.0093,0,60,23.6400,0.0407,0,60,20.4559,1.6113,0,60,1.4146,0.0006,0,60,5.9053,0.0021,0,60,-0.1706,0.0098,0,60,-0.2400,0.0388,0,60,-7.6391,1.5663,0,60,
C:\Nu Stable\Results\2023\20231024 clumped Oman CH,20231024 clumped Oman CH,Data_20679 IAEA-C2.txt,IAEA-C2,C:\Nu Stable\Analyses\DI\CO2 20-6-20 clumped NuCarb.rdf,Clumped CO2 Iterative,2023/10/24 12:22:38,2023/10/25 19:08:04,417,20,2.5018e-07,5.999497E-10,CF,18.921,1.000e-03,1,1.0000e-03,6272, InitialisePrepSampleRun; CheckIfCFRequired; UseCF; SampleTrapped; Chop_CF_SamSub; SampleTrapped; BalanceRefToSamValue; DepletingBalance; SampleReady;,3.6102e-08,1.5000e-07,7.6257e-08,7.6526e-08,7.6471e-08,7.5886e-08,0.96,2023/10/25 19:07:19,0.77,5033,8449,1.0000e-03,46.019,20,8,20,20,0.000,2.3639e-15,3.8445e-15,6.1047e-16,7.8993e-14,4.5210e-13,1.9046e-11,24.00,25.00,63.78,-1.95e02,-1.72e02,63.78,0.00,63.78,63.78,2023/10/25 18:10:10,2023/10/25 18:49:08,78,4.32952e-08,0.000,0,63,4.37745e-08,1.66297e-09,0,60,1.18184e-02,1.37424e-07,0,60,4.1974e-03,4.5437e-08,0,60,4.8607e-05,8.3963e-10,0,60,4.4962e-06,3.4440e-10,0,60,7.4259e-08,1.2861e-10,0,60,1.1878e-02,1.3917e-07,0,63,4.1798e-03,4.1387e-08,0,63,4.8663e-05,8.6492e-10,0,63,4.4589e-06,3.8179e-10,0,63,7.4399e-08,1.2247e-10,0,63,-4.9753,0.0008,0,60,4.2120,0.0014,0,60,-1.1609,0.0107,0,60,8.3538,0.0427,0,60,-1.8027,1.8296,0,60,-8.3307,0.0009,0,60,-1.6974,0.0013,0,60,-0.1582,0.0108,0,60,-0.0873,0.0432,0,60,-4.7583,1.8240,0,60,
C:\Nu Stable\Results\2023\20231024 clumped Oman CH,20231024 clumped Oman CH,Data_20680 MDE 71B.txt,MDE 71B,C:\Nu Stable\Analyses\DI\CO2 20-6-20 clumped NuCarb.rdf,Clumped CO2 Iterative,2023/10/24 12:22:38,2023/10/25 20:35:58,431,21,2.5017e-07,5.804345E-10,CF,22.156,1.000e-03,1,1.0000e-03,6304, InitialisePrepSampleRun; CheckIfCFRequired; UseCF; SampleTrapped; Chop_CF_SamSub; SampleTrapped; BalanceRefToSamValue; DepletingBalance; SampleReady;,4.2450e-08,1.5000e-07,9.1362e-08,9.1593e-08,9.1497e-08,9.1328e-08,0.96,2023/10/25 20:35:12,0.18,5038,8449,1.0000e-03,46.019,20,8,20,20,0.000,2.2894e-15,3.8406e-15,7.1400e-16,8.0736e-14,4.5683e-13,1.9478e-11,25.00,26.00,63.78,-1.95e02,-1.71e02,63.78,0.00,63.78,63.78,2023/10/25 19:32:02,2023/10/25 20:11:23,79,5.02151e-08,0.000,0,63,5.06905e-08,2.03445e-09,0,60,1.19488e-02,1.66844e-07,0,60,4.2069e-03,5.5735e-08,0,60,4.9258e-05,1.0810e-09,0,60,4.5176e-06,3.3818e-10,0,60,7.6286e-08,1.7514e-10,0,60,1.1878e-02,1.5975e-07,0,63,4.1800e-03,5.1098e-08,0,63,4.8665e-05,1.0673e-09,0,63,4.4606e-06,3.2440e-10,0,63,7.5258e-08,1.7522e-10,0,63,5.9483,0.0007,0,60,6.4417,0.0014,0,60,12.1896,0.0090,0,60,12.7634,0.0385,0,60,13.5863,1.6266,0,60,3.2178,0.0007,0,60,0.4975,0.0014,0,60,-0.3147,0.0088,0,60,-0.1594,0.0382,0,60,-5.4265,1.5960,0,60,
C:\Nu Stable\Results\2023\20231024 clumped Oman CH,20231024 clumped Oman CH,Data_20681 MBE 78B.txt,MBE 78B,C:\Nu Stable\Analyses\DI\CO2 20-6-20 clumped NuCarb.rdf,Clumped CO2 Iterative,2023/10/24 12:22:38,2023/10/25 21:57:26,456,22,2.5015e-07,5.485774E-10,CF,20.904,1.000e-03,1,1.0000e-03,6272, InitialisePrepSampleRun; CheckIfCFRequired; UseCF; SampleTrapped; Chop_CF_SamSub; SampleTrapped; BalanceRefToSamValue; DepletingBalance; SampleReady;,4.1704e-08,1.5000e-07,8.5360e-08,8.5762e-08,8.5693e-08,8.5503e-08,0.96,2023/10/25 21:56:41,0.22,5183,8449,1.0000e-03,46.019,20,8,20,20,0.000,2.3807e-15,3.7758e-15,6.6805e-16,8.0752e-14,4.5719e-13,1.9446e-11,24.00,26.00,63.78,-1.95e02,-1.61e02,63.78,0.00,63.78,63.78,2023/10/25 21:00:04,2023/10/25 21:39:17,79,4.76258e-08,0.000,0,63,4.81278e-08,1.88989e-09,0,60,1.19547e-02,1.60114e-07,0,60,4.2056e-03,5.3902e-08,0,60,4.9269e-05,1.2319e-09,0,60,4.5152e-06,3.8547e-10,0,60,7.4419e-08,1.2018e-10,0,60,1.1878e-02,1.5627e-07,0,63,4.1800e-03,5.1957e-08,0,63,4.8665e-05,1.2170e-09,0,63,4.4614e-06,3.5172e-10,0,63,7.3175e-08,1.2032e-10,0,63,6.4571,0.0010,0,60,6.1263,0.0026,0,60,12.4148,0.0116,0,60,12.0298,0.0386,0,60,16.9684,1.8548,0,60,3.7702,0.0010,0,60,0.1826,0.0026,0,60,-0.3047,0.0111,0,60,-0.2571,0.0379,0,60,-2.0288,1.8209,0,60,
C:\Nu Stable\Results\2023\20231024 clumped Oman CH,20231024 clumped Oman CH,Data_20682 BD1 ZEBRA 70mB1.txt,BD1 ZEBRA 70mB1,C:\Nu Stable\Analyses\DI\CO2 20-6-20 clumped NuCarb.rdf,Clumped CO2 Iterative,2023/10/24 12:22:38,2023/10/25 23:18:50,426,23,2.5014e-07,5.87184E-10,CF,19.958,1.000e-03,1,1.0000e-03,6304, InitialisePrepSampleRun; CheckIfCFRequired; UseCF; SampleTrapped; Chop_CF_SamSub; SampleTrapped; BalanceRefToSamValue; DepletingBalance; SampleReady;,4.0847e-08,1.5000e-07,8.2006e-08,8.2609e-08,8.2533e-08,8.1968e-08,0.96,2023/10/25 23:18:05,0.69,5248,8447,1.0000e-03,46.019,20,8,20,20,0.000,2.4034e-15,3.7866e-15,6.2138e-16,8.0077e-14,4.5562e-13,1.9277e-11,24.00,26.00,63.78,-1.95e02,-1.58e02,63.78,0.00,63.78,63.78,2023/10/25 22:21:59,2023/10/25 23:00:46,77,4.60936e-08,0.000,0,63,4.65559e-08,1.81352e-09,0,60,1.19269e-02,3.42339e-07,0,60,4.1993e-03,1.6235e-07,0,60,4.9081e-05,1.6089e-09,0,60,4.5005e-06,7.6158e-10,0,60,7.3260e-08,2.2106e-10,0,60,1.1878e-02,1.6406e-07,0,63,4.1801e-03,6.9657e-08,0,63,4.8670e-05,1.1673e-09,0,63,4.4614e-06,4.2522e-10,0,63,7.2650e-08,1.1998e-10,0,63,4.1115,0.0257,0,60,4.5754,0.0352,0,60,8.4447,0.0276,0,60,8.7717,0.1507,0,60,7.6804,2.9481,0,60,1.3274,0.0261,0,60,-1.3556,0.0350,0,60,-0.3113,0.0436,0,60,-0.3957,0.2100,0,60,-5.6626,2.9735,0,60,
C:\Nu Stable\Results\2023\20231024 clumped Oman CH,20231024 clumped Oman CH,Data_20683 ETH-02.txt,ETH-02,C:\Nu Stable\Analyses\DI\CO2 20-6-20 clumped NuCarb.rdf,Clumped CO2 Iterative,2023/10/24 12:22:38,2023/10/26 00:39:39,474,24,2.5015e-07,5.277524E-10,CF,23.895,1.000e-03,1,1.0000e-03,6304, InitialisePrepSampleRun; CheckIfCFRequired; UseCF; SampleTrapped; Chop_CF_SamSub; SampleTrapped; BalanceRefToSamValue; DepletingBalance; SampleReady;,4.0153e-08,1.5000e-07,1.0027e-07,1.0104e-07,1.0098e-07,9.9765e-08,0.96,2023/10/26 00:38:53,1.22,4571,8448,1.0000e-03,46.021,20,8,20,20,0.000,2.3881e-15,3.8819e-15,6.6269e-16,8.1913e-14,4.6066e-13,1.9642e-11,25.00,27.00,63.78,-1.95e02,-1.68e02,63.78,0.00,63.78,63.78,2023/10/25 23:42:59,2023/10/26 00:22:10,78,5.41723e-08,0.000,0,63,5.48107e-08,2.26883e-09,0,60,1.17923e-02,1.85167e-07,0,60,4.1575e-03,6.2887e-08,0,60,4.8017e-05,1.1811e-09,0,60,4.4108e-06,3.7514e-10,0,60,7.1782e-08,1.1769e-10,0,60,1.1878e-02,2.8958e-07,0,63,4.1800e-03,1.0159e-07,0,63,4.8666e-05,1.3256e-09,0,63,4.4592e-06,3.3583e-10,0,63,7.2837e-08,1.2384e-10,0,63,-7.2339,0.0153,0,60,-5.3804,0.0158,0,60,-13.3207,0.0116,0,60,-10.8335,0.0432,0,60,-14.7834,1.4928,0,60,-10.4017,0.0157,0,60,-11.2385,0.0157,0,60,-0.6183,0.0343,0,60,-0.1027,0.0542,0,60,3.4440,1.5068,0,60,
C:\Nu Stable\Results\2023\20231024 clumped Oman CH,20231024 clumped Oman CH,Data_20684 ETH-04.txt,ETH-04,C:\Nu Stable\Analyses\DI\CO2 20-6-20 clumped NuCarb.rdf,Clumped CO2 Iterative,2023/10/24 12:22:38,2023/10/26 02:00:02,384,25,2.4307e-07,6.329895E-10,CF,17.700,1.000e-03,1,1.0000e-03,6304, InitialisePrepSampleRun; CheckIfCFRequired; UseCF; SampleTrapped; Chop_CF_SamSub; SampleTrapped; BalanceRefToSamValue; DepletingBalance; SampleReady;,3.9373e-08,1.5000e-07,7.2228e-08,7.2847e-08,7.3370e-08,7.2513e-08,0.96,2023/10/26 01:59:16,1.18,5526,8447,1.0000e-03,46.019,20,8,20,20,0.000,2.3634e-15,3.7841e-15,6.4015e-16,7.9372e-14,4.5390e-13,1.9132e-11,24.00,25.00,63.78,-1.95e02,-1.64e02,63.78,0.00,63.78,63.78,2023/10/26 01:04:15,2023/10/26 01:42:57,78,4.17004e-08,0.000,0,63,4.23848e-08,1.59087e-09,0,60,1.17896e-02,1.70520e-07,0,60,4.1564e-03,8.9420e-08,0,60,4.8013e-05,1.3013e-09,0,60,4.4096e-06,3.9691e-10,0,60,7.2702e-08,1.3013e-10,0,60,1.1878e-02,3.2511e-07,0,63,4.1801e-03,1.5166e-07,0,63,4.8669e-05,2.0444e-09,0,63,4.4596e-06,7.2004e-10,0,63,7.3587e-08,2.3638e-10,0,63,-7.4475,0.0152,0,60,-5.6737,0.0201,0,60,-13.4796,0.0199,0,60,-11.1915,0.1041,0,60,-11.9193,2.5086,0,60,-10.6189,0.0156,0,60,-11.5300,0.0199,0,60,-0.2675,0.0306,0,60,0.1254,0.1385,0,60,7.1826,2.5977,0,60,
C:\Nu Stable\Results\2023\20231024 clumped Oman CH,20231024 clumped Oman CH,Data_20685 BD1 15.5A.txt,BD1 15.5A,C:\Nu Stable\Analyses\DI\CO2 20-6-20 clumped NuCarb.rdf,Clumped CO2 Iterative,2023/10/24 12:22:38,2023/10/26 03:21:14,436,26,2.5015e-07,5.737436E-10,CF,21.637,1.000e-03,1,1.0000e-03,6304, InitialisePrepSampleRun; CheckIfCFRequired; UseCF; SampleTrapped; Chop_CF_SamSub; SampleTrapped; BalanceRefToSamValue; DepletingBalance; SampleReady;,3.8772e-08,1.5000e-07,8.8648e-08,8.8911e-08,8.8824e-08,8.8631e-08,0.96,2023/10/26 03:20:29,0.22,4819,8448,1.0000e-03,46.019,20,8,20,20,0.000,2.3078e-15,3.8377e-15,6.3551e-16,8.0545e-14,4.5673e-13,1.9357e-11,24.00,26.00,63.78,-1.95e02,-1.60e02,63.78,0.00,63.78,63.78,2023/10/26 02:24:46,2023/10/26 03:03:21,77,4.89331e-08,0.000,0,63,4.94010e-08,1.96484e-09,0,60,1.19429e-02,1.86949e-07,0,60,4.2278e-03,9.3132e-08,0,60,4.9479e-05,1.9468e-09,0,60,4.5612e-06,4.1610e-10,0,60,7.5839e-08,1.6641e-10,0,60,1.1878e-02,1.9610e-07,0,63,4.1805e-03,9.6646e-08,0,63,4.8676e-05,1.6732e-09,0,63,4.4605e-06,3.8268e-10,0,63,7.4638e-08,1.6953e-10,0,63,5.4334,0.0055,0,60,11.3215,0.0115,0,60,16.5082,0.0275,0,60,22.5807,0.0587,0,60,15.8768,1.6054,0,60,2.5013,0.0055,0,60,5.3548,0.0115,0,60,-0.2902,0.0256,0,60,-0.1861,0.0672,0,60,-12.0807,1.5753,0,60,
C:\Nu Stable\Results\2023\20231024 clumped Oman CH,20231024 clumped Oman CH,Data_20686 BD1 15.5B.txt,BD1 15.5B,C:\Nu Stable\Analyses\DI\CO2 20-6-20 clumped NuCarb.rdf,Clumped CO2 Iterative,2023/10/24 12:22:38,2023/10/26 04:43:42,411,27,2.2735e-08,5.531691E-11,CF,0.030,1.000e-03,0,1.0000e-03,6304, InitialisePrepSampleRun; CheckIfCFRequired; UseCF; SampleTrapped; BalanceRefToSamValue; SampleReady; (BeamTooBig_RunningMisBalanced) ;,3.7972e-08,1.5000e-07,2.1821e-08,7.2847e-08,7.3370e-08,7.2513e-08,0.96,2023/10/26 04:42:45,-44.59,8399,8448,1.0000e-03,46.017,20,8,20,20,0.000,2.2910e-15,3.7732e-15,5.4771e-16,7.3333e-14,4.3793e-13,1.7805e-11,33.00,37.00,63.78,-1.95e02,-1.65e02,63.78,0.00,63.78,63.78,2023/10/26 03:45:22,2023/10/26 04:24:34,79,1.65918e-08,0.000,0,63,9.96553e-09,5.34203e-10,0,60,1.18960e-02,9.46886e-08,0,60,4.2157e-03,6.9292e-08,0,60,4.9178e-05,1.1378e-09,0,60,4.5250e-06,1.5404e-09,0,60,8.5322e-08,5.0445e-10,0,60,1.1875e-02,9.4227e-08,0,63,4.1790e-03,4.0310e-08,0,63,4.8657e-05,1.0182e-09,0,63,4.4500e-06,9.6026e-10,0,63,7.6430e-08,3.5786e-10,0,63,1.7672,0.0019,0,60,8.7883,0.0077,0,60,10.6976,0.0229,0,60,16.8551,0.1714,0,60,116.1315,6.7847,0,60,-1.3131,0.0020,0,60,2.8420,0.0076,0,60,0.2098,0.0243,0,60,-0.7849,0.1589,0,60,95.0253,6.6545,0,60,
C:\Nu Stable\Results\2023\20231024 clumped Oman CH,20231024 clumped Oman CH,Data_20687 ETH-03.txt,ETH-03,C:\Nu Stable\Analyses\DI\CO2 20-6-20 clumped NuCarb.rdf,Clumped CO2 Iterative,2023/10/24 12:22:38,2023/10/26 06:04:39,461,28,2.5014e-07,5.425939E-10,CF,22.583,1.000e-03,1,1.0000e-03,6304, InitialisePrepSampleRun; CheckIfCFRequired; UseCF; SampleTrapped; Chop_CF_SamSub; SampleTrapped; BalanceRefToSamValue; DepletingBalance; SampleReady;,3.7156e-08,1.5000e-07,9.3530e-08,9.4211e-08,9.4132e-08,9.3952e-08,0.96,2023/10/26 06:03:53,0.19,4539,8447,1.0000e-03,46.019,20,8,20,20,0.000,2.3239e-15,3.7622e-15,6.1280e-16,7.7097e-14,4.4813e-13,1.8586e-11,25.00,26.00,63.78,-1.95e02,-1.62e02,63.78,0.00,63.78,63.78,2023/10/26 05:06:52,2023/10/26 05:47:01,81,5.13875e-08,0.000,0,63,5.19504e-08,2.09997e-09,0,60,1.19302e-02,1.72096e-07,0,60,4.2292e-03,6.3084e-08,0,60,4.9447e-05,1.2342e-09,0,60,4.5659e-06,3.0378e-10,0,60,7.5576e-08,1.3024e-10,0,60,1.1878e-02,1.6783e-07,0,63,4.1802e-03,5.4731e-08,0,63,4.8672e-05,1.2540e-09,0,63,4.4618e-06,2.9939e-10,0,63,7.3926e-08,1.4993e-10,0,63,4.3710,0.0012,0,60,11.7055,0.0032,0,60,15.9201,0.0112,0,60,23.3207,0.0386,0,60,22.0648,1.2798,0,60,1.3574,0.0012,0,60,5.7393,0.0032,0,60,-0.1533,0.0109,0,60,-0.2221,0.0392,0,60,-5.6897,1.2444,0,60,
C:\Nu Stable\Results\2023\20231024 clumped Oman CH,20231024 clumped Oman CH,Data_20688 ETH-04.txt,ETH-04,C:\Nu Stable\Analyses\DI\CO2 20-6-20 clumped NuCarb.rdf,Clumped CO2 Iterative,2023/10/24 12:22:38,2023/10/26 07:25:58,413,29,2.4870e-07,6.021725E-10,CF,18.341,1.000e-03,1,1.0000e-03,6336, InitialisePrepSampleRun; CheckIfCFRequired; UseCF; SampleTrapped; Chop_CF_SamSub; SampleTrapped; BalanceRefToSamValue; DepletingBalance; SampleReady;,3.6849e-08,1.5000e-07,7.4813e-08,7.5265e-08,7.5221e-08,7.5070e-08,0.96,2023/10/26 07:25:12,0.20,5153,8448,1.0000e-03,46.017,20,8,20,20,0.000,2.3466e-15,3.8087e-15,5.8973e-16,7.8691e-14,4.5152e-13,1.9002e-11,24.00,25.00,63.78,-1.95e02,-1.65e02,63.78,0.00,63.78,63.78,2023/10/26 06:29:10,2023/10/26 07:07:59,77,4.29310e-08,0.000,0,63,4.32602e-08,1.63629e-09,0,60,1.17895e-02,1.37268e-07,0,60,4.1565e-03,4.8171e-08,0,60,4.8018e-05,1.3850e-09,0,60,4.4101e-06,3.7695e-10,0,60,7.3057e-08,1.1306e-10,0,60,1.1878e-02,1.4064e-07,0,63,4.1799e-03,5.0382e-08,0,63,4.8671e-05,1.0277e-09,0,63,4.4603e-06,3.8611e-10,0,63,7.3786e-08,1.3646e-10,0,63,-7.4195,0.0017,0,60,-5.5837,0.0074,0,60,-13.4163,0.0266,0,60,-11.2418,0.0403,0,60,-10.3490,1.8966,0,60,-10.5922,0.0016,0,60,-11.4405,0.0074,0,60,-0.3215,0.0238,0,60,-0.1067,0.0419,0,60,8.5678,1.9347,0,60,
C:\Nu Stable\Results\2023\20231024 clumped Oman CH,20231024 clumped Oman CH,Data_20689 IAEA-C2.txt,IAEA-C2,C:\Nu Stable\Analyses\DI\CO2 20-6-20 clumped NuCarb.rdf,Clumped CO2 Iterative,2023/10/24 12:22:38,2023/10/26 08:47:59,409,30,2.5012e-07,6.11542E-10,CF,19.714,1.000e-03,1,1.0000e-03,6304, InitialisePrepSampleRun; CheckIfCFRequired; UseCF; SampleTrapped; Chop_CF_SamSub; SampleTrapped; BalanceRefToSamValue; DepletingBalance; SampleReady;,3.6266e-08,1.5000e-07,8.1008e-08,8.1150e-08,8.1082e-08,8.0890e-08,0.96,2023/10/26 08:47:13,0.24,4851,8446,1.0000e-03,46.017,20,8,20,20,0.000,2.3766e-15,3.8577e-15,5.8866e-16,7.8843e-14,4.5222e-13,1.8986e-11,24.00,26.00,63.78,-1.95e02,-1.69e02,63.78,0.00,63.78,63.78,2023/10/26 07:50:09,2023/10/26 08:29:17,78,4.55833e-08,0.000,0,63,4.59422e-08,1.77412e-09,0,60,1.18190e-02,1.44927e-07,0,60,4.1978e-03,5.0453e-08,0,60,4.8624e-05,8.5974e-10,0,60,4.4979e-06,3.7523e-10,0,60,7.3154e-08,1.2458e-10,0,60,1.1878e-02,1.4407e-07,0,63,4.1801e-03,4.8092e-08,0,63,4.8676e-05,1.1215e-09,0,63,4.4604e-06,3.6261e-10,0,63,7.2740e-08,1.0629e-10,0,63,-4.9577,0.0040,0,60,4.2493,0.0072,0,60,-1.0819,0.0174,0,60,8.4047,0.0543,0,60,5.4048,1.9305,0,60,-8.3133,0.0042,0,60,-1.6604,0.0072,0,60,-0.1339,0.0155,0,60,-0.1110,0.0554,0,60,2.3361,1.9261,0,60,
C:\Nu Stable\Results\2023\20231024 clumped Oman CH,20231024 clumped Oman CH,Data_20690 MBE 78A.txt,MBE 78A,C:\Nu Stable\Analyses\DI\CO2 20-6-20 clumped NuCarb.rdf,Clumped CO2 Iterative,2023/10/24 12:22:38,2023/10/26 10:15:08,466,31,2.5013e-07,5.367695E-10,CF,21.484,1.000e-03,1,1.0000e-03,6304, InitialisePrepSampleRun; CheckIfCFRequired; UseCF; SampleTrapped; Chop_CF_SamSub; SampleTrapped; BalanceRefToSamValue; DepletingBalance; SampleReady;,4.2070e-08,1.5000e-07,8.8413e-08,8.8698e-08,8.8634e-08,8.8444e-08,0.96,2023/10/26 10:14:22,0.21,5114,8449,1.0000e-03,46.019,20,8,20,20,0.000,2.3500e-15,3.8098e-15,6.8361e-16,8.0279e-14,4.5576e-13,1.9298e-11,24.00,26.00,63.78,-1.95e02,-1.66e02,63.78,0.00,63.78,63.78,2023/10/26 09:12:05,2023/10/26 09:51:18,79,4.88757e-08,0.000,0,63,4.94269e-08,1.96199e-09,0,60,1.19138e-02,2.74965e-07,0,60,4.2077e-03,1.0850e-07,0,60,4.9123e-05,2.6705e-09,0,60,4.5178e-06,5.2941e-10,0,60,7.3766e-08,9.8948e-11,0,60,1.1878e-02,1.7554e-07,0,63,4.1804e-03,7.8315e-08,0,63,4.8673e-05,1.7571e-09,0,63,4.4603e-06,3.6840e-10,0,63,7.2843e-08,1.3782e-10,0,63,2.9742,0.0187,0,60,6.5339,0.0217,0,60,9.2401,0.0444,0,60,12.8861,0.0875,0,60,12.4360,1.8101,0,60,0.0494,0.0193,0,60,0.5958,0.0216,0,60,-0.2723,0.0360,0,60,-0.2214,0.0984,0,60,-3.6033,1.7838,0,60,
C:\Nu Stable\Results\2023\20231024 clumped Oman CH,20231024 clumped Oman CH,Data_20691 MDE 71A.txt,MDE 71A,C:\Nu Stable\Analyses\DI\CO2 20-6-20 clumped NuCarb.rdf,Clumped CO2 Iterative,2023/10/24 12:22:38,2023/10/26 11:36:44,480,32,2.5019e-07,5.212314E-10,CF,25.360,1.000e-03,1,1.0000e-03,6304, InitialisePrepSampleRun; CheckIfCFRequired; UseCF; SampleTrapped; Chop_CF_SamSub; SampleTrapped; BalanceRefToSamValue; DepletingBalance; SampleReady;,4.1267e-08,1.5000e-07,1.0967e-07,1.0978e-07,1.0968e-07,1.0943e-07,0.96,2023/10/26 11:35:58,0.22,4426,8449,1.0000e-03,46.021,20,8,20,20,0.000,2.4328e-15,3.8479e-15,7.3814e-16,8.2914e-14,4.6322e-13,1.9857e-11,25.00,27.00,63.78,-1.95e02,-1.58e02,63.78,0.00,63.78,63.78,2023/10/26 10:39:36,2023/10/26 11:18:17,78,5.77944e-08,0.000,0,63,5.84397e-08,2.48471e-09,0,60,1.19585e-02,1.99787e-07,0,60,4.2066e-03,7.4030e-08,0,60,4.9292e-05,1.5420e-09,0,60,4.5159e-06,3.4160e-10,0,60,7.2108e-08,1.0921e-10,0,60,1.1879e-02,1.9369e-07,0,63,4.1803e-03,6.7081e-08,0,63,4.8668e-05,1.4672e-09,0,63,4.4603e-06,3.4949e-10,0,63,7.1256e-08,9.0433e-11,0,63,6.7322,0.0024,0,60,6.3111,0.0042,0,60,12.8232,0.0110,0,60,12.4529,0.0409,0,60,11.5736,1.5904,0,60,4.0566,0.0025,0,60,0.3659,0.0042,0,60,-0.3637,0.0116,0,60,-0.2064,0.0418,0,60,-7.9698,1.5581,0,60,
C:\Nu Stable\Results\2023\20231024 clumped Oman CH,20231024 clumped Oman CH,Data_20692 MDE 71B.txt,MDE 71B,C:\Nu Stable\Analyses\DI\CO2 20-6-20 clumped NuCarb.rdf,Clumped CO2 Iterative,2023/10/24 12:22:38,2023/10/26 12:57:56,458,33,2.5025e-07,5.46394E-10,CF,24.658,1.000e-03,1,1.0000e-03,6304, InitialisePrepSampleRun; CheckIfCFRequired; UseCF; SampleTrapped; Chop_CF_SamSub; SampleTrapped; BalanceRefToSamValue; DepletingBalance; SampleReady;,4.0472e-08,1.5000e-07,1.0275e-07,1.0361e-07,1.0350e-07,1.0322e-07,0.96,2023/10/26 12:57:11,0.27,4516,8448,1.0000e-03,46.024,20,8,20,20,0.000,2.3333e-15,3.8892e-15,6.3855e-16,7.9281e-14,4.5286e-13,1.9071e-11,25.00,27.00,63.78,-1.95e02,-1.67e02,63.78,0.00,63.78,63.78,2023/10/26 12:00:53,2023/10/26 12:40:03,78,5.47417e-08,0.000,0,63,5.55171e-08,2.29942e-09,0,60,1.19504e-02,4.45446e-07,0,60,4.2077e-03,2.0179e-07,0,60,4.9261e-05,2.8016e-09,0,60,4.5124e-06,7.4042e-10,0,60,7.3361e-08,2.4240e-10,0,60,1.1880e-02,5.0432e-07,0,63,4.1809e-03,1.9368e-07,0,63,4.8666e-05,3.9099e-09,0,63,4.4545e-06,9.9137e-10,0,63,7.2175e-08,2.5974e-10,0,63,5.9365,0.0318,0,60,6.4148,0.0391,0,60,12.2343,0.0668,0,60,13.0284,0.1555,0,60,16.8044,2.8470,0,60,3.2061,0.0326,0,60,0.4708,0.0389,0,60,-0.2319,0.0791,0,60,0.1566,0.2201,0,60,-2.1889,2.8811,0,60,
C:\Nu Stable\Results\2023\20231024 clumped Oman CH,20231024 clumped Oman CH,Data_20693 ETH-04.txt,ETH-04,C:\Nu Stable\Analyses\DI\CO2 20-6-20 clumped NuCarb.rdf,Clumped CO2 Iterative,2023/10/24 12:22:38,2023/10/26 14:21:17,409,34,2.5028e-07,6.119258E-10,CF,20.538,1.000e-03,1,1.0000e-03,6304, InitialisePrepSampleRun; CheckIfCFRequired; UseCF; SampleTrapped; Chop_CF_SamSub; SampleTrapped; BalanceRefToSamValue; DepletingBalance; SampleReady;,3.9648e-08,1.5000e-07,8.4555e-08,8.0516e-08,8.0865e-08,8.0254e-08,0.96,2023/10/26 14:20:31,0.76,5203,8449,1.0000e-03,46.019,20,8,20,20,0.000,2.3829e-15,3.8883e-15,6.9326e-16,8.0822e-14,4.5787e-13,1.9433e-11,20.00,24.00,63.78,-1.95e02,-1.61e02,63.78,0.00,63.78,63.78,2023/10/26 13:22:36,2023/10/26 14:01:33,78,4.49393e-08,0.000,0,63,4.55419e-08,1.73841e-09,0,60,1.17918e-02,9.27182e-07,0,60,4.1579e-03,4.3727e-07,0,60,4.8012e-05,1.0347e-08,0,60,4.4026e-06,2.0664e-09,0,60,6.9568e-08,4.8902e-10,0,60,1.1881e-02,1.2813e-06,0,63,4.1814e-03,5.3957e-07,0,63,4.8677e-05,3.9294e-09,0,63,4.4525e-06,2.1848e-09,0,63,7.0311e-08,6.7219e-10,0,63,-7.4617,0.0764,0,60,-5.6118,0.0940,0,60,-13.6487,0.2217,0,60,-11.3035,0.4751,0,60,-10.5284,7.9248,0,60,-10.6362,0.0781,0,60,-11.4683,0.0933,0,60,-0.4844,0.2631,0,60,-0.1068,0.6430,0,60,8.6114,8.3629,0,60,
C:\Nu Stable\Results\2023\20231024 clumped Oman CH,20231024 clumped Oman CH,Data_20694 IAEA-C2.txt,IAEA-C2,C:\Nu Stable\Analyses\DI\CO2 20-6-20 clumped NuCarb.rdf,Clumped CO2 Iterative,2023/10/24 12:22:38,2023/10/26 15:42:39,491,35,2.5028e-07,5.097349E-10,CF,23.590,1.000e-03,1,1.0000e-03,6272, InitialisePrepSampleRun; CheckIfCFRequired; UseCF; SampleTrapped; Chop_CF_SamSub; SampleTrapped; BalanceRefToSamValue; DepletingBalance; SampleReady;,3.8712e-08,1.5000e-07,9.8408e-08,9.9183e-08,9.9091e-08,9.8858e-08,0.96,2023/10/26 15:41:53,0.23,4506,8448,1.0000e-03,46.019,20,8,20,20,0.000,2.3738e-15,3.8808e-15,6.8951e-16,8.1484e-14,4.5959e-13,1.9565e-11,25.00,27.00,63.78,-1.95e02,-1.57e02,63.78,0.00,63.78,63.78,2023/10/26 14:43:18,2023/10/26 15:24:39,82,5.34480e-08,0.000,0,63,5.40498e-08,2.21866e-09,0,60,1.18190e-02,1.73833e-07,0,60,4.1979e-03,5.8935e-08,0,60,4.8616e-05,1.0476e-09,0,60,4.4981e-06,3.1928e-10,0,60,7.2492e-08,9.9802e-11,0,60,1.1878e-02,1.7425e-07,0,63,4.1802e-03,5.3419e-08,0,63,4.8673e-05,1.1118e-09,0,63,4.4605e-06,3.1296e-10,0,63,7.2536e-08,1.1344e-10,0,63,-4.9724,0.0007,0,60,4.2367,0.0019,0,60,-1.1590,0.0099,0,60,8.4475,0.0394,0,60,-0.8280,1.6163,0,60,-8.3285,0.0007,0,60,-1.6728,0.0019,0,60,-0.1836,0.0101,0,60,-0.0436,0.0385,0,60,-3.8378,1.6109,0,60,
C:\Nu Stable\Results\2023\20231024 clumped Oman CH,20231024 clumped Oman CH,Data_20695 BD1 15.5B.txt,BD1 15.5B,C:\Nu Stable\Analyses\DI\CO2 20-6-20 clumped NuCarb.rdf,Clumped CO2 Iterative,2023/10/24 12:22:38,2023/10/26 17:05:16,497,36,2.6643e-08,5.360825E-11,CF,0.122,1.000e-03,0,1.0000e-03,6304, InitialisePrepSampleRun; CheckIfCFRequired; UseCF; SampleTrapped; BalanceRefToSamValue; SampleReady; (BeamTooBig_RunningMisBalanced) ;,3.7994e-08,1.5000e-07,2.5551e-08,8.0516e-08,8.0865e-08,8.0254e-08,0.96,2023/10/26 17:04:19,-35.55,8397,8446,1.0000e-03,46.017,20,8,20,20,0.000,2.2709e-15,3.7689e-15,5.3072e-16,7.3505e-14,4.3919e-13,1.7885e-11,34.00,37.00,63.78,-1.95e02,-1.66e02,63.78,0.00,63.78,63.78,2023/10/26 16:07:11,2023/10/26 16:45:58,78,1.66199e-08,0.000,0,63,1.13717e-08,6.24503e-10,0,60,1.18963e-02,9.88058e-08,0,60,4.2156e-03,7.6123e-08,0,60,4.9178e-05,1.1298e-09,0,60,4.5253e-06,1.3913e-09,0,60,8.0603e-08,4.8193e-10,0,60,1.1875e-02,8.6954e-08,0,63,4.1794e-03,5.4218e-08,0,63,4.8668e-05,1.1009e-09,0,63,4.4509e-06,9.9257e-10,0,63,7.7221e-08,3.2981e-10,0,63,1.7983,0.0037,0,60,8.6728,0.0135,0,60,10.4954,0.0256,0,60,16.7205,0.1480,0,60,44.5396,7.4800,0,60,-1.2761,0.0036,0,60,2.7270,0.0134,0,60,0.0903,0.0234,0,60,-0.6885,0.1358,0,60,24.9813,7.3317,0,60,
C:\Nu Stable\Results\2023\20231024 clumped Oman CH,20231024 clumped Oman CH,Data_20696 BD1 ZEBRA 70mA.txt,BD1 ZEBRA 70mA,C:\Nu Stable\Analyses\DI\CO2 20-6-20 clumped NuCarb.rdf,Clumped CO2 Iterative,2023/10/24 12:22:38,2023/10/26 18:26:23,422,37,2.5030e-07,5.931285E-10,CF,19.684,1.000e-03,1,1.0000e-03,6304, InitialisePrepSampleRun; CheckIfCFRequired; UseCF; SampleTrapped; Chop_CF_SamSub; SampleTrapped; BalanceRefToSamValue; DepletingBalance; SampleReady;,3.6028e-08,1.5000e-07,7.9216e-08,7.9528e-08,7.9448e-08,7.9353e-08,0.96,2023/10/26 18:25:37,0.12,5039,8446,1.0000e-03,46.019,20,8,20,20,0.000,2.3271e-15,3.7209e-15,6.1083e-16,7.5917e-14,4.4485e-13,1.8389e-11,24.00,26.00,63.78,-1.95e02,-1.64e02,63.78,0.00,63.78,63.78,2023/10/26 17:28:03,2023/10/26 18:08:36,81,4.49939e-08,0.000,0,63,4.53886e-08,1.73475e-09,0,60,1.19410e-02,1.41837e-07,0,60,4.1946e-03,4.4366e-08,0,60,4.9093e-05,9.0690e-10,0,60,4.4925e-06,2.9368e-10,0,60,7.4299e-08,1.0871e-10,0,60,1.1877e-02,1.3607e-07,0,63,4.1801e-03,4.4345e-08,0,63,4.8672e-05,9.2357e-10,0,63,4.4624e-06,2.6796e-10,0,63,7.3648e-08,1.4254e-10,0,63,5.3526,0.0017,0,60,3.4821,0.0042,0,60,8.6612,0.0123,0,60,6.7251,0.0454,0,60,8.3533,1.8232,0,60,2.6862,0.0018,0,60,-2.4464,0.0042,0,60,-0.2975,0.0098,0,60,-0.2494,0.0445,0,60,-4.1849,1.8020,0,60,
C:\Nu Stable\Results\2023\20231024 clumped Oman CH,20231024 clumped Oman CH,Data_20697 BD1 ZEBRA 70mB1.txt,BD1 ZEBRA 70mB1,C:\Nu Stable\Analyses\DI\CO2 20-6-20 clumped NuCarb.rdf,Clumped CO2 Iterative,2023/10/24 12:22:38,2023/10/26 19:49:07,392,38,2.4392e-07,6.222342E-10,CF,18.127,1.000e-03,1,1.0000e-03,6304, InitialisePrepSampleRun; CheckIfCFRequired; UseCF; SampleTrapped; Chop_CF_SamSub; SampleTrapped; BalanceRefToSamValue; DepletingBalance; SampleReady;,3.7108e-08,1.5000e-07,7.1276e-08,7.1911e-08,7.1883e-08,7.1849e-08,0.96,2023/10/26 19:48:21,0.05,5308,8446,1.0000e-03,46.019,20,8,20,20,0.000,2.3444e-15,3.7787e-15,5.9331e-16,7.7902e-14,4.5108e-13,1.8821e-11,24.00,25.00,63.78,-1.95e02,-1.69e02,63.78,0.00,63.78,63.78,2023/10/26 18:50:31,2023/10/26 19:29:42,78,4.14062e-08,0.000,0,63,4.14764e-08,1.53871e-09,0,60,1.19246e-02,1.30341e-07,0,60,4.1991e-03,4.4621e-08,0,60,4.9078e-05,8.5153e-10,0,60,4.5004e-06,3.3390e-10,0,60,7.3555e-08,1.2704e-10,0,60,1.1877e-02,1.2802e-07,0,63,4.1799e-03,3.8120e-08,0,63,4.8671e-05,8.7358e-10,0,63,4.4600e-06,3.3504e-10,0,63,7.3249e-08,1.2319e-10,0,63,3.9995,0.0020,0,60,4.5896,0.0048,0,60,8.3802,0.0137,0,60,9.0724,0.0453,0,60,3.6667,1.8202,0,60,1.2078,0.0020,0,60,-1.3413,0.0048,0,60,-0.2743,0.0116,0,60,-0.1267,0.0429,0,60,-9.5453,1.7980,0,60,
C:\Nu Stable\Results\2023\20231024 clumped Oman CH,20231024 clumped Oman CH,Data_20698 ETH-02.txt,ETH-02,C:\Nu Stable\Analyses\DI\CO2 20-6-20 clumped NuCarb.rdf,Clumped CO2 Iterative,2023/10/24 12:22:38,2023/10/26 21:10:00,413,39,2.5030e-07,6.060438E-10,CF,20.569,1.000e-03,1,1.0000e-03,6304, InitialisePrepSampleRun; CheckIfCFRequired; UseCF; SampleTrapped; Chop_CF_SamSub; SampleTrapped; BalanceRefToSamValue; DepletingBalance; SampleReady;,3.6203e-08,1.5000e-07,8.3292e-08,8.3554e-08,8.3492e-08,8.3334e-08,0.96,2023/10/26 21:09:15,0.19,4775,8444,1.0000e-03,46.019,20,8,20,20,0.000,2.3004e-15,3.7327e-15,6.4105e-16,7.8837e-14,4.5231e-13,1.8984e-11,24.00,26.00,63.78,-1.95e02,-1.69e02,63.78,0.00,63.78,63.78,2023/10/26 20:12:15,2023/10/26 20:52:27,80,4.66964e-08,0.000,0,63,4.70367e-08,1.83290e-09,0,60,1.17915e-02,1.45552e-07,0,60,4.1576e-03,5.7663e-08,0,60,4.8025e-05,1.6312e-09,0,60,4.4135e-06,3.6118e-10,0,60,7.2743e-08,1.0809e-10,0,60,1.1878e-02,1.4481e-07,0,63,4.1800e-03,5.1366e-08,0,63,4.8672e-05,1.1750e-09,0,63,4.4623e-06,2.9530e-10,0,63,7.4184e-08,1.4746e-10,0,63,-7.2486,0.0024,0,60,-5.3761,0.0091,0,60,-13.2997,0.0251,0,60,-10.9475,0.0538,0,60,-19.3606,1.8647,0,60,-10.4176,0.0023,0,60,-11.2342,0.0091,0,60,-0.5861,0.0206,0,60,-0.2268,0.0525,0,60,-1.2096,1.8983,0,60,
C:\Nu Stable\Results\2023\20231024 clumped Oman CH,20231024 clumped Oman CH,Data_20699 ETH-01.txt,ETH-01,C:\Nu Stable\Analyses\DI\CO2 20-6-20 clumped NuCarb.rdf,Clumped CO2 Iterative,2023/10/24 12:22:38,2023/10/26 22:31:23,471,40,2.5029e-07,5.313947E-10,CF,25.177,1.000e-03,1,1.0000e-03,6272, InitialisePrepSampleRun; CheckIfCFRequired; UseCF; SampleTrapped; Chop_CF_SamSub; SampleTrapped; BalanceRefToSamValue; DepletingBalance; SampleReady;,3.5593e-08,1.5000e-07,1.0479e-07,1.0536e-07,1.0527e-07,1.0501e-07,0.96,2023/10/26 22:30:38,0.25,4087,8449,1.0000e-03,46.019,20,8,20,20,0.000,2.3652e-15,3.8466e-15,7.5656e-16,8.1083e-14,4.5916e-13,1.9522e-11,25.00,27.00,63.78,-1.95e02,-1.58e02,63.78,0.00,63.78,63.78,2023/10/26 21:34:10,2023/10/26 22:13:19,78,5.60054e-08,0.000,0,63,5.65839e-08,2.37423e-09,0,60,1.19331e-02,1.58457e-07,0,60,4.2272e-03,7.9838e-08,0,60,4.9421e-05,1.5485e-09,0,60,4.5607e-06,3.5028e-10,0,60,7.3358e-08,9.5071e-11,0,60,1.1879e-02,1.4102e-07,0,63,4.1810e-03,1.0047e-07,0,63,4.8688e-05,1.7204e-09,0,63,4.4631e-06,2.7648e-10,0,63,7.2315e-08,1.2556e-10,0,63,4.5822,0.0051,0,60,11.0630,0.0229,0,60,15.0644,0.0364,0,60,21.8748,0.0445,0,60,14.1916,1.5704,0,60,1.6043,0.0047,0,60,5.0995,0.0227,0,60,-0.5872,0.0135,0,60,-0.3654,0.0419,0,60,-12.3356,1.5333,0,60,
C:\Nu Stable\Results\2023\20231024 clumped Oman CH,20231024 clumped Oman CH,Data_20700 MBE 78B.txt,MBE 78B,C:\Nu Stable\Analyses\DI\CO2 20-6-20 clumped NuCarb.rdf,Clumped CO2 Iterative,2023/10/24 12:22:38,2023/10/26 23:58:56,453,41,2.5028e-07,5.524904E-10,CF,23.010,1.000e-03,1,1.0000e-03,6272, InitialisePrepSampleRun; CheckIfCFRequired; UseCF; SampleTrapped; Chop_CF_SamSub; SampleTrapped; BalanceRefToSamValue; DepletingBalance; SampleReady;,4.1328e-08,1.5000e-07,9.4193e-08,9.4419e-08,9.4908e-08,9.4054e-08,0.96,2023/10/26 23:58:11,0.91,4856,8449,1.0000e-03,46.024,20,8,20,20,0.000,2.3577e-15,3.8382e-15,6.2728e-16,8.0851e-14,4.5767e-13,1.9418e-11,25.00,27.00,63.78,-1.95e02,-1.64e02,63.78,0.00,63.78,63.78,2023/10/26 22:55:28,2023/10/26 23:34:42,79,5.14630e-08,0.000,0,63,5.22351e-08,2.11814e-09,0,60,1.19529e-02,1.79432e-07,0,60,4.2059e-03,6.3300e-08,0,60,4.9260e-05,1.5532e-09,0,60,4.5122e-06,4.4916e-10,0,60,7.3196e-08,1.2925e-10,0,60,1.1878e-02,1.8257e-07,0,63,4.1802e-03,6.5596e-08,0,63,4.8663e-05,1.5281e-09,0,63,4.4582e-06,3.9392e-10,0,63,7.2127e-08,1.1590e-10,0,63,6.3091,0.0042,0,60,6.1651,0.0048,0,60,12.2804,0.0126,0,60,12.1167,0.0437,0,60,14.8432,1.9309,0,60,3.6113,0.0043,0,60,0.2215,0.0048,0,60,-0.3239,0.0149,0,60,-0.2484,0.0456,0,60,-4.0337,1.8993,0,60,
C:\Nu Stable\Results\2023\20231024 clumped Oman CH,20231024 clumped Oman CH,Data_20701 BD1 ZEBRA 70mB2.txt,BD1 ZEBRA 70mB2,C:\Nu Stable\Analyses\DI\CO2 20-6-20 clumped NuCarb.rdf,Clumped CO2 Iterative,2023/10/24 12:22:38,2023/10/27 01:19:51,429,42,2.5027e-07,5.833744E-10,CF,20.386,1.000e-03,1,1.0000e-03,6272, InitialisePrepSampleRun; CheckIfCFRequired; UseCF; SampleTrapped; Chop_CF_SamSub; SampleTrapped; BalanceRefToSamValue; DepletingBalance; SampleReady;,4.0599e-08,1.5000e-07,8.1720e-08,8.2181e-08,8.2863e-08,8.1947e-08,0.96,2023/10/27 01:19:06,1.12,5228,8449,1.0000e-03,46.019,20,8,20,20,0.000,2.3625e-15,3.8071e-15,6.0386e-16,8.0050e-14,4.5551e-13,1.9235e-11,24.00,26.00,63.78,-1.95e02,-1.61e02,63.78,0.00,63.78,63.78,2023/10/27 00:23:13,2023/10/27 01:02:16,78,4.59757e-08,0.000,0,63,4.66598e-08,1.81700e-09,0,60,1.19450e-02,2.90567e-07,0,60,4.1958e-03,1.3791e-07,0,60,4.9120e-05,1.6179e-09,0,60,4.4909e-06,5.5901e-10,0,60,7.2451e-08,1.7358e-10,0,60,1.1878e-02,2.1540e-07,0,63,4.1804e-03,1.2198e-07,0,63,4.8675e-05,1.6843e-09,0,63,4.4598e-06,3.8083e-10,0,63,7.1870e-08,1.3609e-10,0,63,5.6376,0.0158,0,60,3.6910,0.0207,0,60,9.1369,0.0244,0,60,6.9891,0.0745,0,60,7.7061,1.9127,0,60,2.9823,0.0162,0,60,-2.2391,0.0205,0,60,-0.3229,0.0299,0,60,-0.4034,0.0975,0,60,-5.5287,1.9101,0,60,
C:\Nu Stable\Results\2023\20231024 clumped Oman CH,20231024 clumped Oman CH,Data_20702 MDE 71A.txt,MDE 71A,C:\Nu Stable\Analyses\DI\CO2 20-6-20 clumped NuCarb.rdf,Clumped CO2 Iterative,2023/10/24 12:22:38,2023/10/27 02:40:39,404,43,2.5026e-07,6.194649E-10,CF,20.050,1.000e-03,1,1.0000e-03,6272, InitialisePrepSampleRun; CheckIfCFRequired; UseCF; SampleTrapped; Chop_CF_SamSub; SampleTrapped; BalanceRefToSamValue; DepletingBalance; SampleReady;,3.9820e-08,1.5000e-07,8.1747e-08,8.2148e-08,8.2089e-08,8.1899e-08,0.96,2023/10/27 02:39:54,0.23,5164,8449,1.0000e-03,46.019,20,8,20,20,0.000,2.3541e-15,3.7943e-15,6.9594e-16,7.9712e-14,4.5388e-13,1.9170e-11,24.00,26.00,63.78,-1.95e02,-1.69e02,63.78,0.00,63.78,63.78,2023/10/27 01:44:25,2023/10/27 02:23:10,78,4.59905e-08,0.000,0,63,4.63949e-08,1.79178e-09,0,60,1.19575e-02,1.52189e-07,0,60,4.2063e-03,4.9483e-08,0,60,4.9294e-05,1.0265e-09,0,60,4.5162e-06,3.0993e-10,0,60,7.3554e-08,1.0891e-10,0,60,1.1878e-02,1.4610e-07,0,63,4.1800e-03,4.4635e-08,0,63,4.8670e-05,9.8456e-10,0,63,4.4608e-06,3.7682e-10,0,63,7.2281e-08,1.1920e-10,0,63,6.7260,0.0007,0,60,6.2815,0.0015,0,60,12.8400,0.0099,0,60,12.4308,0.0467,0,60,17.1248,1.9741,0,60,4.0510,0.0007,0,60,0.3365,0.0015,0,60,-0.3118,0.0099,0,60,-0.1695,0.0461,0,60,-2.4616,1.9355,0,60,
C:\Nu Stable\Results\2023\20231024 clumped Oman CH,20231024 clumped Oman CH,Data_20703 ETH-03.txt,ETH-03,C:\Nu Stable\Analyses\DI\CO2 20-6-20 clumped NuCarb.rdf,Clumped CO2 Iterative,2023/10/24 12:22:38,2023/10/27 04:01:13,403,44,2.5026e-07,6.209958E-10,CF,19.195,1.000e-03,1,1.0000e-03,6304, InitialisePrepSampleRun; CheckIfCFRequired; UseCF; SampleTrapped; Chop_CF_SamSub; SampleTrapped; BalanceRefToSamValue; DepletingBalance; SampleReady;,3.9171e-08,1.5000e-07,7.9068e-08,7.9524e-08,7.9470e-08,7.9321e-08,0.96,2023/10/27 04:00:28,0.19,5198,8449,1.0000e-03,46.019,20,8,20,20,0.000,2.2960e-15,3.7989e-15,7.1043e-16,7.9520e-14,4.5422e-13,1.9084e-11,24.00,26.00,63.78,-1.95e02,-1.63e02,63.78,0.00,63.78,63.78,2023/10/27 03:05:12,2023/10/27 03:43:58,77,4.48994e-08,0.000,0,63,4.52745e-08,1.73753e-09,0,60,1.19293e-02,1.42927e-07,0,60,4.2289e-03,4.7930e-08,0,60,4.9443e-05,1.0059e-09,0,60,4.5640e-06,3.5419e-10,0,60,7.5662e-08,1.2587e-10,0,60,1.1878e-02,1.4102e-07,0,63,4.1801e-03,4.0650e-08,0,63,4.8671e-05,9.5220e-10,0,63,4.4605e-06,3.4726e-10,0,63,7.3996e-08,1.3996e-10,0,63,4.3536,0.0012,0,60,11.6705,0.0044,0,60,15.8624,0.0135,0,60,23.1836,0.0440,0,60,22.3417,1.8241,0,60,1.3401,0.0012,0,60,5.7046,0.0044,0,60,-0.1582,0.0119,0,60,-0.2869,0.0434,0,60,-5.3343,1.7744,0,60,
C:\Nu Stable\Results\2023\20231024 clumped Oman CH,20231024 clumped Oman CH,Data_20704 ETH-04.txt,ETH-04,C:\Nu Stable\Analyses\DI\CO2 20-6-20 clumped NuCarb.rdf,Clumped CO2 Iterative,2023/10/24 12:22:38,2023/10/27 05:23:07,412,45,2.5025e-07,6.073944E-10,CF,20.996,1.000e-03,1,1.0000e-03,6272, InitialisePrepSampleRun; CheckIfCFRequired; UseCF; SampleTrapped; Chop_CF_SamSub; SampleTrapped; BalanceRefToSamValue; DepletingBalance; SampleReady;,3.8391e-08,1.5000e-07,8.7351e-08,8.7594e-08,8.7519e-08,8.7310e-08,0.96,2023/10/27 05:22:21,0.24,4832,8449,1.0000e-03,46.019,20,8,20,20,0.000,2.3371e-15,3.7569e-15,6.0421e-16,7.9891e-14,4.5401e-13,1.9189e-11,24.00,26.00,63.78,-1.95e02,-1.65e02,63.78,0.00,63.78,63.78,2023/10/27 04:25:38,2023/10/27 05:04:33,78,4.84604e-08,0.000,0,63,4.88965e-08,1.93546e-09,0,60,1.17898e-02,1.50147e-07,0,60,4.1568e-03,4.8586e-08,0,60,4.8021e-05,9.4320e-10,0,60,4.4111e-06,3.3776e-10,0,60,7.1885e-08,1.0986e-10,0,60,1.1878e-02,1.4740e-07,0,63,4.1802e-03,4.7516e-08,0,63,4.8674e-05,1.0690e-09,0,63,4.4612e-06,3.2167e-10,0,63,7.2569e-08,1.3072e-10,0,63,-7.4164,0.0035,0,60,-5.5950,0.0093,0,60,-13.4096,0.0181,0,60,-11.2405,0.0374,0,60,-9.6437,1.4252,0,60,-10.5885,0.0035,0,60,-11.4517,0.0093,0,60,-0.3068,0.0128,0,60,-0.0828,0.0401,0,60,9.3060,1.4590,0,60,
C:\Nu Stable\Results\2023\20231024 clumped Oman CH,20231024 clumped Oman CH,Data_20705 BD1 ZEBRA 70mA.txt,BD1 ZEBRA 70mA,C:\Nu Stable\Analyses\DI\CO2 20-6-20 clumped NuCarb.rdf,Clumped CO2 Iterative,2023/10/24 12:22:38,2023/10/27 06:44:38,489,46,2.5024e-07,5.117472E-10,CF,23.773,1.000e-03,1,1.0000e-03,6304, InitialisePrepSampleRun; CheckIfCFRequired; UseCF; SampleTrapped; Chop_CF_SamSub; SampleTrapped; BalanceRefToSamValue; DepletingBalance; SampleReady;,3.7814e-08,1.5000e-07,9.7801e-08,9.8608e-08,9.8646e-08,9.8322e-08,0.96,2023/10/27 06:43:53,0.33,4431,8447,1.0000e-03,46.019,20,8,20,20,0.000,2.2988e-15,3.8225e-15,6.6412e-16,8.0836e-14,4.5748e-13,1.9391e-11,25.00,27.00,63.78,-1.95e02,2.92e01,63.78,0.00,63.78,63.78,2023/10/27 05:47:12,2023/10/27 06:26:27,79,5.32039e-08,0.000,0,63,5.38815e-08,2.20652e-09,0,60,1.19416e-02,1.80062e-07,0,60,4.1951e-03,6.2398e-08,0,60,4.9097e-05,1.1350e-09,0,60,4.4919e-06,3.5746e-10,0,60,7.4109e-08,1.3279e-10,0,60,1.1878e-02,1.7351e-07,0,63,4.1802e-03,5.8214e-08,0,63,4.8674e-05,1.2008e-09,0,63,4.4607e-06,3.2328e-10,0,63,7.3305e-08,1.4910e-10,0,63,5.3314,0.0009,0,60,3.5591,0.0020,0,60,8.6948,0.0089,0,60,6.9877,0.0416,0,60,10.7915,1.3103,0,60,2.6610,0.0009,0,60,-2.3697,0.0020,0,60,-0.3181,0.0090,0,60,-0.1421,0.0418,0,60,-1.9055,1.2941,0,60,
C:\Nu Stable\Results\2023\20231024 clumped Oman CH,20231024 clumped Oman CH,Data_20706 IAEA-C2.txt,IAEA-C2,C:\Nu Stable\Analyses\DI\CO2 20-6-20 clumped NuCarb.rdf,Clumped CO2 Iterative,2023/10/24 12:22:38,2023/10/27 08:48:03,405,47,2.5022e-07,6.178298E-10,CF,18.829,1.000e-03,1,1.0000e-03,6272, InitialisePrepSampleRun; CheckIfCFRequired; UseCF; SampleTrapped; Chop_CF_SamSub; SampleTrapped; BalanceRefToSamValue; DepletingBalance; SampleReady;,3.6522e-08,1.5000e-07,7.7126e-08,7.7402e-08,7.7360e-08,7.7236e-08,0.96,2023/10/27 08:47:18,0.16,5058,8446,1.0000e-03,46.017,20,8,20,20,0.000,2.3291e-15,3.7000e-15,5.6809e-16,7.5349e-14,4.4294e-13,1.8231e-11,24.00,26.00,63.78,-1.95e02,-1.62e02,63.78,0.00,63.78,63.78,2023/10/27 07:50:54,2023/10/27 08:47:43,113,4.40198e-08,0.000,0,63,4.44493e-08,1.68429e-09,0,60,1.18186e-02,1.34117e-07,0,60,4.1977e-03,4.6086e-08,0,60,4.8621e-05,8.9717e-10,0,60,4.5000e-06,2.9838e-10,0,60,7.3430e-08,1.1996e-10,0,60,1.1878e-02,1.3742e-07,0,63,4.1800e-03,4.2154e-08,0,63,4.8674e-05,9.2995e-10,0,63,4.4627e-06,2.6787e-10,0,63,7.2768e-08,1.3878e-10,0,63,-4.9614,0.0008,0,60,4.2381,0.0022,0,60,-1.0793,0.0105,0,60,8.3592,0.0395,0,60,9.4326,2.0390,0,60,-8.3168,0.0009,0,60,-1.6715,0.0022,0,60,-0.1166,0.0095,0,60,-0.1339,0.0383,0,60,6.3774,2.0337,0,60,
