Batch,20230210 clumped Oman Thule ABJ KDB,Collected on,2023/02/11 12:46:35,Analysis Instrument,PS019,Acquisition Software,Stable 1.71.5,Reanalyzed  on,2023/02/11 13:45:32,Reanalysis Instrument,PS019,Reanalysis Software,Stable 1.71.5


Data,Batch,Data,Sample,Method,Analysis,Batch,Time,Sample,Vial,Initial,Sample,ColdFinger,Transducer,InletPiraniPressure,Sample,MaxPumpOverPressure,RawPumpOverPressure,Sample,Min,Max,Pre-balance,Pre-depleted,Final,Final,Depletion,Balance,Balance,RefBellowsPos,SamBellowsPos,Pirani,Current,Num,CO,Cycle,Zero,Zero,Zero,Zero,Zero,Zero,Zero,Zero,Sam,Ref,Ave,Water,Water,Ave, StdDev, Min, Max, Started, Stopped, Num,Ref Major,Std,Rejected,Num,Sam Major,Std,Rejected,Num,Sample,Std,Rejected,Num,Sample,Std,Rejected,Num,Sample,Std,Rejected,Num,Sample,Std,Rejected,Num,Sample,Std,Rejected,Num,Ref,Std,Rejected,Num,Ref,Std,Rejected,Num,Ref,Std,Rejected,Num,Ref,Std,Rejected,Num,Ref,Std,Rejected,Num,Raw,Std,Rejected,Num,Raw,Std,Rejected,Num,Raw,Std,Rejected,Num,Raw,Std,Rejected,Num,Raw,Std,Rejected,Num,Delta(13),Std,Rejected,Num,Delta(18),Std,Rejected,Num,DELTA,Std,Rejected,Num,DELTA,Std,Rejected,Num,DELTA,Std,Rejected,Num,
Dir  ,Name  ,File  ,Name  , , ,Started  ,Collected  ,Weight  ,Location  ,Sam Beam  ,Yield  ,Status  ,Pressure  , ,Chops  , , ,Operations  ,Ref Beam  ,Ref Beam  ,Sam Beam  ,Ref Beam  ,Sam Beam  ,Ref Beam  ,Factor ,End  ,% , , ,Pressure  ,Mass  ,CO Cycles   ,Delay Time  ,Length  ,Length   ,Offset  ,Beams (0) ,Beams (1) ,Beams (2) ,Beams (3) ,Beams (4) ,Beams (5) ,Depletion  ,Depletion  ,Temperature  ,Trap Temperature Hot ,Trap Temperature Cold ,Temp, , ,,,,,Signal(44),Dev,,,Signal(44),Dev,,,Ratio(45/44),Dev,,,Ratio(46/44),Dev,,,Ratio(47/44),Dev,,,Ratio(48/44),Dev,,,Ratio(49/44),Dev,,,Ratio(45/44),Dev,,,Ratio(46/44),Dev,,,Ratio(47/44),Dev,,,Ratio(48/44),Dev,,,Ratio(49/44),Dev,,,Delta(45/44),Err,,,Delta(46/44),Err,,,Delta(47/44),Err,,,Delta(48/44),Err,,,Delta(49/44),Err,,,wrt PDB,Err,,,wrt PDB,Err,,,47,Err,,,48,Err,,,49,Err,,,

C:\Nu Stable\Results\2023\20230210 clumped Oman Thule ABJ KDB,20230210 clumped Oman Thule ABJ KDB,Data_19273 ETH-1.txt,ETH-1,C:\Nu Stable\Analyses\DI\CO2 20-6-20 clumped NuCarb.rdf,Clumped CO2 Iterative,2023/02/11 12:46:35,2023/02/11 12:46:35,426,1,9.6510e-08,2.265501E-10,CF,14.862,5.210e-02,0,5.0938e-02,15488, InitialisePrepSampleRun; CheckIfCFRequired; UseCF; SampleTrapped; BalanceRefToSamValue; DepletingBalance; SampleReady;,3.9838e-08,1.0659e-07,9.2624e-08,9.4648e-08,9.4556e-08,9.3748e-08,0.96,2023/02/11 12:45:50,0.86,4882,8448,5.2096e-02,46.053,20,8,20,20,0.000,-2.6494e-13,-1.2537e-13,-1.3483e-13,-7.6275e-14,2.2942e-14,3.6621e-12,35.00,35.00,71.40,-1.93e02,-1.62e02,71.40,0.00,71.40,71.40,2023/02/11 11:50:39,2023/02/11 12:46:16,111,4.19148e-08,0.000,0,63,3.97933e-08,2.52026e-09,0,60,1.20360e-02,2.50786e-07,0,60,4.2577e-03,1.4714e-07,0,60,4.9765e-05,3.1420e-09,0,60,4.7493e-06,7.3753e-10,0,60,6.3826e-08,1.6607e-09,0,60,1.1980e-02,2.3028e-07,0,63,4.2108e-03,1.4393e-07,0,63,4.9017e-05,3.4109e-09,0,63,4.6453e-06,6.6084e-10,0,63,5.9576e-08,1.4302e-09,0,63,4.6867,0.0025,0,60,11.1313,0.0066,0,60,15.2554,0.0198,0,60,22.3741,0.0709,0,60,71.9382,4.8417,0,60,1.7132,0.0024,0,60,5.1673,0.0066,0,60,-0.5728,0.0140,0,60,-0.0121,0.0730,0,60,43.6464,4.7160,0,60,
C:\Nu Stable\Results\2023\20230210 clumped Oman Thule ABJ KDB,20230210 clumped Oman Thule ABJ KDB,Data_19274 ETH-2.txt,ETH-2,C:\Nu Stable\Analyses\DI\CO2 20-6-20 clumped NuCarb.rdf,Clumped CO2 Iterative,2023/02/11 12:46:35,2023/02/11 14:11:37,522,2,1.3332e-07,2.554006E-10,CF,20.111,5.094e-02,1,4.8698e-02,15392, InitialisePrepSampleRun; CheckIfCFRequired; UseCF; SampleTrapped; Chop_CF_SamSub; SampleTrapped; BalanceRefToSamValue; DepletingBalance; SampleReady;,3.9048e-08,1.0621e-07,5.4667e-08,5.4490e-08,5.4458e-08,5.4332e-08,0.96,2023/02/11 14:10:52,0.23,6762,8448,5.0938e-02,46.049,20,8,20,20,0.000,-2.6365e-13,-1.2492e-13,-1.3443e-13,-7.5653e-14,2.3997e-14,3.7846e-12,22.00,22.00,71.32,-1.93e02,-1.73e02,71.32,0.18,70.96,71.40,2023/02/11 13:13:32,2023/02/11 13:49:34,72,3.45210e-08,0.000,0,63,3.34335e-08,1.14517e-09,0,60,1.18940e-02,1.74710e-07,0,60,4.1883e-03,7.5242e-08,0,60,4.8361e-05,1.2015e-09,0,60,4.5857e-06,7.3761e-10,0,60,3.2809e-08,1.7516e-09,0,60,1.1980e-02,1.6731e-07,0,63,4.2113e-03,6.9885e-08,0,63,4.9018e-05,1.2271e-09,0,63,4.6370e-06,6.9962e-10,0,63,3.3576e-08,1.6716e-09,0,63,-7.1877,0.0009,0,60,-5.4502,0.0017,0,60,-13.4065,0.0134,0,60,-11.0734,0.0727,0,60,-31.2532,17.5400,0,60,-10.3502,0.0010,0,60,-11.3082,0.0016,0,60,-0.6841,0.0133,0,60,-0.2049,0.0733,0,60,-13.2428,17.8658,0,60,
C:\Nu Stable\Results\2023\20230210 clumped Oman Thule ABJ KDB,20230210 clumped Oman Thule ABJ KDB,Data_19275 ETH-3.txt,ETH-3,C:\Nu Stable\Analyses\DI\CO2 20-6-20 clumped NuCarb.rdf,Clumped CO2 Iterative,2023/02/11 12:46:35,2023/02/11 15:33:38,429,3,1.3157e-07,3.0669E-10,CF,20.569,4.981e-02,1,4.9805e-02,15392, InitialisePrepSampleRun; CheckIfCFRequired; UseCF; SampleTrapped; Chop_CF_SamSub; SampleTrapped; BalanceRefToSamValue; DepletingBalance; SampleReady;,3.8293e-08,1.0583e-07,5.4182e-08,5.4056e-08,5.4017e-08,5.3896e-08,0.96,2023/02/11 15:32:53,0.22,6724,8448,4.9805e-02,46.051,20,8,20,20,0.000,-2.6452e-13,-1.2526e-13,-1.3471e-13,-7.5697e-14,2.4247e-14,3.8660e-12,22.00,23.00,70.90,-1.93e02,-1.72e02,70.90,0.00,70.90,70.90,2023/02/11 14:35:05,2023/02/11 15:14:35,79,3.42380e-08,0.000,0,63,3.32850e-08,1.13477e-09,0,60,1.20334e-02,1.83162e-07,0,60,4.2606e-03,8.3897e-08,0,60,4.9802e-05,5.4821e-10,0,60,4.7532e-06,5.1741e-10,0,60,6.2164e-08,1.3252e-09,0,60,1.1980e-02,1.6998e-07,0,63,4.2115e-03,7.2522e-08,0,63,4.9028e-05,4.8629e-10,0,63,4.6446e-06,5.0454e-10,0,63,5.9954e-08,1.1872e-09,0,63,4.4207,0.0012,0,60,11.6530,0.0025,0,60,15.7852,0.0104,0,60,23.4022,0.0606,0,60,36.8405,4.6621,0,60,1.4121,0.0013,0,60,5.6870,0.0025,0,60,-0.2860,0.0103,0,60,-0.0388,0.0596,0,60,8.7350,4.5372,0,60,
C:\Nu Stable\Results\2023\20230210 clumped Oman Thule ABJ KDB,20230210 clumped Oman Thule ABJ KDB,Data_19276 IAEA-C2.txt,IAEA-C2,C:\Nu Stable\Analyses\DI\CO2 20-6-20 clumped NuCarb.rdf,Clumped CO2 Iterative,2023/02/11 12:46:35,2023/02/11 16:55:46,426,4,1.3489e-07,3.166532E-10,CF,20.477,4.981e-02,1,4.8698e-02,15392, InitialisePrepSampleRun; CheckIfCFRequired; UseCF; SampleTrapped; Chop_CF_SamSub; SampleTrapped; BalanceRefToSamValue; DepletingBalance; SampleReady;,3.7599e-08,1.0650e-07,5.5702e-08,5.5765e-08,5.5724e-08,5.5597e-08,0.96,2023/02/11 16:55:00,0.23,6511,8447,4.9805e-02,46.051,20,8,20,20,0.000,-2.6397e-13,-1.2502e-13,-1.3450e-13,-7.5281e-14,2.5213e-14,3.8892e-12,22.00,23.00,70.90,-1.93e02,-1.62e02,70.90,0.00,70.90,70.90,2023/02/11 15:57:41,2023/02/11 16:36:38,78,3.52830e-08,0.000,0,63,3.42236e-08,1.15929e-09,0,60,1.19224e-02,4.61048e-07,0,60,4.2290e-03,2.2913e-07,0,60,4.8978e-05,1.5256e-08,0,60,4.6752e-06,9.6204e-10,0,60,3.1833e-08,1.4618e-09,0,60,1.1980e-02,1.5879e-07,0,63,4.2115e-03,6.4013e-08,0,63,4.9020e-05,1.2097e-09,0,63,4.6352e-06,6.3409e-10,0,63,3.1960e-08,1.4006e-09,0,63,-4.8474,0.0345,0,60,4.1654,0.0523,0,60,-0.8659,0.3115,0,60,8.6353,0.1540,0,60,-6.4615,12.2104,0,60,-8.1930,0.0385,0,60,-1.7441,0.0521,0,60,0.0507,0.3277,0,60,0.2861,0.2528,0,60,-9.4534,12.1663,0,60,
C:\Nu Stable\Results\2023\20230210 clumped Oman Thule ABJ KDB,20230210 clumped Oman Thule ABJ KDB,Data_19277 IAEA-C1.txt,IAEA-C1,C:\Nu Stable\Analyses\DI\CO2 20-6-20 clumped NuCarb.rdf,Clumped CO2 Iterative,2023/02/11 12:46:35,2023/02/11 18:17:45,456,5,1.5127e-07,3.317356E-10,CF,23.468,4.981e-02,1,4.8698e-02,15360, InitialisePrepSampleRun; CheckIfCFRequired; UseCF; SampleTrapped; Chop_CF_SamSub; SampleTrapped; BalanceRefToSamValue; DepletingBalance; SampleReady;,3.6980e-08,1.0640e-07,6.3007e-08,6.3548e-08,6.3497e-08,6.3368e-08,0.96,2023/02/11 18:16:59,0.20,5930,8447,4.9805e-02,46.051,20,8,20,20,0.000,-2.6484e-13,-1.2540e-13,-1.3475e-13,-7.4768e-14,2.7001e-14,3.9294e-12,23.00,23.00,70.90,-1.93e02,-1.71e02,70.90,0.00,70.90,70.90,2023/02/11 17:19:49,2023/02/11 17:58:38,77,3.95020e-08,0.000,0,63,3.83845e-08,1.36537e-09,0,60,1.20420e-02,1.58101e-07,0,60,4.2583e-03,6.1983e-08,0,60,4.9791e-05,1.0215e-09,0,60,4.7483e-06,6.0690e-10,0,60,6.1411e-08,8.3922e-10,0,60,1.1981e-02,1.4432e-07,0,63,4.2117e-03,5.3450e-08,0,63,4.9026e-05,1.0526e-09,0,63,4.6461e-06,5.4166e-10,0,63,5.9289e-08,7.7920e-10,0,63,5.0935,0.0012,0,60,11.0587,0.0025,0,60,15.6068,0.0131,0,60,22.0067,0.0664,0,60,36.1563,4.2913,0,60,2.1486,0.0013,0,60,5.0941,0.0024,0,60,-0.5730,0.0129,0,60,-0.2279,0.0646,0,60,8.5172,4.1773,0,60,
C:\Nu Stable\Results\2023\20230210 clumped Oman Thule ABJ KDB,20230210 clumped Oman Thule ABJ KDB,Data_19278 KDW_73_2_A.txt,KDW_73_2_A,C:\Nu Stable\Analyses\DI\CO2 20-6-20 clumped NuCarb.rdf,Clumped CO2 Iterative,2023/02/11 12:46:35,2023/02/11 19:42:13,451,6,6.3373e-08,1.405163E-10,CF,9.338,5.094e-02,0,4.8698e-02,15392, InitialisePrepSampleRun; CheckIfCFRequired; UseCF; SampleTrapped; BalanceRefToSamValue; DepletingBalance; SampleReady;,3.6233e-08,1.0597e-07,6.0832e-08,5.5031e-08,5.4987e-08,5.4833e-08,0.96,2023/02/11 19:41:27,0.28,6472,8446,5.0938e-02,46.051,20,8,20,20,0.000,-2.6412e-13,-1.2510e-13,-1.3461e-13,-7.4819e-14,2.5588e-14,3.9715e-12,32.00,32.00,70.90,-1.93e02,-1.69e02,70.90,0.00,70.90,70.90,2023/02/11 18:41:53,2023/02/11 19:20:45,77,2.68897e-08,0.000,0,63,2.51541e-08,1.40552e-09,0,60,1.20307e-02,3.16428e-07,0,60,4.2586e-03,1.6407e-07,0,60,4.9766e-05,3.4588e-09,0,60,4.7328e-06,2.0735e-09,0,60,2.0475e-08,3.3339e-09,0,60,1.1979e-02,2.8735e-07,0,63,4.2107e-03,1.3893e-07,0,63,4.9014e-05,2.7675e-09,0,63,4.6287e-06,1.6267e-09,0,63,2.1233e-08,2.9794e-09,0,63,4.3245,0.0020,0,60,11.3769,0.0052,0,60,15.3354,0.0201,0,60,22.4664,0.1465,0,60,62.0925,195.0690,0,60,1.3192,0.0019,0,60,5.4124,0.0052,0,60,-0.3614,0.0174,0,60,-0.4076,0.1384,0,60,33.9822,189.9057,0,60,
C:\Nu Stable\Results\2023\20230210 clumped Oman Thule ABJ KDB,20230210 clumped Oman Thule ABJ KDB,Data_19279 KDW_26_5_A.txt,KDW_26_5_A,C:\Nu Stable\Analyses\DI\CO2 20-6-20 clumped NuCarb.rdf,Clumped CO2 Iterative,2023/02/11 12:46:35,2023/02/11 21:03:54,469,7,1.6872e-07,3.597448E-10,CF,25.696,4.981e-02,1,4.7615e-02,15392, InitialisePrepSampleRun; CheckIfCFRequired; UseCF; SampleTrapped; Chop_CF_SamSub; SampleTrapped; BalanceRefToSamValue; DepletingBalance; SampleReady;,3.5689e-08,1.0608e-07,7.0831e-08,7.1413e-08,7.1374e-08,7.1205e-08,0.96,2023/02/11 21:03:09,0.24,5375,8446,4.9805e-02,46.049,20,8,20,20,0.000,-2.6570e-13,-1.2567e-13,-1.3518e-13,-7.4787e-14,2.6608e-14,4.0314e-12,24.00,24.00,70.90,-1.93e02,-1.60e02,70.90,0.00,70.90,70.90,2023/02/11 20:04:29,2023/02/11 20:45:11,81,4.37735e-08,0.000,0,63,4.25866e-08,1.55772e-09,0,60,1.20587e-02,1.25527e-07,0,60,4.2537e-03,5.2575e-08,0,60,4.9814e-05,1.5424e-09,0,60,4.7331e-06,3.6162e-10,0,60,5.8743e-08,9.9099e-10,0,60,1.1981e-02,1.1299e-07,0,63,4.2118e-03,4.9421e-08,0,63,4.9024e-05,1.5917e-09,0,63,4.6413e-06,4.0634e-10,0,63,5.6712e-08,8.8993e-10,0,63,6.4557,0.0014,0,60,9.9662,0.0028,0,60,16.1073,0.0114,0,60,19.7501,0.0565,0,60,35.6545,4.5372,0,60,3.6361,0.0014,0,60,4.0039,0.0028,0,60,-0.4119,0.0107,0,60,-0.2762,0.0549,0,60,8.7219,4.4206,0,60,
C:\Nu Stable\Results\2023\20230210 clumped Oman Thule ABJ KDB,20230210 clumped Oman Thule ABJ KDB,Data_19280 KDW2_130_6A_B.txt,KDW2_130_6A_B,C:\Nu Stable\Analyses\DI\CO2 20-6-20 clumped NuCarb.rdf,Clumped CO2 Iterative,2023/02/11 12:46:35,2023/02/11 22:26:48,462,8,1.1415e-07,2.470712E-10,CF,17.334,4.981e-02,1,4.9805e-02,15392, InitialisePrepSampleRun; CheckIfCFRequired; UseCF; SampleTrapped; Chop_CF_SamSub; SampleTrapped; BalanceRefToSamValue; DepletingBalance; SampleReady;,3.4935e-08,1.0648e-07,4.6458e-08,4.6047e-08,4.6009e-08,4.5919e-08,0.96,2023/02/11 22:26:03,0.20,7021,8446,4.9805e-02,46.049,20,8,20,20,0.000,-2.6482e-13,-1.2542e-13,-1.3494e-13,-7.5823e-14,2.4962e-14,3.9125e-12,21.00,22.00,70.90,-1.93e02,-1.60e02,70.90,0.00,70.90,70.90,2023/02/11 21:28:22,2023/02/11 22:06:54,77,2.97228e-08,0.000,0,63,2.88797e-08,9.43902e-10,0,60,1.19975e-02,1.85191e-07,0,60,4.2504e-03,9.2455e-08,0,60,4.9525e-05,1.5934e-09,0,60,4.7207e-06,8.8722e-10,0,60,3.5204e-08,1.6501e-09,0,60,1.1980e-02,1.7592e-07,0,63,4.2112e-03,8.1665e-08,0,63,4.9020e-05,1.2710e-09,0,63,4.6348e-06,7.8289e-10,0,63,3.4440e-08,1.5012e-09,0,63,1.4881,0.0010,0,60,9.2979,0.0023,0,60,10.3006,0.0129,0,60,18.5367,0.0839,0,60,13.4986,13.2267,0,60,-1.6277,0.0010,0,60,3.3497,0.0023,0,60,-0.3930,0.0121,0,60,-0.1429,0.0819,0,60,-6.3599,12.9670,0,60,
C:\Nu Stable\Results\2023\20230210 clumped Oman Thule ABJ KDB,20230210 clumped Oman Thule ABJ KDB,Data_19281 ETH-4.txt,ETH-4,C:\Nu Stable\Analyses\DI\CO2 20-6-20 clumped NuCarb.rdf,Clumped CO2 Iterative,2023/02/11 12:46:35,2023/02/11 23:48:24,468,9,1.5720e-07,3.359043E-10,CF,24.231,4.870e-02,1,4.8698e-02,15360, InitialisePrepSampleRun; CheckIfCFRequired; UseCF; SampleTrapped; Chop_CF_SamSub; SampleTrapped; BalanceRefToSamValue; DepletingBalance; SampleReady;,3.4397e-08,1.0645e-07,6.5843e-08,6.6456e-08,6.6417e-08,6.6282e-08,0.96,2023/02/11 23:47:38,0.20,5493,8446,4.8698e-02,46.049,20,8,20,20,0.000,-2.6529e-13,-1.2574e-13,-1.3526e-13,-7.5097e-14,2.6339e-14,4.0367e-12,23.00,24.00,70.90,-1.93e02,-1.60e02,70.90,0.00,70.90,70.90,2023/02/11 22:50:03,2023/02/11 23:29:48,79,4.10825e-08,0.000,0,63,3.99879e-08,1.43681e-09,0,60,1.18934e-02,1.34980e-07,0,60,4.1879e-03,5.1426e-08,0,60,4.8366e-05,1.2971e-09,0,60,4.5912e-06,6.2132e-10,0,60,4.7763e-08,9.7301e-10,0,60,1.1981e-02,1.2809e-07,0,63,4.2116e-03,4.9792e-08,0,63,4.9028e-05,1.4502e-09,0,63,4.6443e-06,5.2728e-10,0,63,4.8559e-08,9.0056e-10,0,63,-7.3164,0.0010,0,60,-5.6317,0.0016,0,60,-13.4936,0.0109,0,60,-11.4161,0.0650,0,60,-16.4145,5.0521,0,60,-10.4808,0.0011,0,60,-11.4884,0.0016,0,60,-0.4594,0.0109,0,60,-0.1866,0.0659,0,60,2.3706,5.1486,0,60,
C:\Nu Stable\Results\2023\20230210 clumped Oman Thule ABJ KDB,20230210 clumped Oman Thule ABJ KDB,Data_19282 ETH-3.txt,ETH-3,C:\Nu Stable\Analyses\DI\CO2 20-6-20 clumped NuCarb.rdf,Clumped CO2 Iterative,2023/02/11 12:46:35,2023/02/12 01:10:13,441,10,1.4111e-07,3.199848E-10,CF,21.484,4.870e-02,1,4.7615e-02,15360, InitialisePrepSampleRun; CheckIfCFRequired; UseCF; SampleTrapped; Chop_CF_SamSub; SampleTrapped; BalanceRefToSamValue; DepletingBalance; SampleReady;,3.3633e-08,1.0625e-07,5.8357e-08,5.8886e-08,5.8845e-08,5.8722e-08,0.96,2023/02/12 01:09:27,0.21,5853,8448,4.8698e-02,46.051,20,8,20,20,0.000,-2.6462e-13,-1.2544e-13,-1.3478e-13,-7.4803e-14,2.6679e-14,4.0519e-12,23.00,23.00,70.90,-1.93e02,-1.74e02,70.90,0.00,70.90,70.90,2023/02/12 00:12:52,2023/02/12 00:51:23,77,3.69339e-08,0.000,0,63,3.58779e-08,1.25294e-09,0,60,1.20341e-02,1.64599e-07,0,60,4.2608e-03,7.0397e-08,0,60,4.9796e-05,1.2057e-09,0,60,4.7451e-06,5.9670e-10,0,60,3.2025e-08,1.6350e-09,0,60,1.1981e-02,1.5093e-07,0,63,4.2117e-03,5.8251e-08,0,63,4.9022e-05,9.8630e-10,0,63,4.6373e-06,4.9019e-10,0,63,3.0681e-08,1.5230e-09,0,63,4.4344,0.0014,0,60,11.6669,0.0033,0,60,15.7854,0.0121,0,60,23.2259,0.0724,0,60,36.7436,17.5913,0,60,1.4262,0.0014,0,60,5.7008,0.0033,0,60,-0.3133,0.0110,0,60,-0.2384,0.0697,0,60,8.5989,17.1148,0,60,
C:\Nu Stable\Results\2023\20230210 clumped Oman Thule ABJ KDB,20230210 clumped Oman Thule ABJ KDB,Data_19283 KDW_34_5_A.txt,KDW_34_5_A,C:\Nu Stable\Analyses\DI\CO2 20-6-20 clumped NuCarb.rdf,Clumped CO2 Iterative,2023/02/11 12:46:35,2023/02/12 02:38:53,492,11,1.7826e-07,3.623195E-10,CF,27.161,4.762e-02,1,4.8698e-02,15360, InitialisePrepSampleRun; CheckIfCFRequired; UseCF; SampleTrapped; Chop_CF_SamSub; SampleTrapped; BalanceRefToSamValue; DepletingBalance; SampleReady;,4.1345e-08,1.0608e-07,7.5299e-08,7.6093e-08,7.6029e-08,7.5869e-08,0.96,2023/02/12 02:38:07,0.21,5681,8448,4.7615e-02,46.051,20,8,20,20,0.000,-2.6548e-13,-1.2570e-13,-1.3518e-13,-7.3886e-14,2.9004e-14,4.1351e-12,24.00,24.00,70.90,-1.93e02,-1.70e02,70.90,0.00,70.90,70.90,2023/02/12 01:34:30,2023/02/12 02:13:12,78,4.62608e-08,0.000,0,63,4.50880e-08,1.67142e-09,0,60,1.20604e-02,1.09729e-07,0,60,4.2554e-03,5.8104e-08,0,60,4.9844e-05,2.0766e-09,0,60,4.7426e-06,6.9305e-10,0,60,6.3315e-08,1.4076e-09,0,60,1.1982e-02,1.0329e-07,0,63,4.2118e-03,6.1135e-08,0,63,4.9028e-05,2.1790e-09,0,63,4.6466e-06,6.5405e-10,0,63,6.1415e-08,1.2956e-09,0,63,6.5761,0.0012,0,60,10.3505,0.0026,0,60,16.6473,0.0125,0,60,20.6666,0.0510,0,60,30.6207,3.3327,0,60,3.7509,0.0013,0,60,4.3860,0.0026,0,60,-0.3782,0.0114,0,60,-0.1385,0.0505,0,60,2.9406,3.2446,0,60,
C:\Nu Stable\Results\2023\20230210 clumped Oman Thule ABJ KDB,20230210 clumped Oman Thule ABJ KDB,Data_19284 KDW2_107_3A_A.txt,KDW2_107_3A_A,C:\Nu Stable\Analyses\DI\CO2 20-6-20 clumped NuCarb.rdf,Clumped CO2 Iterative,2023/02/11 12:46:35,2023/02/12 04:01:00,461,12,1.6013e-07,3.473485E-10,CF,24.628,4.870e-02,1,4.7615e-02,15328, InitialisePrepSampleRun; CheckIfCFRequired; UseCF; SampleTrapped; Chop_CF_SamSub; SampleTrapped; BalanceRefToSamValue; DepletingBalance; SampleReady;,4.0519e-08,1.0619e-07,6.6840e-08,6.7299e-08,6.7255e-08,6.7116e-08,0.96,2023/02/12 04:00:14,0.21,6063,8448,4.8698e-02,46.051,20,8,20,20,0.000,-2.6450e-13,-1.2514e-13,-1.3459e-13,-7.3727e-14,2.9540e-14,4.1905e-12,23.00,24.00,70.90,-1.93e02,-1.66e02,70.90,0.00,70.90,70.90,2023/02/12 03:03:34,2023/02/12 03:41:52,77,4.15370e-08,0.000,0,63,4.03402e-08,1.45500e-09,0,60,1.20448e-02,1.32102e-07,0,60,4.2611e-03,4.8322e-08,0,60,4.9839e-05,8.5923e-10,0,60,4.7440e-06,5.5366e-10,0,60,3.5864e-08,1.2942e-09,0,60,1.1981e-02,1.1736e-07,0,63,4.2118e-03,4.2665e-08,0,63,4.9021e-05,9.8447e-10,0,63,4.6355e-06,4.7964e-10,0,63,3.4465e-08,1.2367e-09,0,63,5.2969,0.0013,0,60,11.7106,0.0027,0,60,16.6766,0.0092,0,60,23.4048,0.0681,0,60,38.4547,8.7134,0,60,2.3426,0.0013,0,60,5.7424,0.0027,0,60,-0.3633,0.0096,0,60,-0.1501,0.0662,0,60,9.2561,8.4689,0,60,
C:\Nu Stable\Results\2023\20230210 clumped Oman Thule ABJ KDB,20230210 clumped Oman Thule ABJ KDB,Data_19285 KDW_55_7_A.txt,KDW_55_7_A,C:\Nu Stable\Analyses\DI\CO2 20-6-20 clumped NuCarb.rdf,Clumped CO2 Iterative,2023/02/11 12:46:35,2023/02/12 05:22:46,509,13,1.9909e-07,3.911358E-10,CF,29.602,4.870e-02,1,4.6556e-02,15328, InitialisePrepSampleRun; CheckIfCFRequired; UseCF; SampleTrapped; Chop_CF_SamSub; SampleTrapped; BalanceRefToSamValue; DepletingBalance; SampleReady;,3.9765e-08,1.0602e-07,8.4111e-08,8.4597e-08,8.4538e-08,8.4343e-08,0.96,2023/02/12 05:22:01,0.23,5174,8448,4.8698e-02,46.056,20,8,20,20,0.000,-2.6547e-13,-1.2555e-13,-1.3508e-13,-7.2287e-14,3.0077e-14,4.3094e-12,24.00,25.00,70.90,-1.93e02,-1.74e02,70.90,0.00,70.90,70.90,2023/02/12 04:25:09,2023/02/12 05:03:59,78,5.07339e-08,0.000,0,63,4.93384e-08,1.87991e-09,0,60,1.20489e-02,1.17110e-07,0,60,4.2567e-03,9.6913e-08,0,60,4.9802e-05,2.9355e-09,0,60,4.7384e-06,5.0131e-10,0,60,5.3127e-08,5.2783e-10,0,60,1.1982e-02,1.1746e-07,0,63,4.2117e-03,1.0143e-07,0,63,4.9019e-05,3.0524e-09,0,63,4.6399e-06,5.3818e-10,0,63,5.1728e-08,5.5032e-10,0,63,5.5943,0.0014,0,60,10.6866,0.0031,0,60,15.9699,0.0100,0,60,21.2212,0.0562,0,60,28.8243,4.4368,0,60,2.6944,0.0014,0,60,4.7227,0.0031,0,60,-0.3667,0.0083,0,60,-0.2606,0.0532,0,60,1.5752,4.3184,0,60,
C:\Nu Stable\Results\2023\20230210 clumped Oman Thule ABJ KDB,20230210 clumped Oman Thule ABJ KDB,Data_19286 ETH-2.txt,ETH-2,C:\Nu Stable\Analyses\DI\CO2 20-6-20 clumped NuCarb.rdf,Clumped CO2 Iterative,2023/02/11 12:46:35,2023/02/12 06:44:50,445,14,1.4790e-07,3.323582E-10,CF,22.430,4.870e-02,1,4.4509e-02,15360, InitialisePrepSampleRun; CheckIfCFRequired; UseCF; SampleTrapped; Chop_CF_SamSub; SampleTrapped; BalanceRefToSamValue; DepletingBalance; SampleReady;,3.8866e-08,1.0655e-07,6.1358e-08,6.1659e-08,6.1607e-08,6.1476e-08,0.96,2023/02/12 06:44:04,0.21,6240,8448,4.8698e-02,46.053,20,8,20,20,0.000,-2.6465e-13,-1.2525e-13,-1.3475e-13,-7.4179e-14,2.8771e-14,4.1360e-12,23.00,23.00,70.90,-1.93e02,-1.71e02,70.90,0.00,70.90,70.90,2023/02/12 05:47:00,2023/02/12 06:25:46,78,3.84525e-08,0.000,0,63,3.73583e-08,1.31874e-09,0,60,1.18954e-02,1.61911e-07,0,60,4.1889e-03,6.0355e-08,0,60,4.8373e-05,1.1615e-09,0,60,4.5866e-06,5.6859e-10,0,60,4.0501e-08,1.2781e-09,0,60,1.1981e-02,1.5437e-07,0,63,4.2117e-03,5.8296e-08,0,63,4.9026e-05,1.0855e-09,0,63,4.6379e-06,5.2203e-10,0,63,4.1436e-08,1.2068e-09,0,63,-7.1659,0.0009,0,60,-5.4186,0.0013,0,60,-13.3167,0.0118,0,60,-11.0536,0.0749,0,60,-26.4681,8.5741,0,60,-10.3281,0.0009,0,60,-11.2767,0.0012,0,60,-0.6471,0.0120,0,60,-0.2485,0.0762,0,60,-8.4530,8.7328,0,60,
C:\Nu Stable\Results\2023\20230210 clumped Oman Thule ABJ KDB,20230210 clumped Oman Thule ABJ KDB,Data_19287 ETH-1.txt,ETH-1,C:\Nu Stable\Analyses\DI\CO2 20-6-20 clumped NuCarb.rdf,Clumped CO2 Iterative,2023/02/11 12:46:35,2023/02/12 08:06:29,501,15,1.7217e-07,3.436609E-10,CF,26.092,4.870e-02,1,4.7615e-02,15360, InitialisePrepSampleRun; CheckIfCFRequired; UseCF; SampleTrapped; Chop_CF_SamSub; SampleTrapped; BalanceRefToSamValue; DepletingBalance; SampleReady;,3.8137e-08,1.0647e-07,7.2253e-08,7.2912e-08,7.2862e-08,7.2701e-08,0.96,2023/02/12 08:05:43,0.22,5541,8448,4.8698e-02,46.053,20,8,20,20,0.000,-2.6560e-13,-1.2556e-13,-1.3513e-13,-7.3861e-14,2.8843e-14,4.3416e-12,24.00,24.00,70.90,-1.93e02,-1.62e02,70.90,0.00,70.90,70.90,2023/02/12 07:08:52,2023/02/12 07:47:49,78,4.45938e-08,0.000,0,63,4.32384e-08,1.56791e-09,0,60,1.20382e-02,1.78662e-07,0,60,4.2588e-03,1.9565e-07,0,60,4.9799e-05,2.4242e-08,0,60,4.7457e-06,2.2842e-09,0,60,5.8175e-08,9.9015e-10,0,60,1.1982e-02,1.1265e-07,0,63,4.2119e-03,5.2504e-08,0,63,4.9028e-05,1.6233e-09,0,63,4.6402e-06,4.0170e-10,0,63,5.6364e-08,1.0031e-09,0,63,4.6926,0.0095,0,60,11.1283,0.0400,0,60,15.7151,0.5070,0,60,22.7342,0.5056,0,60,34.5275,4.5040,0,60,1.7195,0.0087,0,60,5.1642,0.0398,0,60,-0.1217,0.5490,0,60,0.3486,0.5755,0,60,7.2192,4.3723,0,60,
C:\Nu Stable\Results\2023\20230210 clumped Oman Thule ABJ KDB,20230210 clumped Oman Thule ABJ KDB,Data_19288 KDW2_119_1A_A.txt,KDW2_119_1A_A,C:\Nu Stable\Analyses\DI\CO2 20-6-20 clumped NuCarb.rdf,Clumped CO2 Iterative,2023/02/11 12:46:35,2023/02/12 09:28:33,486,16,1.4734e-07,3.031767E-10,CF,22.858,4.870e-02,1,4.5521e-02,15360, InitialisePrepSampleRun; CheckIfCFRequired; UseCF; SampleTrapped; Chop_CF_SamSub; SampleTrapped; BalanceRefToSamValue; DepletingBalance; SampleReady;,3.7357e-08,1.0654e-07,6.1158e-08,6.1580e-08,6.1538e-08,6.1387e-08,0.96,2023/02/12 09:27:47,0.24,6096,8448,4.8698e-02,46.049,20,8,20,20,0.000,-2.6481e-13,-1.2532e-13,-1.3470e-13,-7.3648e-14,2.8253e-14,4.1252e-12,23.00,23.00,70.90,-1.93e02,-1.71e02,70.90,0.00,70.90,70.90,2023/02/12 08:30:55,2023/02/12 09:09:25,77,3.83831e-08,0.000,0,63,3.73126e-08,1.31874e-09,0,60,1.20273e-02,1.65130e-07,0,60,4.2575e-03,6.6895e-08,0,60,4.9730e-05,1.0244e-09,0,60,4.7423e-06,4.3939e-10,0,60,5.2442e-08,1.0759e-09,0,60,1.1981e-02,1.5002e-07,0,63,4.2117e-03,5.6424e-08,0,63,4.9026e-05,1.0193e-09,0,63,4.6423e-06,3.9800e-10,0,63,5.1217e-08,1.0078e-09,0,63,3.8623,0.0013,0,60,10.8816,0.0027,0,60,14.3770,0.0128,0,60,21.5336,0.0614,0,60,24.2350,5.2244,0,60,0.8444,0.0013,0,60,4.9205,0.0027,0,60,-0.3494,0.0113,0,60,-0.3405,0.0597,0,60,-1.4424,5.0937,0,60,
C:\Nu Stable\Results\2023\20230210 clumped Oman Thule ABJ KDB,20230210 clumped Oman Thule ABJ KDB,Data_19289 KDW2_104_8B_A.txt,KDW2_104_8B_A,C:\Nu Stable\Analyses\DI\CO2 20-6-20 clumped NuCarb.rdf,Clumped CO2 Iterative,2023/02/11 12:46:35,2023/02/12 10:50:07,498,17,1.5306e-07,3.073549E-10,CF,23.132,4.870e-02,1,4.7615e-02,15328, InitialisePrepSampleRun; CheckIfCFRequired; UseCF; SampleTrapped; Chop_CF_SamSub; SampleTrapped; BalanceRefToSamValue; DepletingBalance; SampleReady;,3.6657e-08,1.0632e-07,6.3887e-08,6.4444e-08,6.4417e-08,6.4267e-08,0.96,2023/02/12 10:49:21,0.23,5842,8448,4.8698e-02,46.049,20,8,20,20,0.000,-2.6533e-13,-1.2560e-13,-1.3505e-13,-7.4365e-14,2.8110e-14,4.0805e-12,23.00,23.00,70.90,-1.93e02,-1.64e02,70.90,0.00,70.90,70.90,2023/02/12 09:52:47,2023/02/12 10:31:32,78,3.99671e-08,0.000,0,63,3.88801e-08,1.38787e-09,0,60,1.20361e-02,1.43010e-07,0,60,4.2618e-03,5.4552e-08,0,60,4.9817e-05,9.7061e-10,0,60,4.7511e-06,3.9946e-10,0,60,5.4515e-08,7.7201e-10,0,60,1.1981e-02,1.2829e-07,0,63,4.2118e-03,4.5639e-08,0,63,4.9029e-05,1.0581e-09,0,63,4.6412e-06,3.3781e-10,0,63,5.3358e-08,7.5246e-10,0,63,4.5775,0.0014,0,60,11.8608,0.0028,0,60,16.0671,0.0123,0,60,23.6681,0.0697,0,60,25.6862,4.4067,0,60,1.5718,0.0014,0,60,5.8934,0.0028,0,60,-0.3713,0.0115,0,60,-0.1896,0.0692,0,60,-2.6856,4.2852,0,60,
C:\Nu Stable\Results\2023\20230210 clumped Oman Thule ABJ KDB,20230210 clumped Oman Thule ABJ KDB,Data_19290 KDW_69_9_A.txt,KDW_69_9_A,C:\Nu Stable\Analyses\DI\CO2 20-6-20 clumped NuCarb.rdf,Clumped CO2 Iterative,2023/02/11 12:46:35,2023/02/12 12:12:09,497,18,1.8812e-07,3.785035E-10,CF,28.839,4.870e-02,1,4.4509e-02,15360, InitialisePrepSampleRun; CheckIfCFRequired; UseCF; SampleTrapped; Chop_CF_SamSub; SampleTrapped; BalanceRefToSamValue; DepletingBalance; SampleReady;,3.5954e-08,1.0600e-07,7.9269e-08,7.9488e-08,7.9428e-08,7.9224e-08,0.96,2023/02/12 12:11:23,0.26,5048,8448,4.8698e-02,46.053,20,8,20,20,0.000,-2.6445e-13,-1.2532e-13,-1.3461e-13,-7.2591e-14,2.9719e-14,4.2674e-12,24.00,25.00,70.90,-1.93e02,-1.67e02,70.90,0.00,70.90,70.90,2023/02/12 11:14:22,2023/02/12 11:53:07,78,4.80406e-08,0.000,0,63,4.67069e-08,1.75320e-09,0,60,1.20531e-02,1.09401e-07,0,60,4.2498e-03,7.1817e-08,0,60,4.9740e-05,2.0381e-09,0,60,4.7237e-06,3.5552e-10,0,60,5.0535e-08,5.3764e-10,0,60,1.1982e-02,1.0381e-07,0,63,4.2118e-03,7.5944e-08,0,63,4.9021e-05,2.2043e-09,0,63,4.6402e-06,3.5796e-10,0,63,4.9258e-08,4.6022e-10,0,63,5.9402,0.0014,0,60,9.0344,0.0030,0,60,14.6630,0.0126,0,60,17.9843,0.0548,0,60,23.6214,6.1636,0,60,3.1196,0.0014,0,60,3.0778,0.0029,0,60,-0.3980,0.0114,0,60,-0.1632,0.0542,0,60,-0.6427,6.0169,0,60,
C:\Nu Stable\Results\2023\20230210 clumped Oman Thule ABJ KDB,20230210 clumped Oman Thule ABJ KDB,Data_19291 ETH-3.txt,ETH-3,C:\Nu Stable\Analyses\DI\CO2 20-6-20 clumped NuCarb.rdf,Clumped CO2 Iterative,2023/02/11 12:46:35,2023/02/12 13:34:08,425,19,1.3239e-07,3.115105E-10,CF,20.264,4.762e-02,1,4.5521e-02,15296, InitialisePrepSampleRun; CheckIfCFRequired; UseCF; SampleTrapped; Chop_CF_SamSub; SampleTrapped; BalanceRefToSamValue; DepletingBalance; SampleReady;,3.5104e-08,1.0607e-07,5.4429e-08,5.4667e-08,5.4635e-08,5.4510e-08,0.96,2023/02/12 13:33:23,0.23,6312,8448,4.7615e-02,46.051,20,8,20,20,0.000,-2.6478e-13,-1.2559e-13,-1.3495e-13,-7.4687e-14,2.6661e-14,4.1235e-12,22.00,23.00,70.90,-1.93e02,-1.58e02,70.90,0.00,70.90,70.90,2023/02/12 12:36:21,2023/02/12 13:15:08,78,3.45551e-08,0.000,0,63,3.36160e-08,1.15199e-09,0,60,1.20340e-02,1.81853e-07,0,60,4.2609e-03,8.0680e-08,0,60,4.9807e-05,6.7724e-10,0,60,4.7536e-06,4.7577e-10,0,60,5.6383e-08,8.7521e-10,0,60,1.1981e-02,1.7108e-07,0,63,4.2117e-03,6.9772e-08,0,63,4.9033e-05,5.1568e-10,0,63,4.6453e-06,4.4600e-10,0,63,5.3715e-08,7.8257e-10,0,63,4.4325,0.0010,0,60,11.6671,0.0024,0,60,15.7879,0.0133,0,60,23.3383,0.0779,0,60,50.3245,5.6250,0,60,1.4241,0.0010,0,60,5.7010,0.0024,0,60,-0.3091,0.0127,0,60,-0.1290,0.0762,0,60,21.8127,5.4730,0,60,
C:\Nu Stable\Results\2023\20230210 clumped Oman Thule ABJ KDB,20230210 clumped Oman Thule ABJ KDB,Data_19292 IAEA-C2.txt,IAEA-C2,C:\Nu Stable\Analyses\DI\CO2 20-6-20 clumped NuCarb.rdf,Clumped CO2 Iterative,2023/02/11 12:46:35,2023/02/12 14:55:57,434,20,1.3320e-07,3.069058E-10,CF,20.538,4.762e-02,1,4.6556e-02,15328, InitialisePrepSampleRun; CheckIfCFRequired; UseCF; SampleTrapped; Chop_CF_SamSub; SampleTrapped; BalanceRefToSamValue; DepletingBalance; SampleReady;,3.4479e-08,1.0646e-07,5.4773e-08,5.5104e-08,5.5080e-08,5.4958e-08,0.96,2023/02/12 14:55:12,0.22,6211,8448,4.7615e-02,46.051,20,8,20,20,0.000,-2.6407e-13,-1.2548e-13,-1.3454e-13,-7.4692e-14,2.6733e-14,4.0314e-12,22.00,23.00,70.90,-1.93e02,-1.69e02,70.90,0.00,70.90,70.90,2023/02/12 13:58:14,2023/02/12 14:37:08,78,3.48224e-08,0.000,0,63,3.38472e-08,1.16264e-09,0,60,1.19224e-02,1.63463e-07,0,60,4.2294e-03,7.2141e-08,0,60,4.8966e-05,1.1072e-09,0,60,4.6784e-06,5.2612e-10,0,60,3.7299e-08,1.9626e-09,0,60,1.1981e-02,1.5629e-07,0,63,4.2116e-03,6.4093e-08,0,63,4.9023e-05,1.0854e-09,0,63,4.6399e-06,5.1061e-10,0,63,3.7375e-08,1.8184e-09,0,63,-4.8709,0.0009,0,60,4.2201,0.0021,0,60,-1.1707,0.0137,0,60,8.3118,0.0634,0,60,-14.0048,15.3410,0,60,-8.2199,0.0009,0,60,-1.6896,0.0021,0,60,-0.2841,0.0131,0,60,-0.1451,0.0629,0,60,-17.0499,15.2935,0,60,
C:\Nu Stable\Results\2023\20230210 clumped Oman Thule ABJ KDB,20230210 clumped Oman Thule ABJ KDB,Data_19293 KDW2_101_9A_A.txt,KDW2_101_9A_A,C:\Nu Stable\Analyses\DI\CO2 20-6-20 clumped NuCarb.rdf,Clumped CO2 Iterative,2023/02/11 12:46:35,2023/02/12 16:25:54,450,21,1.4296e-07,3.176993E-10,CF,21.515,4.552e-02,1,4.6556e-02,15328, InitialisePrepSampleRun; CheckIfCFRequired; UseCF; SampleTrapped; Chop_CF_SamSub; SampleTrapped; BalanceRefToSamValue; DepletingBalance; SampleReady;,4.2329e-08,1.0602e-07,5.9162e-08,5.8960e-08,5.8912e-08,5.8808e-08,0.96,2023/02/12 16:25:08,0.18,6781,8447,4.5521e-02,46.051,20,8,20,20,0.000,-2.6459e-13,-1.2566e-13,-1.3481e-13,-7.4574e-14,2.7251e-14,4.0993e-12,23.00,23.00,70.90,-1.93e02,-1.64e02,70.90,0.00,70.90,70.90,2023/02/12 15:20:07,2023/02/12 15:58:57,77,3.69344e-08,0.000,0,63,3.58542e-08,1.25186e-09,0,60,1.20302e-02,1.83936e-07,0,60,4.2562e-03,7.5777e-08,0,60,4.9762e-05,2.7151e-09,0,60,4.7706e-06,2.7849e-09,0,60,1.1748e-07,6.1523e-09,0,60,1.1981e-02,1.6851e-07,0,63,4.2117e-03,6.4592e-08,0,63,4.9059e-05,2.7327e-09,0,63,4.6717e-06,2.5767e-09,0,63,1.1268e-07,5.6937e-09,0,63,4.1150,0.0012,0,60,10.5663,0.0026,0,60,14.3199,0.0114,0,60,21.1575,0.0776,0,60,39.6492,2.7453,0,60,1.1242,0.0012,0,60,4.6062,0.0026,0,60,-0.3580,0.0113,0,60,-0.0849,0.0773,0,60,13.9365,2.6789,0,60,
C:\Nu Stable\Results\2023\20230210 clumped Oman Thule ABJ KDB,20230210 clumped Oman Thule ABJ KDB,Data_19294 KDW2_130_2A_A.txt,KDW2_130_2A_A,C:\Nu Stable\Analyses\DI\CO2 20-6-20 clumped NuCarb.rdf,Clumped CO2 Iterative,2023/02/11 12:46:35,2023/02/12 17:46:25,457,22,1.0641e-07,2.328476E-10,CF,16.235,4.762e-02,0,4.6556e-02,15328, InitialisePrepSampleRun; CheckIfCFRequired; UseCF; SampleTrapped; BalanceRefToSamValue; DepletingBalance; SampleReady;,4.1613e-08,1.0658e-07,1.0212e-07,1.0352e-07,1.0343e-07,1.0238e-07,0.96,2023/02/12 17:45:40,1.02,4748,8448,4.7615e-02,46.056,20,8,20,20,0.000,-2.6104e-13,-1.2402e-13,-1.3292e-13,-7.0742e-14,3.3939e-14,4.2978e-12,36.00,35.00,70.90,-1.93e02,-1.61e02,70.90,0.00,70.90,70.90,2023/02/12 16:49:17,2023/02/12 17:28:53,79,4.48771e-08,0.000,0,63,4.25480e-08,2.76343e-09,0,60,1.20023e-02,2.60068e-07,0,60,4.2502e-03,1.7633e-07,0,60,4.9537e-05,3.9397e-09,0,60,4.7221e-06,6.4860e-10,0,60,3.7545e-08,1.5422e-09,0,60,1.1980e-02,2.4888e-07,0,63,4.2109e-03,1.7986e-07,0,63,4.9010e-05,4.0479e-09,0,63,4.6359e-06,5.5439e-10,0,63,3.7432e-08,1.3356e-09,0,63,1.8350,0.0028,0,60,9.3360,0.0066,0,60,10.7428,0.0160,0,60,18.5510,0.0717,0,60,-21.0104,21.3666,0,60,-1.2599,0.0027,0,60,3.3869,0.0066,0,60,-0.3494,0.0113,0,60,-0.2043,0.0684,0,60,-40.6238,20.9357,0,60,
C:\Nu Stable\Results\2023\20230210 clumped Oman Thule ABJ KDB,20230210 clumped Oman Thule ABJ KDB,Data_19295 KDW_95_1_A.txt,KDW_95_1_A,C:\Nu Stable\Analyses\DI\CO2 20-6-20 clumped NuCarb.rdf,Clumped CO2 Iterative,2023/02/11 12:46:35,2023/02/12 19:10:17,455,23,1.3911e-07,3.057349E-10,CF,20.843,4.870e-02,1,4.6556e-02,15328, InitialisePrepSampleRun; CheckIfCFRequired; UseCF; SampleTrapped; Chop_CF_SamSub; SampleTrapped; BalanceRefToSamValue; DepletingBalance; SampleReady;,4.0733e-08,1.0621e-07,5.7535e-08,5.7371e-08,5.7327e-08,5.7225e-08,0.96,2023/02/12 19:09:31,0.18,6734,8448,4.8698e-02,46.056,20,8,20,20,0.000,-2.6247e-13,-1.2458e-13,-1.3352e-13,-7.3600e-14,2.8539e-14,4.0832e-12,23.00,23.00,70.90,-1.93e02,-1.58e02,70.90,0.00,70.90,70.90,2023/02/12 18:12:00,2023/02/12 18:49:24,75,3.60861e-08,0.000,0,63,3.50267e-08,1.21623e-09,0,60,1.20367e-02,1.76180e-07,0,60,4.2564e-03,7.3442e-08,0,60,4.9744e-05,1.9732e-09,0,60,4.7253e-06,1.4649e-09,0,60,1.7937e-08,2.9363e-09,0,60,1.1981e-02,1.6028e-07,0,63,4.2117e-03,6.3711e-08,0,63,4.9013e-05,1.7238e-09,0,63,4.6268e-06,1.3924e-09,0,63,1.7242e-08,2.6831e-09,0,63,4.6526,0.0013,0,60,10.6240,0.0023,0,60,14.9113,0.0123,0,60,21.2904,0.0681,0,60,68.6732,40.9129,0,60,1.6943,0.0013,0,60,4.6625,0.0023,0,60,-0.3828,0.0111,0,60,-0.0690,0.0670,0,60,41.5326,39.8752,0,60,
C:\Nu Stable\Results\2023\20230210 clumped Oman Thule ABJ KDB,20230210 clumped Oman Thule ABJ KDB,Data_19296 ETH-4.txt,ETH-4,C:\Nu Stable\Analyses\DI\CO2 20-6-20 clumped NuCarb.rdf,Clumped CO2 Iterative,2023/02/11 12:46:35,2023/02/12 20:32:01,500,24,1.7410e-07,3.482082E-10,CF,26.764,4.870e-02,1,4.6556e-02,15328, InitialisePrepSampleRun; CheckIfCFRequired; UseCF; SampleTrapped; Chop_CF_SamSub; SampleTrapped; BalanceRefToSamValue; DepletingBalance; SampleReady;,4.0050e-08,1.0610e-07,7.3208e-08,7.3946e-08,7.3910e-08,7.3735e-08,0.96,2023/02/12 20:31:16,0.24,5671,8448,4.8698e-02,46.056,20,8,20,20,0.000,-2.6466e-13,-1.2567e-13,-1.3470e-13,-7.3330e-14,2.9147e-14,4.2298e-12,24.00,24.00,70.90,-1.93e02,-1.64e02,70.90,0.00,70.90,70.90,2023/02/12 19:34:00,2023/02/12 20:13:17,79,4.51033e-08,0.000,0,63,4.38759e-08,1.62142e-09,0,60,1.18942e-02,1.12815e-07,0,60,4.1881e-03,5.3171e-08,0,60,4.8361e-05,1.2495e-09,0,60,4.5873e-06,2.3500e-10,0,60,4.3444e-08,5.0974e-10,0,60,1.1982e-02,1.0688e-07,0,63,4.2118e-03,5.4525e-08,0,63,4.9022e-05,1.4598e-09,0,63,4.6398e-06,2.5504e-10,0,63,4.4048e-08,5.2439e-10,0,63,-7.3193,0.0011,0,60,-5.6313,0.0015,0,60,-13.4856,0.0110,0,60,-11.3162,0.0468,0,60,-10.2343,6.2645,0,60,-10.4839,0.0011,0,60,-11.4880,0.0015,0,60,-0.4487,0.0112,0,60,-0.0864,0.0470,0,60,8.6711,6.3843,0,60,
C:\Nu Stable\Results\2023\20230210 clumped Oman Thule ABJ KDB,20230210 clumped Oman Thule ABJ KDB,Data_19297 ETH-2.txt,ETH-2,C:\Nu Stable\Analyses\DI\CO2 20-6-20 clumped NuCarb.rdf,Clumped CO2 Iterative,2023/02/11 12:46:35,2023/02/12 21:54:32,415,25,1.3416e-07,3.232886E-10,CF,20.752,4.981e-02,1,4.7615e-02,15360, InitialisePrepSampleRun; CheckIfCFRequired; UseCF; SampleTrapped; Chop_CF_SamSub; SampleTrapped; BalanceRefToSamValue; DepletingBalance; SampleReady;,3.9231e-08,1.0617e-07,5.5130e-08,5.4954e-08,5.4921e-08,5.4792e-08,0.96,2023/02/12 21:53:46,0.23,6756,8447,4.9805e-02,46.051,20,8,20,20,0.000,-2.6543e-13,-1.2602e-13,-1.3498e-13,-7.4823e-14,2.6965e-14,4.0939e-12,22.00,23.00,70.90,-1.93e02,-1.67e02,70.90,0.00,70.90,70.90,2023/02/12 20:56:17,2023/02/12 21:34:59,77,3.47241e-08,0.000,0,63,3.37089e-08,1.15900e-09,0,60,1.18951e-02,1.79812e-07,0,60,4.1887e-03,7.4932e-08,0,60,4.8360e-05,1.4419e-09,0,60,4.5852e-06,8.3866e-10,0,60,3.0406e-08,2.0692e-09,0,60,1.1981e-02,1.7086e-07,0,63,4.2116e-03,7.1723e-08,0,63,4.9016e-05,1.4270e-09,0,63,4.6366e-06,7.3307e-10,0,63,3.1580e-08,1.8697e-09,0,63,-7.1581,0.0011,0,60,-5.4466,0.0015,0,60,-13.3900,0.0114,0,60,-11.0815,0.0761,0,60,-84.8512,25.2574,0,60,-10.3188,0.0011,0,60,-11.3046,0.0015,0,60,-0.7017,0.0116,0,60,-0.2203,0.0767,0,60,-67.8733,25.7255,0,60,
C:\Nu Stable\Results\2023\20230210 clumped Oman Thule ABJ KDB,20230210 clumped Oman Thule ABJ KDB,Data_19298 KDW_67_5_A.txt,KDW_67_5_A,C:\Nu Stable\Analyses\DI\CO2 20-6-20 clumped NuCarb.rdf,Clumped CO2 Iterative,2023/02/11 12:46:35,2023/02/12 23:16:25,519,26,1.9537e-07,3.764279E-10,CF,29.266,4.870e-02,1,4.6556e-02,15328, InitialisePrepSampleRun; CheckIfCFRequired; UseCF; SampleTrapped; Chop_CF_SamSub; SampleTrapped; BalanceRefToSamValue; DepletingBalance; SampleReady;,3.8585e-08,1.0600e-07,8.2544e-08,8.2995e-08,8.2915e-08,8.2736e-08,0.96,2023/02/12 23:15:39,0.22,5138,8446,4.8698e-02,46.053,20,8,20,20,0.000,-2.6644e-13,-1.2649e-13,-1.3554e-13,-7.3128e-14,2.9326e-14,4.2155e-12,25.00,25.00,70.90,-1.93e02,-1.70e02,70.90,0.00,70.90,70.90,2023/02/12 22:17:58,2023/02/12 22:57:31,79,5.00196e-08,0.000,0,63,4.86657e-08,1.84843e-09,0,60,1.20541e-02,2.66549e-07,0,60,4.2584e-03,1.9043e-07,0,60,4.9844e-05,4.1319e-09,0,60,4.7459e-06,7.2099e-10,0,60,5.1905e-08,6.0334e-10,0,60,1.1982e-02,1.1651e-07,0,63,4.2119e-03,9.5899e-08,0,63,4.9022e-05,2.7287e-09,0,63,4.6438e-06,5.7117e-10,0,63,4.9960e-08,5.8370e-10,0,63,6.0099,0.0198,0,60,11.0568,0.0372,0,60,16.7651,0.0604,0,60,21.9959,0.0926,0,60,40.2085,4.1426,0,60,3.1240,0.0198,0,60,5.0902,0.0370,0,60,-0.3706,0.0109,0,60,-0.2348,0.0536,0,60,11.4836,4.0242,0,60,
C:\Nu Stable\Results\2023\20230210 clumped Oman Thule ABJ KDB,20230210 clumped Oman Thule ABJ KDB,Data_19299 KDW_80_4_A.txt,KDW_80_4_A,C:\Nu Stable\Analyses\DI\CO2 20-6-20 clumped NuCarb.rdf,Clumped CO2 Iterative,2023/02/11 12:46:35,2023/02/13 00:38:20,538,27,2.1123e-07,3.92612E-10,CF,31.494,4.870e-02,1,4.8698e-02,15360, InitialisePrepSampleRun; CheckIfCFRequired; UseCF; SampleTrapped; Chop_CF_SamSub; SampleTrapped; BalanceRefToSamValue; DepletingBalance; SampleReady;,3.7653e-08,1.0666e-07,8.9456e-08,8.9144e-08,8.9079e-08,8.8846e-08,0.96,2023/02/13 00:37:34,0.26,4838,8446,4.8698e-02,46.053,20,8,20,20,0.000,-2.6593e-13,-1.2622e-13,-1.3534e-13,-7.1751e-14,3.1507e-14,4.3702e-12,25.00,25.00,70.90,-1.93e02,-1.69e02,70.90,0.00,70.90,70.90,2023/02/12 23:40:24,2023/02/13 00:19:11,77,5.30726e-08,0.000,0,63,5.16486e-08,1.99115e-09,0,60,1.20408e-02,1.35737e-07,0,60,4.2599e-03,1.2532e-07,0,60,4.9795e-05,2.8284e-09,0,60,4.7429e-06,3.6380e-10,0,60,3.9994e-08,1.0014e-09,0,60,1.1982e-02,1.4205e-07,0,63,4.2116e-03,1.3289e-07,0,63,4.9010e-05,3.0704e-09,0,63,4.6372e-06,3.3633e-10,0,63,3.8996e-08,9.1678e-10,0,63,4.9223,0.0016,0,60,11.4568,0.0034,0,60,16.0102,0.0127,0,60,22.7691,0.0522,0,60,23.4116,5.8478,0,60,1.9527,0.0016,0,60,5.4906,0.0033,0,60,-0.3879,0.0103,0,60,-0.2695,0.0506,0,60,-4.4790,5.6873,0,60,
C:\Nu Stable\Results\2023\20230210 clumped Oman Thule ABJ KDB,20230210 clumped Oman Thule ABJ KDB,Data_19300 IAEA-C2.txt,IAEA-C2,C:\Nu Stable\Analyses\DI\CO2 20-6-20 clumped NuCarb.rdf,Clumped CO2 Iterative,2023/02/11 12:46:35,2023/02/13 02:00:54,416,28,1.2716e-07,3.056612E-10,CF,19.379,4.870e-02,1,4.6556e-02,15360, InitialisePrepSampleRun; CheckIfCFRequired; UseCF; SampleTrapped; Chop_CF_SamSub; SampleTrapped; BalanceRefToSamValue; DepletingBalance; SampleReady;,3.6833e-08,1.0635e-07,5.2172e-08,5.2031e-08,5.1998e-08,5.1890e-08,0.96,2023/02/13 02:00:09,0.21,6718,8446,4.8698e-02,46.053,20,8,20,20,0.000,-2.6695e-13,-1.2661e-13,-1.3599e-13,-7.5486e-14,2.6608e-14,4.1020e-12,22.00,22.00,70.46,-1.93e02,-1.68e02,70.46,0.00,70.46,70.46,2023/02/13 01:02:07,2023/02/13 01:41:20,78,3.30618e-08,0.000,0,63,3.21255e-08,1.08875e-09,0,60,1.19220e-02,1.85156e-07,0,60,4.2292e-03,8.4133e-08,0,60,4.8981e-05,7.6186e-10,0,60,4.6872e-06,5.7613e-10,0,60,5.8450e-08,1.1569e-09,0,60,1.1981e-02,1.7824e-07,0,63,4.2117e-03,7.7208e-08,0,63,4.9040e-05,6.9105e-10,0,63,4.6482e-06,6.0568e-10,0,63,5.7354e-08,1.1011e-09,0,63,-4.9003,0.0010,0,60,4.1714,0.0017,0,60,-1.2099,0.0116,0,60,8.4055,0.0775,0,60,18.9945,5.4733,0,60,-8.2496,0.0011,0,60,-1.7380,0.0017,0,60,-0.2451,0.0118,0,60,0.0448,0.0774,0,60,15.9767,5.4570,0,60,
C:\Nu Stable\Results\2023\20230210 clumped Oman Thule ABJ KDB,20230210 clumped Oman Thule ABJ KDB,Data_19301 ETH-4.txt,ETH-4,C:\Nu Stable\Analyses\DI\CO2 20-6-20 clumped NuCarb.rdf,Clumped CO2 Iterative,2023/02/11 12:46:35,2023/02/13 03:22:38,436,29,1.4431e-07,3.309967E-10,CF,21.728,4.981e-02,1,4.7615e-02,15360, InitialisePrepSampleRun; CheckIfCFRequired; UseCF; SampleTrapped; Chop_CF_SamSub; SampleTrapped; BalanceRefToSamValue; DepletingBalance; SampleReady;,3.6149e-08,1.0649e-07,5.9744e-08,6.0208e-08,6.0154e-08,6.0037e-08,0.96,2023/02/13 03:21:53,0.19,6051,8446,4.9805e-02,46.053,20,8,20,20,0.000,-2.6601e-13,-1.2610e-13,-1.3534e-13,-7.5104e-14,2.7591e-14,4.0850e-12,23.00,23.00,70.40,-1.93e02,-1.62e02,70.40,0.00,70.40,70.40,2023/02/13 02:24:12,2023/02/13 03:03:54,79,3.76482e-08,0.000,0,63,3.65788e-08,1.28513e-09,0,60,1.18935e-02,1.50110e-07,0,60,4.1881e-03,5.8432e-08,0,60,4.8365e-05,9.6344e-10,0,60,4.5873e-06,7.4415e-10,0,60,3.6434e-08,1.5085e-09,0,60,1.1981e-02,1.4208e-07,0,63,4.2118e-03,5.4540e-08,0,63,4.9027e-05,1.0253e-09,0,63,4.6397e-06,6.7020e-10,0,63,3.7844e-08,1.2636e-09,0,63,-7.3167,0.0010,0,60,-5.6168,0.0016,0,60,-13.4979,0.0104,0,60,-11.2800,0.0693,0,60,-55.3254,15.6736,0,60,-10.4817,0.0010,0,60,-11.4736,0.0016,0,60,-0.4781,0.0109,0,60,-0.0788,0.0695,0,60,-37.3124,15.9717,0,60,
C:\Nu Stable\Results\2023\20230210 clumped Oman Thule ABJ KDB,20230210 clumped Oman Thule ABJ KDB,Data_19302 ETH-3.txt,ETH-3,C:\Nu Stable\Analyses\DI\CO2 20-6-20 clumped NuCarb.rdf,Clumped CO2 Iterative,2023/02/11 12:46:35,2023/02/13 04:44:34,441,30,1.4380e-07,3.260711E-10,CF,21.789,4.870e-02,1,4.6556e-02,15328, InitialisePrepSampleRun; CheckIfCFRequired; UseCF; SampleTrapped; Chop_CF_SamSub; SampleTrapped; BalanceRefToSamValue; DepletingBalance; SampleReady;,3.5522e-08,1.0648e-07,5.9518e-08,6.0030e-08,5.9986e-08,5.9874e-08,0.96,2023/02/13 04:43:48,0.19,5991,8446,4.8698e-02,46.053,20,8,20,20,0.000,-2.6680e-13,-1.2650e-13,-1.3591e-13,-7.5579e-14,2.6679e-14,4.1771e-12,23.00,23.00,70.40,-1.93e02,-1.63e02,70.40,0.00,70.40,70.40,2023/02/13 03:46:47,2023/02/13 04:25:37,78,3.75295e-08,0.000,0,63,3.64422e-08,1.28211e-09,0,60,1.20346e-02,1.62362e-07,0,60,4.2613e-03,6.6913e-08,0,60,4.9816e-05,7.8660e-10,0,60,4.7519e-06,3.3579e-10,0,60,5.2332e-08,7.3957e-10,0,60,1.1981e-02,1.4766e-07,0,63,4.2120e-03,5.6066e-08,0,63,4.9039e-05,9.7909e-10,0,63,4.6435e-06,3.5484e-10,0,63,5.0675e-08,7.1106e-10,0,63,4.4361,0.0013,0,60,11.7130,0.0029,0,60,15.8424,0.0128,0,60,23.3436,0.0785,0,60,33.1806,5.1326,0,60,1.4263,0.0014,0,60,5.7467,0.0029,0,60,-0.3037,0.0121,0,60,-0.2145,0.0765,0,60,5.0405,4.9931,0,60,
C:\Nu Stable\Results\2023\20230210 clumped Oman Thule ABJ KDB,20230210 clumped Oman Thule ABJ KDB,Data_19303 KDW_51_0_A.txt,KDW_51_0_A,C:\Nu Stable\Analyses\DI\CO2 20-6-20 clumped NuCarb.rdf,Clumped CO2 Iterative,2023/02/11 12:46:35,2023/02/13 06:13:37,496,31,1.7985e-07,3.626097E-10,CF,27.405,4.656e-02,1,4.7615e-02,15360, InitialisePrepSampleRun; CheckIfCFRequired; UseCF; SampleTrapped; Chop_CF_SamSub; SampleTrapped; BalanceRefToSamValue; DepletingBalance; SampleReady;,4.1915e-08,1.0633e-07,7.5683e-08,7.6441e-08,7.6384e-08,7.6207e-08,0.96,2023/02/13 06:12:52,0.23,5708,8446,4.6556e-02,46.058,20,8,20,20,0.000,-2.6587e-13,-1.2605e-13,-1.3532e-13,-7.3650e-14,2.8753e-14,4.2003e-12,24.00,24.00,70.40,-1.93e02,-1.68e02,70.40,0.00,70.40,70.40,2023/02/13 05:08:31,2023/02/13 05:47:33,78,4.64289e-08,0.000,0,63,4.51960e-08,1.68136e-09,0,60,1.20498e-02,1.15622e-07,0,60,4.2617e-03,6.1940e-08,0,60,4.9874e-05,2.1913e-09,0,60,4.7539e-06,4.5337e-10,0,60,5.8776e-08,5.5582e-10,0,60,1.1982e-02,1.0725e-07,0,63,4.2119e-03,6.3128e-08,0,63,4.9031e-05,2.2870e-09,0,63,4.6440e-06,4.7009e-10,0,63,5.6412e-08,5.1098e-10,0,63,5.6600,0.0014,0,60,11.8079,0.0029,0,60,17.1940,0.0126,0,60,23.6697,0.0516,0,60,41.5436,3.3754,0,60,2.7257,0.0014,0,60,5.8384,0.0029,0,60,-0.3213,0.0122,0,60,-0.0836,0.0504,0,60,11.6784,3.2799,0,60,
C:\Nu Stable\Results\2023\20230210 clumped Oman Thule ABJ KDB,20230210 clumped Oman Thule ABJ KDB,Data_19304 KDW_70_9_A.txt,KDW_70_9_A,C:\Nu Stable\Analyses\DI\CO2 20-6-20 clumped NuCarb.rdf,Clumped CO2 Iterative,2023/02/11 12:46:35,2023/02/13 07:35:27,455,32,1.6437e-07,3.612525E-10,CF,25.238,4.870e-02,1,4.6556e-02,15328, InitialisePrepSampleRun; CheckIfCFRequired; UseCF; SampleTrapped; Chop_CF_SamSub; SampleTrapped; BalanceRefToSamValue; DepletingBalance; SampleReady;,4.1073e-08,1.0661e-07,6.8761e-08,6.9330e-08,6.9297e-08,6.9141e-08,0.96,2023/02/13 07:34:41,0.23,6001,8446,4.8698e-02,46.058,20,8,20,20,0.000,-2.6570e-13,-1.2598e-13,-1.3522e-13,-7.3952e-14,2.8968e-14,4.2674e-12,24.00,24.00,70.40,-1.93e02,-1.67e02,70.40,0.00,70.40,70.40,2023/02/13 06:37:51,2023/02/13 07:16:37,77,4.26108e-08,0.000,0,63,4.14393e-08,1.50757e-09,0,60,1.20569e-02,1.32507e-07,0,60,4.2558e-03,5.0455e-08,0,60,4.9838e-05,1.4449e-09,0,60,4.7419e-06,5.5365e-10,0,60,6.3802e-08,1.3054e-09,0,60,1.1982e-02,1.1919e-07,0,63,4.2120e-03,4.6927e-08,0,63,4.9035e-05,1.5466e-09,0,63,4.6453e-06,5.2094e-10,0,63,6.1462e-08,1.2548e-09,0,63,6.2587,0.0013,0,60,10.3940,0.0027,0,60,16.3748,0.0117,0,60,20.7900,0.0558,0,60,39.5075,3.7755,0,60,3.4116,0.0013,0,60,4.4300,0.0027,0,60,-0.3638,0.0112,0,60,-0.1038,0.0553,0,60,11.8418,3.6757,0,60,
C:\Nu Stable\Results\2023\20230210 clumped Oman Thule ABJ KDB,20230210 clumped Oman Thule ABJ KDB,Data_19305 TH_KB6_A.txt,TH_KB6_A,C:\Nu Stable\Analyses\DI\CO2 20-6-20 clumped NuCarb.rdf,Clumped CO2 Iterative,2023/02/11 12:46:35,2023/02/13 08:57:21,449,33,1.5507e-07,3.453639E-10,CF,23.651,4.870e-02,1,4.7615e-02,15328, InitialisePrepSampleRun; CheckIfCFRequired; UseCF; SampleTrapped; Chop_CF_SamSub; SampleTrapped; BalanceRefToSamValue; DepletingBalance; SampleReady;,4.0316e-08,1.0586e-07,6.4552e-08,6.4957e-08,6.4909e-08,6.4762e-08,0.96,2023/02/13 08:56:36,0.23,6181,8448,4.8698e-02,46.058,20,8,20,20,0.000,-2.6421e-13,-1.2550e-13,-1.3460e-13,-7.3666e-14,2.8378e-14,4.2048e-12,23.00,24.00,70.40,-1.93e02,-1.68e02,70.40,0.00,70.40,70.40,2023/02/13 07:59:30,2023/02/13 08:38:25,78,4.02256e-08,0.000,0,63,3.91057e-08,1.40008e-09,0,60,1.20383e-02,1.45983e-07,0,60,4.2747e-03,5.6642e-08,0,60,4.9972e-05,9.8983e-10,0,60,4.7834e-06,3.3828e-10,0,60,4.6860e-08,8.8790e-10,0,60,1.1982e-02,1.3403e-07,0,63,4.2120e-03,4.7593e-08,0,63,4.9034e-05,1.0904e-09,0,63,4.6448e-06,3.9929e-10,0,63,4.5000e-08,7.9743e-10,0,63,4.7061,0.0012,0,60,14.8882,0.0027,0,60,19.1322,0.0125,0,60,29.8309,0.0535,0,60,40.7043,6.5370,0,60,1.6043,0.0012,0,60,8.9059,0.0027,0,60,-0.4313,0.0111,0,60,-0.1623,0.0526,0,60,5.8503,6.3171,0,60,
C:\Nu Stable\Results\2023\20230210 clumped Oman Thule ABJ KDB,20230210 clumped Oman Thule ABJ KDB,Data_19306 ETH-4.txt,ETH-4,C:\Nu Stable\Analyses\DI\CO2 20-6-20 clumped NuCarb.rdf,Clumped CO2 Iterative,2023/02/11 12:46:35,2023/02/13 10:18:56,466,34,1.5802e-07,3.390994E-10,CF,24.383,4.981e-02,1,4.8698e-02,15392, InitialisePrepSampleRun; CheckIfCFRequired; UseCF; SampleTrapped; Chop_CF_SamSub; SampleTrapped; BalanceRefToSamValue; DepletingBalance; SampleReady;,3.9531e-08,1.0604e-07,6.6129e-08,6.6678e-08,6.6647e-08,6.6497e-08,0.96,2023/02/13 10:18:11,0.23,6003,8447,4.9805e-02,46.058,20,8,20,20,0.000,-2.6448e-13,-1.2564e-13,-1.3476e-13,-7.3695e-14,2.8753e-14,4.1923e-12,23.00,24.00,70.40,-1.93e02,-1.63e02,70.40,0.00,70.40,70.40,2023/02/13 09:21:25,2023/02/13 10:00:21,78,4.11778e-08,0.000,0,63,4.01187e-08,1.44318e-09,0,60,1.18942e-02,1.40873e-07,0,60,4.1883e-03,5.1712e-08,0,60,4.8372e-05,1.0525e-09,0,60,4.5925e-06,3.5037e-10,0,60,4.0247e-08,4.4364e-10,0,60,1.1982e-02,1.3635e-07,0,63,4.2119e-03,5.1340e-08,0,63,4.9032e-05,1.0824e-09,0,63,4.6445e-06,3.4966e-10,0,63,4.1034e-08,4.0654e-10,0,63,-7.3210,0.0009,0,60,-5.6085,0.0015,0,60,-13.4663,0.0115,0,60,-11.2005,0.0607,0,60,-18.8344,6.8494,0,60,-10.4865,0.0010,0,60,-11.4653,0.0015,0,60,-0.4499,0.0117,0,60,-0.0152,0.0612,0,60,-0.1366,6.9797,0,60,
C:\Nu Stable\Results\2023\20230210 clumped Oman Thule ABJ KDB,20230210 clumped Oman Thule ABJ KDB,Data_19307 IAEA-C2.txt,IAEA-C2,C:\Nu Stable\Analyses\DI\CO2 20-6-20 clumped NuCarb.rdf,Clumped CO2 Iterative,2023/02/11 12:46:35,2023/02/13 11:41:47,445,35,1.3083e-07,2.940018E-10,CF,20.111,4.870e-02,1,4.7615e-02,15360, InitialisePrepSampleRun; CheckIfCFRequired; UseCF; SampleTrapped; Chop_CF_SamSub; SampleTrapped; BalanceRefToSamValue; DepletingBalance; SampleReady;,3.8801e-08,1.0639e-07,5.3561e-08,5.3291e-08,5.3250e-08,5.3139e-08,0.96,2023/02/13 11:41:01,0.21,6840,8447,4.8698e-02,46.053,20,8,20,20,0.000,-2.6388e-13,-1.2523e-13,-1.3435e-13,-7.4258e-14,2.7627e-14,4.0501e-12,22.00,22.00,70.40,-1.93e02,-1.62e02,70.40,0.00,70.40,70.40,2023/02/13 10:43:08,2023/02/13 11:21:57,78,3.37696e-08,0.000,0,63,3.27796e-08,1.11824e-09,0,60,1.19222e-02,1.82057e-07,0,60,4.2294e-03,8.1986e-08,0,60,4.8986e-05,8.3349e-10,0,60,4.6939e-06,7.8792e-10,0,60,7.4413e-08,1.7747e-09,0,60,1.1981e-02,1.7225e-07,0,63,4.2116e-03,7.3562e-08,0,63,4.9042e-05,8.3747e-10,0,63,4.6549e-06,7.6295e-10,0,63,7.2723e-08,1.6860e-09,0,63,-4.8858,0.0011,0,60,4.2063,0.0022,0,60,-1.1276,0.0121,0,60,8.3542,0.0832,0,60,22.7681,3.9643,0,60,-8.2352,0.0012,0,60,-1.7033,0.0022,0,60,-0.2120,0.0120,0,60,-0.0755,0.0824,0,60,19.6535,3.9517,0,60,
C:\Nu Stable\Results\2023\20230210 clumped Oman Thule ABJ KDB,20230210 clumped Oman Thule ABJ KDB,Data_19308 ST1_277_A.txt,ST1_277_A,C:\Nu Stable\Analyses\DI\CO2 20-6-20 clumped NuCarb.rdf,Clumped CO2 Iterative,2023/02/11 12:46:35,2023/02/13 13:03:18,448,36,1.6367e-07,3.653347E-10,CF,25.238,4.981e-02,1,4.6556e-02,15392, InitialisePrepSampleRun; CheckIfCFRequired; UseCF; SampleTrapped; Chop_CF_SamSub; SampleTrapped; BalanceRefToSamValue; DepletingBalance; SampleReady;,3.8149e-08,1.0641e-07,6.8555e-08,6.9198e-08,6.9144e-08,6.8997e-08,0.96,2023/02/13 13:02:32,0.21,5725,8446,4.9805e-02,46.053,20,8,20,20,0.000,-2.6347e-13,-1.2502e-13,-1.3403e-13,-7.3013e-14,2.8914e-14,4.2075e-12,24.00,24.00,70.40,-1.93e02,-1.62e02,70.40,0.00,70.40,70.40,2023/02/13 12:04:55,2023/02/13 12:44:45,79,4.25345e-08,0.000,0,63,4.14252e-08,1.50303e-09,0,60,1.20590e-02,1.36077e-07,0,60,4.2824e-03,5.3677e-08,0,60,5.0147e-05,1.1588e-09,0,60,4.7965e-06,4.1181e-10,0,60,4.6239e-08,8.8409e-10,0,60,1.1982e-02,1.2401e-07,0,63,4.2120e-03,4.7429e-08,0,63,4.9027e-05,1.1008e-09,0,63,4.6413e-06,3.0506e-10,0,63,4.4206e-08,7.5931e-10,0,63,6.4504,0.0013,0,60,16.7184,0.0032,0,60,22.8407,0.0122,0,60,33.4241,0.0730,0,60,41.6559,7.0055,0,60,3.3978,0.0014,0,60,10.7234,0.0032,0,60,-0.3596,0.0115,0,60,-0.2826,0.0693,0,60,1.3594,6.7326,0,60,
C:\Nu Stable\Results\2023\20230210 clumped Oman Thule ABJ KDB,20230210 clumped Oman Thule ABJ KDB,Data_19309 TH_KB2_A.txt,TH_KB2_A,C:\Nu Stable\Analyses\DI\CO2 20-6-20 clumped NuCarb.rdf,Clumped CO2 Iterative,2023/02/11 12:46:35,2023/02/13 14:25:09,465,37,1.5207e-07,3.270416E-10,CF,23.254,4.870e-02,1,4.7615e-02,15360, InitialisePrepSampleRun; CheckIfCFRequired; UseCF; SampleTrapped; Chop_CF_SamSub; SampleTrapped; BalanceRefToSamValue; DepletingBalance; SampleReady;,3.7384e-08,1.0606e-07,6.3240e-08,6.3807e-08,6.3767e-08,6.3616e-08,0.96,2023/02/13 14:24:23,0.24,5958,8448,4.8698e-02,46.053,20,8,20,20,0.000,-2.6420e-13,-1.2525e-13,-1.3442e-13,-7.3571e-14,2.8771e-14,4.1950e-12,23.00,23.00,70.40,-1.93e02,-1.60e02,70.40,0.00,70.40,70.40,2023/02/13 13:27:40,2023/02/13 14:06:17,77,3.96214e-08,0.000,0,63,3.85288e-08,1.37111e-09,0,60,1.20378e-02,1.47165e-07,0,60,4.2706e-03,5.9413e-08,0,60,4.9924e-05,8.7396e-10,0,60,4.7713e-06,3.3194e-10,0,60,5.3432e-08,5.8316e-10,0,60,1.1981e-02,1.3603e-07,0,63,4.2119e-03,5.0461e-08,0,63,4.9031e-05,9.8617e-10,0,63,4.6423e-06,2.8784e-10,0,63,5.1350e-08,5.4704e-10,0,63,4.7015,0.0012,0,60,13.9253,0.0028,0,60,18.2005,0.0127,0,60,27.7770,0.0675,0,60,41.7079,5.2035,0,60,1.6326,0.0012,0,60,7.9477,0.0028,0,60,-0.4070,0.0118,0,60,-0.2603,0.0666,0,60,8.7075,5.0395,0,60,
C:\Nu Stable\Results\2023\20230210 clumped Oman Thule ABJ KDB,20230210 clumped Oman Thule ABJ KDB,Data_19310 KDW_66_5_A.txt,KDW_66_5_A,C:\Nu Stable\Analyses\DI\CO2 20-6-20 clumped NuCarb.rdf,Clumped CO2 Iterative,2023/02/11 12:46:35,2023/02/13 15:46:42,490,38,1.7230e-07,3.516226E-10,CF,26.123,4.981e-02,1,4.8698e-02,15392, InitialisePrepSampleRun; CheckIfCFRequired; UseCF; SampleTrapped; Chop_CF_SamSub; SampleTrapped; BalanceRefToSamValue; DepletingBalance; SampleReady;,3.6664e-08,1.0618e-07,7.2328e-08,7.2946e-08,7.2902e-08,7.2727e-08,0.96,2023/02/13 15:45:57,0.24,5394,8447,4.9805e-02,46.053,20,8,20,20,0.000,-2.6339e-13,-1.2497e-13,-1.3403e-13,-7.2545e-14,3.0220e-14,4.1691e-12,24.00,24.00,70.40,-1.93e02,-1.61e02,70.40,0.00,70.40,70.40,2023/02/13 14:49:13,2023/02/13 15:28:01,78,4.45447e-08,0.000,0,63,4.33626e-08,1.59422e-09,0,60,1.20361e-02,1.18786e-07,0,60,4.2560e-03,5.2946e-08,0,60,4.9744e-05,1.4393e-09,0,60,4.7406e-06,3.3367e-10,0,60,5.4960e-08,4.4227e-10,0,60,1.1982e-02,1.0748e-07,0,63,4.2119e-03,5.1464e-08,0,63,4.9026e-05,1.5036e-09,0,63,4.6436e-06,3.6671e-10,0,63,5.3286e-08,4.0061e-10,0,63,4.5434,0.0011,0,60,10.4655,0.0027,0,60,14.6426,0.0109,0,60,20.8734,0.0623,0,60,31.2677,4.6677,0,60,1.5836,0.0011,0,60,4.5050,0.0027,0,60,-0.3813,0.0099,0,60,-0.1638,0.0615,0,60,5.5028,4.5499,0,60,
C:\Nu Stable\Results\2023\20230210 clumped Oman Thule ABJ KDB,20230210 clumped Oman Thule ABJ KDB,Data_19311 ETH-1.txt,ETH-1,C:\Nu Stable\Analyses\DI\CO2 20-6-20 clumped NuCarb.rdf,Clumped CO2 Iterative,2023/02/11 12:46:35,2023/02/13 17:09:40,400,39,1.2578e-07,3.144499E-10,CF,19.195,4.981e-02,1,4.8698e-02,15360, InitialisePrepSampleRun; CheckIfCFRequired; UseCF; SampleTrapped; Chop_CF_SamSub; SampleTrapped; BalanceRefToSamValue; DepletingBalance; SampleReady;,3.5835e-08,1.0590e-07,5.1368e-08,5.1337e-08,5.1300e-08,5.1199e-08,0.96,2023/02/13 17:08:54,0.20,6664,8446,4.9805e-02,46.053,20,8,20,20,0.000,-2.6384e-13,-1.2512e-13,-1.3423e-13,-7.4390e-14,2.7233e-14,4.0537e-12,22.00,22.00,70.96,-1.93e02,-1.60e02,70.96,0.00,70.96,70.96,2023/02/13 16:10:59,2023/02/13 16:49:42,77,3.26682e-08,0.000,0,63,3.17511e-08,1.07193e-09,0,60,1.20369e-02,1.89524e-07,0,60,4.2586e-03,8.6639e-08,0,60,4.9779e-05,7.9442e-10,0,60,4.7503e-06,4.6005e-10,0,60,6.2241e-08,1.0041e-09,0,60,1.1981e-02,1.7879e-07,0,63,4.2117e-03,7.6463e-08,0,63,4.9034e-05,5.5563e-10,0,63,4.6480e-06,4.4326e-10,0,63,6.0336e-08,9.1265e-10,0,63,4.6967,0.0011,0,60,11.1474,0.0023,0,60,15.1882,0.0135,0,60,22.0132,0.0682,0,60,28.3087,4.9784,0,60,1.7232,0.0011,0,60,5.1832,0.0023,0,60,-0.6647,0.0125,0,60,-0.3969,0.0666,0,60,1.1265,4.8479,0,60,
C:\Nu Stable\Results\2023\20230210 clumped Oman Thule ABJ KDB,20230210 clumped Oman Thule ABJ KDB,Data_19312 ETH-2.txt,ETH-2,C:\Nu Stable\Analyses\DI\CO2 20-6-20 clumped NuCarb.rdf,Clumped CO2 Iterative,2023/02/11 12:46:35,2023/02/13 18:32:05,510,40,1.7604e-07,3.451741E-10,CF,27.344,4.981e-02,1,4.8698e-02,15392, InitialisePrepSampleRun; CheckIfCFRequired; UseCF; SampleTrapped; Chop_CF_SamSub; SampleTrapped; BalanceRefToSamValue; DepletingBalance; SampleReady;,3.5253e-08,1.0637e-07,7.4042e-08,7.4503e-08,7.4436e-08,7.4277e-08,0.96,2023/02/13 18:31:20,0.21,5193,8444,4.9805e-02,46.053,20,8,20,20,0.000,-2.6309e-13,-1.2503e-13,-1.3384e-13,-7.2557e-14,2.9594e-14,4.2227e-12,24.00,24.00,70.72,-1.93e02,-1.60e02,70.72,0.25,70.46,70.96,2023/02/13 17:33:05,2023/02/13 18:12:39,80,4.53967e-08,0.000,0,63,4.41809e-08,1.63257e-09,0,60,1.18960e-02,1.09112e-07,0,60,4.1891e-03,5.3853e-08,0,60,4.8365e-05,1.3262e-09,0,60,4.5904e-06,4.9483e-10,0,60,3.4500e-08,1.5735e-09,0,60,1.1982e-02,1.0480e-07,0,63,4.2118e-03,5.5777e-08,0,63,4.9019e-05,1.4670e-09,0,63,4.6420e-06,3.7808e-10,0,63,3.5636e-08,1.4687e-09,0,63,-7.1555,0.0011,0,60,-5.3944,0.0016,0,60,-13.3319,0.0130,0,60,-11.1283,0.0779,0,60,-52.6918,12.1393,0,60,-10.3179,0.0011,0,60,-11.2526,0.0016,0,60,-0.6973,0.0123,0,60,-0.3727,0.0781,0,60,-35.2200,12.3621,0,60,
C:\Nu Stable\Results\2023\20230210 clumped Oman Thule ABJ KDB,20230210 clumped Oman Thule ABJ KDB,Data_19313 KDW_63_A.txt,KDW_63_A,C:\Nu Stable\Analyses\DI\CO2 20-6-20 clumped NuCarb.rdf,Clumped CO2 Iterative,2023/02/11 12:46:35,2023/02/13 20:02:04,491,41,1.1723e-07,2.387596E-10,CF,18.280,4.762e-02,1,4.6556e-02,15360, InitialisePrepSampleRun; CheckIfCFRequired; UseCF; SampleTrapped; Chop_CF_SamSub; SampleTrapped; BalanceRefToSamValue; DepletingBalance; SampleReady;,4.1193e-08,1.0654e-07,4.7576e-08,4.7658e-08,4.7638e-08,4.7542e-08,0.96,2023/02/13 20:01:19,0.20,7640,8446,4.7615e-02,46.053,20,8,20,20,0.000,-2.6460e-13,-1.2542e-13,-1.3450e-13,-7.5063e-14,2.6196e-14,4.0153e-12,22.00,22.00,70.46,-1.93e02,-1.63e02,70.46,0.00,70.46,70.46,2023/02/13 18:56:15,2023/02/13 19:35:05,77,3.05895e-08,0.000,0,63,2.97108e-08,9.85382e-10,0,60,1.20453e-02,1.93121e-07,0,60,4.2573e-03,9.1621e-08,0,60,4.9812e-05,9.1706e-10,0,60,4.7457e-06,3.6907e-10,0,60,5.6958e-08,1.1158e-09,0,60,1.1980e-02,1.7851e-07,0,63,4.2115e-03,7.9996e-08,0,63,4.9029e-05,7.8861e-10,0,63,4.6442e-06,3.3659e-10,0,63,5.4374e-08,9.1606e-10,0,63,5.4259,0.0012,0,60,10.8621,0.0025,0,60,15.9655,0.0141,0,60,21.8542,0.0915,0,60,45.4590,6.2166,0,60,2.5091,0.0012,0,60,4.8978,0.0025,0,60,-0.3694,0.0134,0,60,0.0117,0.0903,0,60,17.6036,6.0524,0,60,
C:\Nu Stable\Results\2023\20230210 clumped Oman Thule ABJ KDB,20230210 clumped Oman Thule ABJ KDB,Data_19314 TH_KB1_A.txt,TH_KB1_A,C:\Nu Stable\Analyses\DI\CO2 20-6-20 clumped NuCarb.rdf,Clumped CO2 Iterative,2023/02/11 12:46:35,2023/02/13 21:24:30,494,42,1.3900e-07,2.813688E-10,CF,21.118,4.870e-02,1,4.7615e-02,15360, InitialisePrepSampleRun; CheckIfCFRequired; UseCF; SampleTrapped; Chop_CF_SamSub; SampleTrapped; BalanceRefToSamValue; DepletingBalance; SampleReady;,4.0585e-08,1.0659e-07,5.7416e-08,5.7288e-08,5.7259e-08,5.7124e-08,0.96,2023/02/13 21:23:45,0.24,6723,8448,4.8698e-02,46.053,20,8,20,20,0.000,-2.6410e-13,-1.2531e-13,-1.3439e-13,-7.3981e-14,2.8163e-14,4.0716e-12,23.00,23.00,70.46,-1.93e02,-1.59e02,70.46,0.00,70.46,70.46,2023/02/13 20:25:22,2023/02/13 21:05:04,79,3.60058e-08,0.000,0,63,3.50210e-08,1.21458e-09,0,60,1.20439e-02,1.64386e-07,0,60,4.2759e-03,7.3124e-08,0,60,5.0009e-05,1.2520e-09,0,60,4.7800e-06,7.0999e-10,0,60,3.8212e-08,1.2685e-09,0,60,1.1981e-02,1.5275e-07,0,63,4.2119e-03,6.2162e-08,0,63,4.9028e-05,1.0815e-09,0,63,4.6388e-06,6.1990e-10,0,63,3.6877e-08,1.1766e-09,0,63,5.2306,0.0011,0,60,15.1910,0.0027,0,60,20.0152,0.0126,0,60,30.4429,0.0639,0,60,32.4571,11.7319,0,60,2.1521,0.0011,0,60,9.2061,0.0027,0,60,-0.3966,0.0116,0,60,-0.1649,0.0604,0,60,-3.2590,11.3264,0,60,
C:\Nu Stable\Results\2023\20230210 clumped Oman Thule ABJ KDB,20230210 clumped Oman Thule ABJ KDB,Data_19315 SB1_69_A.txt,SB1_69_A,C:\Nu Stable\Analyses\DI\CO2 20-6-20 clumped NuCarb.rdf,Clumped CO2 Iterative,2023/02/11 12:46:35,2023/02/13 22:46:12,470,43,1.6813e-07,3.577216E-10,CF,25.482,4.981e-02,1,4.8698e-02,15392, InitialisePrepSampleRun; CheckIfCFRequired; UseCF; SampleTrapped; Chop_CF_SamSub; SampleTrapped; BalanceRefToSamValue; DepletingBalance; SampleReady;,3.9862e-08,1.0594e-07,7.0485e-08,7.1157e-08,7.1100e-08,7.0932e-08,0.96,2023/02/13 22:45:27,0.24,5790,8448,4.9805e-02,46.058,20,8,20,20,0.000,-2.6538e-13,-1.2575e-13,-1.3486e-13,-7.3396e-14,2.8986e-14,4.2370e-12,24.00,24.00,70.46,-1.93e02,-1.72e02,70.46,0.00,70.46,70.46,2023/02/13 21:48:09,2023/02/13 22:27:30,79,4.35530e-08,0.000,0,63,4.23776e-08,1.55045e-09,0,60,1.20772e-02,1.24486e-07,0,60,4.2992e-03,5.2703e-08,0,60,5.0423e-05,1.2936e-09,0,60,4.8348e-06,3.2907e-10,0,60,5.5348e-08,5.6332e-10,0,60,1.1982e-02,1.1359e-07,0,63,4.2120e-03,4.7918e-08,0,63,4.9032e-05,1.5331e-09,0,63,4.6420e-06,3.6053e-10,0,63,5.2680e-08,5.4419e-10,0,63,7.9486,0.0012,0,60,20.6870,0.0034,0,60,28.3701,0.0120,0,60,41.5611,0.0647,0,60,50.6506,3.9841,0,60,4.8559,0.0012,0,60,14.6695,0.0034,0,60,-0.3348,0.0093,0,60,-0.2312,0.0612,0,60,0.7126,3.7932,0,60,
C:\Nu Stable\Results\2023\20230210 clumped Oman Thule ABJ KDB,20230210 clumped Oman Thule ABJ KDB,Data_19316 ETH-3.txt,ETH-3,C:\Nu Stable\Analyses\DI\CO2 20-6-20 clumped NuCarb.rdf,Clumped CO2 Iterative,2023/02/11 12:46:35,2023/02/14 00:07:55,492,44,1.6485e-07,3.350696E-10,CF,24.902,4.981e-02,1,4.6556e-02,15360, InitialisePrepSampleRun; CheckIfCFRequired; UseCF; SampleTrapped; Chop_CF_SamSub; SampleTrapped; BalanceRefToSamValue; DepletingBalance; SampleReady;,3.9022e-08,1.0633e-07,6.9091e-08,6.9760e-08,6.9711e-08,6.9556e-08,0.96,2023/02/14 00:07:10,0.22,5785,8448,4.9805e-02,46.053,20,8,20,20,0.000,-2.6447e-13,-1.2555e-13,-1.3470e-13,-7.3341e-14,2.9379e-14,4.2164e-12,24.00,24.00,70.46,-1.93e02,-1.64e02,70.46,0.00,70.46,70.46,2023/02/13 23:10:25,2023/02/13 23:49:11,77,4.28387e-08,0.000,0,63,4.16511e-08,1.51806e-09,0,60,1.20351e-02,1.24071e-07,0,60,4.2614e-03,5.1341e-08,0,60,4.9804e-05,1.1008e-09,0,60,4.7477e-06,3.3430e-10,0,60,3.3847e-08,1.3092e-09,0,60,1.1982e-02,1.1429e-07,0,63,4.2119e-03,4.8372e-08,0,63,4.9024e-05,1.1274e-09,0,63,4.6381e-06,3.1741e-10,0,63,3.3021e-08,1.2022e-09,0,63,4.4481,0.0012,0,60,11.7488,0.0026,0,60,15.9081,0.0113,0,60,23.6317,0.0510,0,60,19.8141,11.3130,0,60,1.4380,0.0012,0,60,5.7823,0.0026,0,60,-0.2863,0.0108,0,60,-0.0038,0.0504,0,60,-8.0447,11.0028,0,60,
C:\Nu Stable\Results\2023\20230210 clumped Oman Thule ABJ KDB,20230210 clumped Oman Thule ABJ KDB,Data_19317 ETH-4.txt,ETH-4,C:\Nu Stable\Analyses\DI\CO2 20-6-20 clumped NuCarb.rdf,Clumped CO2 Iterative,2023/02/11 12:46:35,2023/02/14 01:30:09,418,45,1.3623e-07,3.258998E-10,CF,20.721,4.981e-02,1,4.8698e-02,15360, InitialisePrepSampleRun; CheckIfCFRequired; UseCF; SampleTrapped; Chop_CF_SamSub; SampleTrapped; BalanceRefToSamValue; DepletingBalance; SampleReady;,3.8264e-08,1.0654e-07,5.6077e-08,5.6104e-08,5.6054e-08,5.5950e-08,0.96,2023/02/14 01:29:23,0.19,6568,8447,4.9805e-02,46.053,20,8,20,20,0.000,-2.6579e-13,-1.2573e-13,-1.3504e-13,-7.4943e-14,2.7412e-14,4.1199e-12,23.00,23.00,70.46,-1.93e02,-1.65e02,70.46,0.00,70.46,70.46,2023/02/14 00:32:10,2023/02/14 01:10:55,77,3.53291e-08,0.000,0,63,3.43335e-08,1.18621e-09,0,60,1.18934e-02,1.74330e-07,0,60,4.1881e-03,7.1610e-08,0,60,4.8370e-05,6.2638e-10,0,60,4.5925e-06,4.5928e-10,0,60,5.9368e-08,1.3870e-09,0,60,1.1981e-02,1.7020e-07,0,63,4.2117e-03,6.9722e-08,0,63,4.9030e-05,6.7159e-10,0,63,4.6451e-06,4.5241e-10,0,63,5.9646e-08,1.2581e-09,0,63,-7.3203,0.0009,0,60,-5.6167,0.0013,0,60,-13.4601,0.0136,0,60,-11.3195,0.0713,0,60,-6.6330,5.5298,0,60,-10.4854,0.0009,0,60,-11.4735,0.0013,0,60,-0.4362,0.0142,0,60,-0.1190,0.0717,0,60,12.3130,5.6354,0,60,
C:\Nu Stable\Results\2023\20230210 clumped Oman Thule ABJ KDB,20230210 clumped Oman Thule ABJ KDB,Data_19318 TH_KB3_A.txt,TH_KB3_A,C:\Nu Stable\Analyses\DI\CO2 20-6-20 clumped NuCarb.rdf,Clumped CO2 Iterative,2023/02/11 12:46:35,2023/02/14 02:51:53,566,46,1.7700e-07,3.127192E-10,CF,27.191,5.094e-02,1,4.8698e-02,15392, InitialisePrepSampleRun; CheckIfCFRequired; UseCF; SampleTrapped; Chop_CF_SamSub; SampleTrapped; BalanceRefToSamValue; DepletingBalance; SampleReady;,3.7624e-08,1.0659e-07,7.4395e-08,7.5002e-08,7.4941e-08,7.4770e-08,0.96,2023/02/14 02:51:07,0.23,5391,8447,5.0938e-02,46.053,20,8,20,20,0.000,-2.6484e-13,-1.2542e-13,-1.3462e-13,-7.3121e-14,3.0255e-14,4.2397e-12,24.00,24.00,70.46,-1.93e02,-1.58e02,70.46,0.00,70.46,70.46,2023/02/14 01:54:03,2023/02/14 02:33:09,78,4.56278e-08,0.000,0,63,4.43478e-08,1.64559e-09,0,60,1.20392e-02,1.09201e-07,0,60,4.2737e-03,5.6150e-08,0,60,4.9961e-05,1.8586e-09,0,60,4.7829e-06,5.3781e-10,0,60,5.9685e-08,5.7023e-10,0,60,1.1982e-02,1.0145e-07,0,63,4.2119e-03,5.8583e-08,0,63,4.9029e-05,2.0047e-09,0,63,4.6470e-06,5.6716e-10,0,63,5.7659e-08,5.4238e-10,0,63,4.7863,0.0012,0,60,14.6586,0.0035,0,60,19.0002,0.0118,0,60,29.2452,0.0725,0,60,34.4950,4.2904,0,60,1.6976,0.0012,0,60,8.6772,0.0035,0,60,-0.4204,0.0107,0,60,-0.2786,0.0696,0,60,0.2094,4.1479,0,60,
C:\Nu Stable\Results\2023\20230210 clumped Oman Thule ABJ KDB,20230210 clumped Oman Thule ABJ KDB,Data_19319 IAEA-C1.txt,IAEA-C1,C:\Nu Stable\Analyses\DI\CO2 20-6-20 clumped NuCarb.rdf,Clumped CO2 Iterative,2023/02/11 12:46:35,2023/02/14 04:14:02,434,47,1.3604e-07,3.134561E-10,CF,20.874,4.981e-02,1,4.8698e-02,15392, InitialisePrepSampleRun; CheckIfCFRequired; UseCF; SampleTrapped; Chop_CF_SamSub; SampleTrapped; BalanceRefToSamValue; DepletingBalance; SampleReady;,3.6811e-08,1.0594e-07,5.5983e-08,5.6147e-08,5.6106e-08,5.5992e-08,0.96,2023/02/14 04:13:17,0.20,6401,8446,4.9805e-02,46.053,20,8,20,20,0.000,-2.6509e-13,-1.2540e-13,-1.3472e-13,-7.4421e-14,2.8360e-14,4.1217e-12,23.00,23.00,70.46,-1.93e02,-1.68e02,70.46,0.00,70.46,70.46,2023/02/14 03:16:08,2023/02/14 03:54:51,77,3.53553e-08,0.000,0,63,3.43482e-08,1.18832e-09,0,60,1.20422e-02,1.86470e-07,0,60,4.2585e-03,7.9131e-08,0,60,4.9792e-05,1.2075e-09,0,60,4.7425e-06,3.4429e-10,0,60,4.8394e-08,4.8794e-10,0,60,1.1981e-02,1.7219e-07,0,63,4.2118e-03,6.8170e-08,0,63,4.9029e-05,8.3034e-10,0,63,4.6406e-06,2.7350e-10,0,63,4.7151e-08,4.3370e-10,0,63,5.0967,0.0011,0,60,11.0809,0.0025,0,60,15.5686,0.0163,0,60,21.9655,0.0593,0,60,25.6929,7.2213,0,60,2.1512,0.0012,0,60,5.1161,0.0025,0,60,-0.6354,0.0146,0,60,-0.3120,0.0579,0,60,-1.7145,7.0266,0,60,
C:\Nu Stable\Results\2023\20230210 clumped Oman Thule ABJ KDB,20230210 clumped Oman Thule ABJ KDB,Data_19320 SB1_67_A.txt,SB1_67_A,C:\Nu Stable\Analyses\DI\CO2 20-6-20 clumped NuCarb.rdf,Clumped CO2 Iterative,2023/02/11 12:46:35,2023/02/14 05:35:35,463,48,1.6790e-07,3.626332E-10,CF,25.513,5.094e-02,1,4.9805e-02,15392, InitialisePrepSampleRun; CheckIfCFRequired; UseCF; SampleTrapped; Chop_CF_SamSub; SampleTrapped; BalanceRefToSamValue; DepletingBalance; SampleReady;,3.6193e-08,1.0652e-07,7.0407e-08,7.1090e-08,7.1034e-08,7.0891e-08,0.96,2023/02/14 05:34:50,0.20,5444,8450,5.0938e-02,46.053,20,8,20,20,0.000,-2.6469e-13,-1.2530e-13,-1.3475e-13,-7.3627e-14,2.9862e-14,4.2531e-12,24.00,24.00,70.46,-1.93e02,-1.67e02,70.46,0.00,70.46,70.46,2023/02/14 04:37:51,2023/02/14 05:17:02,78,4.35838e-08,0.000,0,63,4.23517e-08,1.54777e-09,0,60,1.20666e-02,1.23706e-07,0,60,4.2716e-03,5.5168e-08,0,60,5.0059e-05,1.6437e-09,0,60,4.7767e-06,5.2363e-10,0,60,5.7932e-08,8.1336e-10,0,60,1.1982e-02,1.3736e-07,0,63,4.2121e-03,8.1090e-08,0,63,4.9032e-05,2.6593e-09,0,63,4.6447e-06,5.3030e-10,0,63,5.5509e-08,8.2011e-10,0,63,7.0459,0.0046,0,60,14.1322,0.0102,0,60,20.9311,0.0351,0,60,28.4305,0.0644,0,60,45.1390,4.7445,0,60,4.1205,0.0045,0,60,8.1485,0.0102,0,60,-0.3312,0.0474,0,60,-0.0327,0.0731,0,60,9.1201,4.5810,0,60,
C:\Nu Stable\Results\2023\20230210 clumped Oman Thule ABJ KDB,20230210 clumped Oman Thule ABJ KDB,Data_19321 IAEA-C2.txt,IAEA-C2,C:\Nu Stable\Analyses\DI\CO2 20-6-20 clumped NuCarb.rdf,Clumped CO2 Iterative,2023/02/11 12:46:35,2023/02/14 06:57:18,469,49,1.5505e-07,3.306061E-10,CF,23.834,4.981e-02,1,4.8698e-02,15392, InitialisePrepSampleRun; CheckIfCFRequired; UseCF; SampleTrapped; Chop_CF_SamSub; SampleTrapped; BalanceRefToSamValue; DepletingBalance; SampleReady;,3.5395e-08,1.0585e-07,6.4851e-08,6.5474e-08,6.5415e-08,6.5291e-08,0.96,2023/02/14 06:56:32,0.19,5668,8448,4.9805e-02,46.053,20,8,20,20,0.000,-2.6478e-13,-1.2530e-13,-1.3469e-13,-7.3713e-14,2.8628e-14,4.1467e-12,23.00,24.00,70.46,-1.93e02,-1.60e02,70.46,0.00,70.46,70.46,2023/02/14 06:00:16,2023/02/14 06:38:24,76,4.05077e-08,0.000,0,63,3.94513e-08,1.41471e-09,0,60,1.19235e-02,1.40054e-07,0,60,4.2299e-03,5.4910e-08,0,60,4.8971e-05,9.1306e-10,0,60,4.6776e-06,3.8394e-10,0,60,4.1406e-08,8.2767e-10,0,60,1.1982e-02,1.3170e-07,0,63,4.2120e-03,4.9443e-08,0,63,4.9028e-05,8.6613e-10,0,63,4.6386e-06,3.5881e-10,0,63,4.1737e-08,7.2167e-10,0,63,-4.8813,0.0011,0,60,4.2272,0.0023,0,60,-1.1643,0.0120,0,60,8.3797,0.0704,0,60,-8.7440,7.4069,0,60,-8.2312,0.0012,0,60,-1.6826,0.0022,0,60,-0.2738,0.0111,0,60,-0.0918,0.0684,0,60,-11.8082,7.3830,0,60,
C:\Nu Stable\Results\2023\20230210 clumped Oman Thule ABJ KDB,20230210 clumped Oman Thule ABJ KDB,Data_19322 ETH-1.txt,ETH-1,C:\Nu Stable\Analyses\DI\CO2 20-6-20 clumped NuCarb.rdf,Clumped CO2 Iterative,2023/02/11 12:46:35,2023/02/14 08:19:21,531,50,1.8587e-07,3.500423E-10,CF,27.893,4.981e-02,1,4.8698e-02,15392, InitialisePrepSampleRun; CheckIfCFRequired; UseCF; SampleTrapped; Chop_CF_SamSub; SampleTrapped; BalanceRefToSamValue; DepletingBalance; SampleReady;,3.4781e-08,1.0592e-07,7.8298e-08,7.8391e-08,7.8329e-08,7.8143e-08,0.96,2023/02/14 08:18:35,0.24,4993,8446,4.9805e-02,46.056,20,8,20,20,0.000,-2.6513e-13,-1.2542e-13,-1.3485e-13,-7.3015e-14,2.9898e-14,4.3014e-12,24.00,25.00,70.46,-1.93e02,2.84e01,70.46,0.00,70.46,70.46,2023/02/14 07:21:51,2023/02/14 08:00:17,77,4.71323e-08,0.000,0,63,4.58219e-08,1.70871e-09,0,60,1.20387e-02,1.14520e-07,0,60,4.2592e-03,6.3535e-08,0,60,4.9779e-05,2.3650e-09,0,60,4.7469e-06,5.8363e-10,0,60,5.9938e-08,1.0899e-09,0,60,1.1982e-02,1.0744e-07,0,63,4.2120e-03,6.7193e-08,0,63,4.9032e-05,2.4266e-09,0,63,4.6437e-06,6.0219e-10,0,63,5.8388e-08,1.0693e-09,0,63,4.7035,0.0015,0,60,11.2009,0.0038,0,60,15.2257,0.0120,0,60,22.2324,0.0590,0,60,29.0681,4.2036,0,60,1.7286,0.0015,0,60,5.2365,0.0038,0,60,-0.6868,0.0117,0,60,-0.2884,0.0586,0,60,1.7537,4.0912,0,60,
