Batch,20230214 clumped Oman Thule 2 ABJ KDB,Collected on,2023/02/14 17:55:32,Analysis Instrument,PS019,Acquisition Software,Stable 1.71.5,Reanalyzed  on,2023/02/14 18:54:41,Reanalysis Instrument,PS019,Reanalysis Software,Stable 1.71.5


Data,Batch,Data,Sample,Method,Analysis,Batch,Time,Sample,Vial,Initial,Sample,ColdFinger,Transducer,InletPiraniPressure,Sample,MaxPumpOverPressure,RawPumpOverPressure,Sample,Min,Max,Pre-balance,Pre-depleted,Final,Final,Depletion,Balance,Balance,RefBellowsPos,SamBellowsPos,Pirani,Current,Num,CO,Cycle,Zero,Zero,Zero,Zero,Zero,Zero,Zero,Zero,Sam,Ref,Ave,Water,Water,Ave, StdDev, Min, Max, Started, Stopped, Num,Ref Major,Std,Rejected,Num,Sam Major,Std,Rejected,Num,Sample,Std,Rejected,Num,Sample,Std,Rejected,Num,Sample,Std,Rejected,Num,Sample,Std,Rejected,Num,Sample,Std,Rejected,Num,Ref,Std,Rejected,Num,Ref,Std,Rejected,Num,Ref,Std,Rejected,Num,Ref,Std,Rejected,Num,Ref,Std,Rejected,Num,Raw,Std,Rejected,Num,Raw,Std,Rejected,Num,Raw,Std,Rejected,Num,Raw,Std,Rejected,Num,Raw,Std,Rejected,Num,Delta(13),Std,Rejected,Num,Delta(18),Std,Rejected,Num,DELTA,Std,Rejected,Num,DELTA,Std,Rejected,Num,DELTA,Std,Rejected,Num,
Dir  ,Name  ,File  ,Name  , , ,Started  ,Collected  ,Weight  ,Location  ,Sam Beam  ,Yield  ,Status  ,Pressure  , ,Chops  , , ,Operations  ,Ref Beam  ,Ref Beam  ,Sam Beam  ,Ref Beam  ,Sam Beam  ,Ref Beam  ,Factor ,End  ,% , , ,Pressure  ,Mass  ,CO Cycles   ,Delay Time  ,Length  ,Length   ,Offset  ,Beams (0) ,Beams (1) ,Beams (2) ,Beams (3) ,Beams (4) ,Beams (5) ,Depletion  ,Depletion  ,Temperature  ,Trap Temperature Hot ,Trap Temperature Cold ,Temp, , ,,,,,Signal(44),Dev,,,Signal(44),Dev,,,Ratio(45/44),Dev,,,Ratio(46/44),Dev,,,Ratio(47/44),Dev,,,Ratio(48/44),Dev,,,Ratio(49/44),Dev,,,Ratio(45/44),Dev,,,Ratio(46/44),Dev,,,Ratio(47/44),Dev,,,Ratio(48/44),Dev,,,Ratio(49/44),Dev,,,Delta(45/44),Err,,,Delta(46/44),Err,,,Delta(47/44),Err,,,Delta(48/44),Err,,,Delta(49/44),Err,,,wrt PDB,Err,,,wrt PDB,Err,,,47,Err,,,48,Err,,,49,Err,,,

C:\Nu Stable\Results\2023\20230214 clumped Oman Thule 2 ABJ KDB,20230214 clumped Oman Thule 2 ABJ KDB,Data_19323 ETH-1.txt,ETH-1,C:\Nu Stable\Analyses\DI\CO2 20-6-20 clumped NuCarb.rdf,Clumped CO2 Iterative,2023/02/14 17:55:32,2023/02/14 17:55:32,488,1,1.7102e-07,3.504433E-10,CF,26.611,4.451e-02,1,4.5521e-02,15264, InitialisePrepSampleRun; CheckIfCFRequired; UseCF; SampleTrapped; Chop_CF_SamSub; SampleTrapped; BalanceRefToSamValue; DepletingBalance; SampleReady;,4.0030e-08,1.0655e-07,7.1877e-08,7.2585e-08,7.2522e-08,7.2397e-08,0.96,2023/02/14 17:54:47,0.17,5718,8448,4.4509e-02,46.056,20,8,20,20,0.000,-2.6714e-13,-1.2679e-13,-1.3603e-13,-7.7673e-14,2.0635e-14,3.6594e-12,24.00,24.00,70.83,-1.93e02,-1.62e02,70.83,0.24,70.63,71.13,2023/02/14 16:58:24,2023/02/14 17:55:13,114,4.42612e-08,0.000,0,63,4.30993e-08,1.57920e-09,0,60,1.20379e-02,1.13531e-07,0,60,4.2589e-03,5.5201e-08,0,60,4.9775e-05,1.9194e-09,0,60,4.7511e-06,6.2057e-10,0,60,6.3078e-08,1.0508e-09,0,60,1.1981e-02,1.0703e-07,0,63,4.2118e-03,5.7648e-08,0,63,4.9028e-05,1.9852e-09,0,63,4.6478e-06,6.6530e-10,0,63,6.0041e-08,9.8530e-10,0,63,4.7059,0.0012,0,60,11.1683,0.0028,0,60,15.2376,0.0118,0,60,22.2297,0.0541,0,60,51.9476,5.0265,0,60,1.7323,0.0012,0,60,5.2040,0.0028,0,60,-0.6458,0.0113,0,60,-0.2265,0.0522,0,60,24.0888,4.8940,0,60,
C:\Nu Stable\Results\2023\20230214 clumped Oman Thule 2 ABJ KDB,20230214 clumped Oman Thule 2 ABJ KDB,Data_19324 ETH-2.txt,ETH-2,C:\Nu Stable\Analyses\DI\CO2 20-6-20 clumped NuCarb.rdf,Clumped CO2 Iterative,2023/02/14 17:55:32,2023/02/14 19:17:47,440,2,1.4842e-07,3.373164E-10,CF,22.980,4.451e-02,1,3.9776e-02,15200, InitialisePrepSampleRun; CheckIfCFRequired; UseCF; SampleTrapped; Chop_CF_SamSub; SampleTrapped; BalanceRefToSamValue; DepletingBalance; SampleReady;,3.9055e-08,1.0638e-07,6.1635e-08,6.1912e-08,6.1874e-08,6.1722e-08,0.96,2023/02/14 19:17:01,0.25,6247,8448,4.4509e-02,46.051,20,8,20,20,0.000,-2.6555e-13,-1.2605e-13,-1.3526e-13,-7.6012e-14,2.4712e-14,3.9151e-12,23.00,23.00,71.13,-1.93e02,-1.57e02,71.13,0.00,71.13,71.13,2023/02/14 18:19:40,2023/02/14 18:58:43,78,3.85327e-08,0.000,0,63,3.74550e-08,1.32775e-09,0,60,1.18955e-02,1.41506e-07,0,60,4.1890e-03,5.3641e-08,0,60,4.8393e-05,1.8447e-09,0,60,4.6064e-06,1.5938e-09,0,60,7.6279e-08,3.2052e-09,0,60,1.1981e-02,1.3219e-07,0,63,4.2117e-03,5.0479e-08,0,63,4.9043e-05,1.8350e-09,0,63,4.6563e-06,1.4834e-09,0,63,7.5691e-08,3.0390e-09,0,63,-7.1379,0.0011,0,60,-5.3916,0.0017,0,60,-13.2552,0.0104,0,60,-10.6936,0.0610,0,60,4.9705,3.7153,0,60,-10.2992,0.0012,0,60,-11.2499,0.0017,0,60,-0.6406,0.0107,0,60,0.0611,0.0625,0,60,23.4819,3.7840,0,60,
C:\Nu Stable\Results\2023\20230214 clumped Oman Thule 2 ABJ KDB,20230214 clumped Oman Thule 2 ABJ KDB,Data_19325 ETH-3.txt,ETH-3,C:\Nu Stable\Analyses\DI\CO2 20-6-20 clumped NuCarb.rdf,Clumped CO2 Iterative,2023/02/14 17:55:32,2023/02/14 20:39:46,441,3,1.4540e-07,3.296961E-10,CF,22.430,4.451e-02,1,4.2552e-02,15232, InitialisePrepSampleRun; CheckIfCFRequired; UseCF; SampleTrapped; Chop_CF_SamSub; SampleTrapped; BalanceRefToSamValue; DepletingBalance; SampleReady;,3.8306e-08,1.0615e-07,6.0366e-08,6.0640e-08,6.0603e-08,6.0465e-08,0.96,2023/02/14 20:39:00,0.23,6250,8448,4.4509e-02,46.051,20,8,20,20,0.000,-2.6327e-13,-1.2485e-13,-1.3393e-13,-7.4074e-14,2.6053e-14,4.0126e-12,23.00,23.00,71.13,-1.93e02,-1.58e02,71.13,0.00,71.13,71.13,2023/02/14 19:41:30,2023/02/14 20:20:46,78,3.78308e-08,0.000,0,63,3.68173e-08,1.29700e-09,0,60,1.20341e-02,1.61283e-07,0,60,4.2609e-03,6.5982e-08,0,60,4.9794e-05,1.2154e-09,0,60,4.7411e-06,7.1602e-10,0,60,3.4022e-08,1.6611e-09,0,60,1.1981e-02,1.4588e-07,0,63,4.2117e-03,5.5243e-08,0,63,4.9017e-05,1.1069e-09,0,63,4.6327e-06,6.9897e-10,0,63,3.2736e-08,1.5921e-09,0,63,4.4433,0.0013,0,60,11.6782,0.0031,0,60,15.8456,0.0133,0,60,23.3963,0.0798,0,60,43.6794,11.7097,0,60,1.4353,0.0013,0,60,5.7120,0.0031,0,60,-0.2741,0.0128,0,60,-0.0941,0.0787,0,60,15.3148,11.3925,0,60,
C:\Nu Stable\Results\2023\20230214 clumped Oman Thule 2 ABJ KDB,20230214 clumped Oman Thule 2 ABJ KDB,Data_19326 IAEA-C2.txt,IAEA-C2,C:\Nu Stable\Analyses\DI\CO2 20-6-20 clumped NuCarb.rdf,Clumped CO2 Iterative,2023/02/14 17:55:32,2023/02/14 22:01:42,450,4,1.5078e-07,3.350663E-10,CF,23.376,4.352e-02,1,4.3519e-02,15200, InitialisePrepSampleRun; CheckIfCFRequired; UseCF; SampleTrapped; Chop_CF_SamSub; SampleTrapped; BalanceRefToSamValue; DepletingBalance; SampleReady;,3.7583e-08,1.0647e-07,6.2749e-08,6.3199e-08,6.3170e-08,6.3034e-08,0.96,2023/02/14 22:00:57,0.22,6024,8448,4.3519e-02,46.056,20,8,20,20,0.000,-2.6407e-13,-1.2529e-13,-1.3439e-13,-7.4372e-14,2.6643e-14,4.0761e-12,23.00,23.00,71.13,-1.93e02,-1.68e02,71.13,0.00,71.13,71.13,2023/02/14 21:03:36,2023/02/14 21:42:44,78,3.92389e-08,0.000,0,63,3.81236e-08,1.36050e-09,0,60,1.19229e-02,1.47929e-07,0,60,4.2297e-03,5.9001e-08,0,60,4.8976e-05,8.3086e-10,0,60,4.6844e-06,3.9277e-10,0,60,5.2826e-08,4.1915e-10,0,60,1.1981e-02,1.3733e-07,0,63,4.2118e-03,5.2084e-08,0,63,4.9029e-05,9.2557e-10,0,63,4.6449e-06,4.0320e-10,0,63,5.2121e-08,4.4155e-10,0,63,-4.8738,0.0011,0,60,4.2586,0.0021,0,60,-1.0844,0.0119,0,60,8.4996,0.0675,0,60,14.0660,4.6424,0,60,-8.2244,0.0011,0,60,-1.6513,0.0021,0,60,-0.2324,0.0115,0,60,-0.0356,0.0663,0,60,10.8613,4.6268,0,60,
C:\Nu Stable\Results\2023\20230214 clumped Oman Thule 2 ABJ KDB,20230214 clumped Oman Thule 2 ABJ KDB,Data_19327 IAEA-C1.txt,IAEA-C1,C:\Nu Stable\Analyses\DI\CO2 20-6-20 clumped NuCarb.rdf,Clumped CO2 Iterative,2023/02/14 17:55:32,2023/02/14 23:23:28,499,5,1.7536e-07,3.514316E-10,CF,26.886,4.451e-02,1,4.3519e-02,15232, InitialisePrepSampleRun; CheckIfCFRequired; UseCF; SampleTrapped; Chop_CF_SamSub; SampleTrapped; BalanceRefToSamValue; DepletingBalance; SampleReady;,3.6886e-08,1.0592e-07,7.3692e-08,7.4247e-08,7.4206e-08,7.4019e-08,0.96,2023/02/14 23:22:43,0.25,5361,8446,4.4509e-02,46.056,20,8,20,20,0.000,-2.6371e-13,-1.2495e-13,-1.3403e-13,-7.2972e-14,2.8414e-14,4.1816e-12,24.00,24.00,71.13,-1.93e02,-1.70e02,71.13,0.00,71.13,71.13,2023/02/14 22:25:34,2023/02/14 23:04:43,78,4.52087e-08,0.000,0,63,4.39632e-08,1.62931e-09,0,60,1.20427e-02,1.19105e-07,0,60,4.2584e-03,5.7862e-08,0,60,4.9779e-05,1.5771e-09,0,60,4.7335e-06,7.6726e-10,0,60,3.4341e-08,1.7673e-09,0,60,1.1982e-02,1.0675e-07,0,63,4.2118e-03,5.6623e-08,0,63,4.9014e-05,1.3256e-09,0,63,4.6318e-06,7.0331e-10,0,63,3.3182e-08,1.6625e-09,0,63,5.0927,0.0017,0,60,11.0651,0.0032,0,60,15.6069,0.0210,0,60,21.9505,0.0582,0,60,34.0666,13.0542,0,60,2.1475,0.0017,0,60,5.1004,0.0032,0,60,-0.5784,0.0210,0,60,-0.2955,0.0565,0,60,6.4714,12.7067,0,60,
C:\Nu Stable\Results\2023\20230214 clumped Oman Thule 2 ABJ KDB,20230214 clumped Oman Thule 2 ABJ KDB,Data_19328 ST1_277_A.txt,ST1_277_A,C:\Nu Stable\Analyses\DI\CO2 20-6-20 clumped NuCarb.rdf,Clumped CO2 Iterative,2023/02/14 17:55:32,2023/02/15 00:45:16,429,6,1.4797e-07,3.449238E-10,CF,22.980,4.352e-02,1,4.2552e-02,15232, InitialisePrepSampleRun; CheckIfCFRequired; UseCF; SampleTrapped; Chop_CF_SamSub; SampleTrapped; BalanceRefToSamValue; DepletingBalance; SampleReady;,3.6089e-08,1.0657e-07,6.1571e-08,6.2070e-08,6.2024e-08,6.1893e-08,0.96,2023/02/15 00:44:31,0.21,5937,8446,4.3519e-02,46.051,20,8,20,20,0.000,-2.6491e-13,-1.2558e-13,-1.3484e-13,-7.4297e-14,2.6929e-14,4.0376e-12,23.00,23.00,71.13,-1.93e02,-1.71e02,71.13,0.00,71.13,71.13,2023/02/14 23:47:31,2023/02/15 00:26:27,78,3.85766e-08,0.000,0,63,3.73549e-08,1.31585e-09,0,60,1.20596e-02,1.01408e-06,0,60,4.2832e-03,7.6462e-07,0,60,5.0159e-05,6.6636e-09,0,60,4.7967e-06,3.0671e-09,0,60,5.6542e-08,1.5539e-09,0,60,1.1981e-02,2.2691e-07,0,63,4.2120e-03,1.1456e-07,0,63,4.9034e-05,1.3340e-09,0,63,4.6443e-06,4.7463e-10,0,63,5.5317e-08,9.8371e-10,0,63,6.5250,0.0785,0,60,16.8790,0.1731,0,60,22.9384,0.1339,0,60,32.8162,0.6385,0,60,21.5045,22.6026,0,60,3.4716,0.0776,0,60,10.8831,0.1720,0,60,-0.4948,0.1251,0,60,-1.1692,0.9387,0,60,-17.8748,21.6322,0,60,
C:\Nu Stable\Results\2023\20230214 clumped Oman Thule 2 ABJ KDB,20230214 clumped Oman Thule 2 ABJ KDB,Data_19329 KDW_51_0_A.txt,KDW_51_0_A,C:\Nu Stable\Analyses\DI\CO2 20-6-20 clumped NuCarb.rdf,Clumped CO2 Iterative,2023/02/14 17:55:32,2023/02/15 02:07:01,442,7,1.5073e-07,3.410124E-10,CF,23.590,4.762e-02,1,4.3519e-02,15264, InitialisePrepSampleRun; CheckIfCFRequired; UseCF; SampleTrapped; Chop_CF_SamSub; SampleTrapped; BalanceRefToSamValue; DepletingBalance; SampleReady;,3.5383e-08,1.0596e-07,6.2693e-08,6.3237e-08,6.3192e-08,6.3060e-08,0.96,2023/02/15 02:06:15,0.21,5785,8446,4.7615e-02,46.051,20,8,20,20,0.000,-2.6427e-13,-1.2541e-13,-1.3440e-13,-7.4079e-14,2.7698e-14,4.1011e-12,23.00,23.00,71.13,-1.93e02,-1.67e02,71.13,0.00,71.13,71.13,2023/02/15 01:09:19,2023/02/15 01:48:16,78,3.92603e-08,0.000,0,63,3.81411e-08,1.36161e-09,0,60,1.20490e-02,1.53279e-07,0,60,4.2615e-03,5.9456e-08,0,60,4.9861e-05,1.1026e-09,0,60,4.7484e-06,5.0520e-10,0,60,3.8174e-08,1.0667e-09,0,60,1.1981e-02,1.3980e-07,0,63,4.2118e-03,5.0985e-08,0,63,4.9019e-05,1.0436e-09,0,63,4.6386e-06,5.6012e-10,0,63,3.6385e-08,1.0237e-09,0,63,5.6652,0.0014,0,60,11.8117,0.0030,0,60,17.1688,0.0129,0,60,23.6708,0.0605,0,60,55.4763,9.5081,0,60,2.7311,0.0014,0,60,5.8422,0.0030,0,60,-0.3551,0.0122,0,60,-0.0900,0.0603,0,60,25.1988,9.2367,0,60,
C:\Nu Stable\Results\2023\20230214 clumped Oman Thule 2 ABJ KDB,20230214 clumped Oman Thule 2 ABJ KDB,Data_19330 KDW2_130_2A_A.txt,KDW2_130_2A_A,C:\Nu Stable\Analyses\DI\CO2 20-6-20 clumped NuCarb.rdf,Clumped CO2 Iterative,2023/02/14 17:55:32,2023/02/15 03:29:22,417,8,9.1916e-08,2.204216E-10,CF,14.526,4.656e-02,0,4.5521e-02,15296, InitialisePrepSampleRun; CheckIfCFRequired; UseCF; SampleTrapped; BalanceRefToSamValue; DepletingBalance; SampleReady;,3.4721e-08,1.0610e-07,8.8213e-08,8.4301e-08,8.4220e-08,8.3890e-08,0.96,2023/02/15 03:28:36,0.39,4812,8450,4.6556e-02,46.051,20,8,20,20,0.000,-2.6442e-13,-1.2556e-13,-1.3463e-13,-7.3019e-14,3.0398e-14,4.3398e-12,35.00,34.00,71.13,-1.93e02,-1.58e02,71.13,0.00,71.13,71.13,2023/02/15 02:31:10,2023/02/15 03:10:00,77,3.80501e-08,0.000,0,63,3.56399e-08,2.21060e-09,0,60,1.20023e-02,2.55931e-07,0,60,4.2505e-03,1.2161e-07,0,60,4.9573e-05,2.7295e-09,0,60,4.7509e-06,2.3475e-09,0,60,9.4773e-08,4.8806e-09,0,60,1.1980e-02,2.2756e-07,0,63,4.2111e-03,1.0609e-07,0,63,4.9040e-05,2.9327e-09,0,63,4.6616e-06,2.0756e-09,0,63,8.7549e-08,4.0875e-09,0,63,1.8510,0.0026,0,60,9.3552,0.0067,0,60,10.8471,0.0147,0,60,19.1757,0.0856,0,60,71.1620,5.1802,0,60,-1.2435,0.0025,0,60,3.4059,0.0067,0,60,-0.2814,0.0144,0,60,0.3709,0.0902,0,60,49.6564,5.0888,0,60,
C:\Nu Stable\Results\2023\20230214 clumped Oman Thule 2 ABJ KDB,20230214 clumped Oman Thule 2 ABJ KDB,Data_19331 ETH-4.txt,ETH-4,C:\Nu Stable\Analyses\DI\CO2 20-6-20 clumped NuCarb.rdf,Clumped CO2 Iterative,2023/02/14 17:55:32,2023/02/15 04:51:20,428,9,1.4297e-07,3.34046E-10,CF,21.728,4.451e-02,1,4.2552e-02,15200, InitialisePrepSampleRun; CheckIfCFRequired; UseCF; SampleTrapped; Chop_CF_SamSub; SampleTrapped; BalanceRefToSamValue; DepletingBalance; SampleReady;,3.3999e-08,1.0626e-07,5.9195e-08,5.9651e-08,5.9600e-08,5.9486e-08,0.96,2023/02/15 04:50:34,0.19,5851,8450,4.4509e-02,46.051,20,8,20,20,0.000,-2.6150e-13,-1.2422e-13,-1.3329e-13,-7.3392e-14,2.7341e-14,4.0779e-12,23.00,23.00,71.13,-1.93e02,-1.69e02,71.13,0.00,71.13,71.13,2023/02/15 03:52:54,2023/02/15 04:32:21,79,3.72917e-08,0.000,0,63,3.61884e-08,1.27488e-09,0,60,1.18928e-02,1.51638e-07,0,60,4.1877e-03,6.1226e-08,0,60,4.8364e-05,9.3881e-10,0,60,4.5892e-06,4.2185e-10,0,60,3.9577e-08,9.5861e-10,0,60,1.1980e-02,1.4605e-07,0,63,4.2114e-03,5.6700e-08,0,63,4.9024e-05,9.0627e-10,0,63,4.6420e-06,3.8129e-10,0,63,4.0641e-08,9.0726e-10,0,63,-7.3181,0.0010,0,60,-5.6224,0.0017,0,60,-13.4534,0.0127,0,60,-11.3760,0.0567,0,60,-25.5965,6.8488,0,60,-10.4829,0.0010,0,60,-11.4792,0.0017,0,60,-0.4261,0.0127,0,60,-0.1646,0.0571,0,60,-7.0034,6.9790,0,60,
C:\Nu Stable\Results\2023\20230214 clumped Oman Thule 2 ABJ KDB,20230214 clumped Oman Thule 2 ABJ KDB,Data_19332 ETH-3.txt,ETH-3,C:\Nu Stable\Analyses\DI\CO2 20-6-20 clumped NuCarb.rdf,Clumped CO2 Iterative,2023/02/14 17:55:32,2023/02/15 06:13:22,430,10,1.3804e-07,3.210266E-10,CF,21.210,4.552e-02,1,4.4509e-02,15232, InitialisePrepSampleRun; CheckIfCFRequired; UseCF; SampleTrapped; Chop_CF_SamSub; SampleTrapped; BalanceRefToSamValue; DepletingBalance; SampleReady;,3.3356e-08,1.0592e-07,5.7100e-08,5.7566e-08,5.7515e-08,5.7409e-08,0.96,2023/02/15 06:12:36,0.19,5920,8448,4.5521e-02,46.051,20,8,20,20,0.000,-2.6157e-13,-1.2427e-13,-1.3341e-13,-7.3573e-14,2.7519e-14,4.0546e-12,23.00,23.00,71.13,-1.93e02,2.77e01,71.13,0.00,71.13,71.13,2023/02/15 05:15:15,2023/02/15 05:54:18,78,3.61169e-08,0.000,0,63,3.51250e-08,1.22128e-09,0,60,1.20334e-02,1.60937e-07,0,60,4.2605e-03,6.7653e-08,0,60,4.9806e-05,7.5175e-10,0,60,4.7548e-06,6.3232e-10,0,60,5.5408e-08,1.0304e-09,0,60,1.1980e-02,1.4730e-07,0,63,4.2115e-03,5.6976e-08,0,63,4.9032e-05,9.4542e-10,0,63,4.6463e-06,6.5130e-10,0,63,5.3567e-08,9.7391e-10,0,63,4.4206,0.0013,0,60,11.6448,0.0027,0,60,15.7860,0.0134,0,60,23.3617,0.0669,0,60,35.2372,5.6501,0,60,1.4123,0.0013,0,60,5.6788,0.0027,0,60,-0.2770,0.0129,0,60,-0.0620,0.0653,0,60,7.1907,5.4959,0,60,
C:\Nu Stable\Results\2023\20230214 clumped Oman Thule 2 ABJ KDB,20230214 clumped Oman Thule 2 ABJ KDB,Data_19333 KDW2_101_9A_A.txt,KDW2_101_9A_A,C:\Nu Stable\Analyses\DI\CO2 20-6-20 clumped NuCarb.rdf,Clumped CO2 Iterative,2023/02/14 17:55:32,2023/02/15 08:17:10,451,11,1.4364e-07,3.184832E-10,CF,21.820,4.451e-02,1,4.3519e-02,15232, InitialisePrepSampleRun; CheckIfCFRequired; UseCF; SampleTrapped; Chop_CF_SamSub; SampleTrapped; BalanceRefToSamValue; DepletingBalance; SampleReady;,4.2633e-08,1.0619e-07,5.9482e-08,5.9206e-08,5.9164e-08,5.9039e-08,0.96,2023/02/15 08:16:24,0.21,6789,8448,4.4509e-02,46.051,20,8,20,20,0.000,-2.6107e-13,-1.2394e-13,-1.3298e-13,-7.3369e-14,2.8539e-14,3.9920e-12,23.00,23.00,71.13,-1.93e02,-1.72e02,71.13,0.00,71.13,71.13,2023/02/15 07:18:37,2023/02/15 08:16:50,117,3.70303e-08,0.000,0,63,3.59842e-08,1.26215e-09,0,60,1.20300e-02,1.64151e-07,0,60,4.2563e-03,6.7058e-08,0,60,4.9725e-05,9.9398e-10,0,60,4.7339e-06,5.9229e-10,0,60,3.4887e-08,1.3767e-09,0,60,1.1981e-02,1.4954e-07,0,63,4.2115e-03,5.7376e-08,0,63,4.9020e-05,9.7698e-10,0,63,4.6360e-06,5.3870e-10,0,63,3.3614e-08,1.2670e-09,0,63,4.1250,0.0014,0,60,10.6188,0.0026,0,60,14.3802,0.0119,0,60,21.1143,0.0763,0,60,38.9863,11.6729,0,60,1.1331,0.0015,0,60,4.6584,0.0026,0,60,-0.3600,0.0126,0,60,-0.2310,0.0738,0,60,13.1750,11.3826,0,60,
C:\Nu Stable\Results\2023\20230214 clumped Oman Thule 2 ABJ KDB,20230214 clumped Oman Thule 2 ABJ KDB,Data_19334 SB1_69_A.txt,SB1_69_A,C:\Nu Stable\Analyses\DI\CO2 20-6-20 clumped NuCarb.rdf,Clumped CO2 Iterative,2023/02/14 17:55:32,2023/02/15 09:39:24,428,12,1.4622e-07,3.416344E-10,CF,22.522,4.451e-02,1,4.3519e-02,15264, InitialisePrepSampleRun; CheckIfCFRequired; UseCF; SampleTrapped; Chop_CF_SamSub; SampleTrapped; BalanceRefToSamValue; DepletingBalance; SampleReady;,4.1775e-08,1.0604e-07,6.0674e-08,6.0601e-08,6.0579e-08,6.0435e-08,0.96,2023/02/15 09:38:39,0.24,6618,8448,4.4509e-02,46.051,20,8,20,20,0.000,-2.6163e-13,-1.2412e-13,-1.3317e-13,-7.2561e-14,3.0184e-14,4.0895e-12,23.00,23.00,71.13,-1.93e02,-1.63e02,71.13,0.00,71.13,71.13,2023/02/15 08:40:24,2023/02/15 09:20:09,79,3.77900e-08,0.000,0,63,3.67142e-08,1.29698e-09,0,60,1.20756e-02,1.46923e-07,0,60,4.2978e-03,6.1570e-08,0,60,5.0420e-05,1.5761e-09,0,60,4.8466e-06,1.4032e-09,0,60,8.3304e-08,2.9701e-09,0,60,1.1981e-02,1.3336e-07,0,63,4.2116e-03,4.9719e-08,0,63,4.9041e-05,1.6501e-09,0,63,4.6554e-06,1.2989e-09,0,63,7.9351e-08,2.8113e-09,0,63,7.9121,0.0012,0,60,20.4613,0.0032,0,60,28.1259,0.0125,0,60,41.0566,0.0727,0,60,50.3439,2.9195,0,60,4.8248,0.0012,0,60,14.4450,0.0032,0,60,-0.3175,0.0119,0,60,-0.2734,0.0711,0,60,0.8945,2.7818,0,60,
C:\Nu Stable\Results\2023\20230214 clumped Oman Thule 2 ABJ KDB,20230214 clumped Oman Thule 2 ABJ KDB,Data_19335 KDW2_101_9A_A.txt,KDW2_101_9A_A,C:\Nu Stable\Analyses\DI\CO2 20-6-20 clumped NuCarb.rdf,Clumped CO2 Iterative,2023/02/14 17:55:32,2023/02/15 11:01:14,481,13,1.5828e-07,3.290658E-10,CF,24.383,4.552e-02,1,4.4509e-02,15232, InitialisePrepSampleRun; CheckIfCFRequired; UseCF; SampleTrapped; Chop_CF_SamSub; SampleTrapped; BalanceRefToSamValue; DepletingBalance; SampleReady;,4.1017e-08,1.0614e-07,6.6273e-08,6.6661e-08,6.6632e-08,6.6480e-08,0.96,2023/02/15 11:00:28,0.23,6157,8448,4.5521e-02,46.056,20,8,20,20,0.000,-2.5910e-13,-1.2303e-13,-1.3196e-13,-7.1216e-14,3.1489e-14,4.1190e-12,23.00,24.00,71.13,-1.93e02,-1.58e02,71.13,0.00,71.13,71.13,2023/02/15 10:03:08,2023/02/15 10:42:23,79,4.11242e-08,0.000,0,63,3.99820e-08,1.44465e-09,0,60,1.20307e-02,1.39234e-07,0,60,4.2564e-03,5.3153e-08,0,60,4.9743e-05,1.6891e-09,0,60,4.7531e-06,1.1374e-09,0,60,7.2406e-08,1.7658e-09,0,60,1.1981e-02,1.2702e-07,0,63,4.2116e-03,4.7869e-08,0,63,4.9038e-05,1.7787e-09,0,63,4.6541e-06,1.0653e-09,0,63,6.9909e-08,1.6093e-09,0,63,4.1210,0.0011,0,60,10.6279,0.0023,0,60,14.3768,0.0095,0,60,21.2904,0.0572,0,60,33.4555,3.4866,0,60,1.1285,0.0012,0,60,4.6675,0.0023,0,60,-0.3680,0.0088,0,60,-0.0767,0.0571,0,60,7.7687,3.4015,0,60,
C:\Nu Stable\Results\2023\20230214 clumped Oman Thule 2 ABJ KDB,20230214 clumped Oman Thule 2 ABJ KDB,Data_19336 ETH-2.txt,ETH-2,C:\Nu Stable\Analyses\DI\CO2 20-6-20 clumped NuCarb.rdf,Clumped CO2 Iterative,2023/02/14 17:55:32,2023/02/15 12:22:43,518,14,1.7730e-07,3.422855E-10,CF,27.100,4.870e-02,1,4.6556e-02,15328, InitialisePrepSampleRun; CheckIfCFRequired; UseCF; SampleTrapped; Chop_CF_SamSub; SampleTrapped; BalanceRefToSamValue; DepletingBalance; SampleReady;,4.0193e-08,1.0637e-07,7.4738e-08,7.5440e-08,7.5377e-08,7.5224e-08,0.96,2023/02/15 12:21:57,0.20,5619,8448,4.8698e-02,46.056,20,8,20,20,0.000,-2.5843e-13,-1.2267e-13,-1.3158e-13,-7.0294e-14,3.2777e-14,4.2826e-12,24.00,24.00,71.13,-1.93e02,-1.71e02,71.13,0.00,71.13,71.13,2023/02/15 11:25:13,2023/02/15 12:04:14,78,4.58351e-08,0.000,0,63,4.45903e-08,1.65778e-09,0,60,1.18958e-02,1.07350e-07,0,60,4.1888e-03,6.1251e-08,0,60,4.8359e-05,1.3191e-09,0,60,4.5821e-06,5.8383e-10,0,60,2.5734e-08,1.5895e-09,0,60,1.1982e-02,1.0469e-07,0,63,4.2116e-03,6.2952e-08,0,63,4.9012e-05,1.2790e-09,0,63,4.6334e-06,5.4507e-10,0,63,2.7276e-08,1.5096e-09,0,63,-7.1666,0.0010,0,60,-5.4046,0.0016,0,60,-13.3114,0.0113,0,60,-11.0718,0.0550,0,60,-81.5328,14.9256,0,60,-10.3293,0.0010,0,60,-11.2628,0.0016,0,60,-0.6548,0.0111,0,60,-0.2950,0.0555,0,60,-64.5623,15.2012,0,60,
C:\Nu Stable\Results\2023\20230214 clumped Oman Thule 2 ABJ KDB,20230214 clumped Oman Thule 2 ABJ KDB,Data_19337 ETH-1.txt,ETH-1,C:\Nu Stable\Analyses\DI\CO2 20-6-20 clumped NuCarb.rdf,Clumped CO2 Iterative,2023/02/14 17:55:32,2023/02/15 13:44:43,455,15,1.5328e-07,3.368686E-10,CF,23.651,4.552e-02,1,4.4509e-02,15232, InitialisePrepSampleRun; CheckIfCFRequired; UseCF; SampleTrapped; Chop_CF_SamSub; SampleTrapped; BalanceRefToSamValue; DepletingBalance; SampleReady;,3.9396e-08,1.0659e-07,6.3871e-08,6.4260e-08,6.4231e-08,6.4087e-08,0.96,2023/02/15 13:43:57,0.23,6137,8448,4.5521e-02,46.051,20,8,20,20,0.000,-2.5971e-13,-1.2284e-13,-1.3201e-13,-7.1610e-14,3.2705e-14,4.0939e-12,23.00,23.00,71.13,-1.93e02,2.77e01,71.13,0.00,71.13,71.13,2023/02/15 12:47:11,2023/02/15 13:25:42,77,3.98028e-08,0.000,0,63,3.86908e-08,1.38348e-09,0,60,1.20374e-02,1.51577e-07,0,60,4.2586e-03,5.5084e-08,0,60,4.9771e-05,1.0465e-09,0,60,4.7461e-06,3.7073e-10,0,60,6.5339e-08,1.0619e-09,0,60,1.1981e-02,1.3440e-07,0,63,4.2117e-03,4.7248e-08,0,63,4.9027e-05,1.0636e-09,0,63,4.6440e-06,3.9604e-10,0,63,6.3119e-08,1.0388e-09,0,63,4.6839,0.0015,0,60,11.1300,0.0028,0,60,15.1755,0.0116,0,60,21.9837,0.0761,0,60,33.7486,4.2814,0,60,1.7102,0.0015,0,60,5.1660,0.0028,0,60,-0.6472,0.0114,0,60,-0.3915,0.0737,0,60,6.4695,4.1669,0,60,
C:\Nu Stable\Results\2023\20230214 clumped Oman Thule 2 ABJ KDB,20230214 clumped Oman Thule 2 ABJ KDB,Data_19338 ST1_277_A.txt,ST1_277_A,C:\Nu Stable\Analyses\DI\CO2 20-6-20 clumped NuCarb.rdf,Clumped CO2 Iterative,2023/02/14 17:55:32,2023/02/15 15:47:57,423,16,1.4399e-07,3.404035E-10,CF,22.888,4.656e-02,1,4.4509e-02,15264, InitialisePrepSampleRun; CheckIfCFRequired; UseCF; SampleTrapped; Chop_CF_SamSub; SampleTrapped; BalanceRefToSamValue; DepletingBalance; SampleReady;,3.8638e-08,1.0608e-07,5.9797e-08,5.9995e-08,5.9952e-08,5.9831e-08,0.96,2023/02/15 15:47:11,0.20,6331,8448,4.6556e-02,46.051,20,8,20,20,0.000,-2.6068e-13,-1.2341e-13,-1.3272e-13,-7.3459e-14,2.7627e-14,3.9178e-12,23.00,23.00,71.13,-1.93e02,-1.72e02,71.13,0.00,71.13,71.13,2023/02/15 14:49:57,2023/02/15 15:47:37,115,3.74573e-08,0.000,0,63,3.64760e-08,1.27940e-09,0,60,1.20581e-02,1.58763e-07,0,60,4.2819e-03,6.4664e-08,0,60,5.0143e-05,6.7207e-10,0,60,4.7940e-06,3.2041e-10,0,60,4.6957e-08,4.1411e-10,0,60,1.1981e-02,1.4552e-07,0,63,4.2117e-03,5.4393e-08,0,63,4.9025e-05,6.5642e-10,0,63,4.6391e-06,2.6617e-10,0,63,4.4427e-08,3.9238e-10,0,63,6.4443,0.0012,0,60,16.6745,0.0027,0,60,22.8062,0.0122,0,60,33.3852,0.0707,0,60,57.5608,6.4368,0,60,3.3928,0.0012,0,60,10.6798,0.0026,0,60,-0.3447,0.0113,0,60,-0.2340,0.0678,0,60,16.7428,6.1890,0,60,
C:\Nu Stable\Results\2023\20230214 clumped Oman Thule 2 ABJ KDB,20230214 clumped Oman Thule 2 ABJ KDB,Data_19339 KDW2_130_2A_A.txt,KDW2_130_2A_A,C:\Nu Stable\Analyses\DI\CO2 20-6-20 clumped NuCarb.rdf,Clumped CO2 Iterative,2023/02/14 17:55:32,2023/02/15 17:10:28,481,17,1.1686e-07,2.429562E-10,CF,18.371,4.870e-02,1,4.8698e-02,15360, InitialisePrepSampleRun; CheckIfCFRequired; UseCF; SampleTrapped; Chop_CF_SamSub; SampleTrapped; BalanceRefToSamValue; DepletingBalance; SampleReady;,3.7916e-08,1.0653e-07,4.7490e-08,4.7518e-08,4.7481e-08,4.7393e-08,0.96,2023/02/15 17:09:43,0.19,7261,8448,4.8698e-02,46.051,20,8,20,20,0.000,-2.6035e-13,-1.2335e-13,-1.3251e-13,-7.3369e-14,2.7502e-14,3.9706e-12,22.00,22.00,71.13,-1.93e02,-1.61e02,71.13,0.00,71.13,71.13,2023/02/15 16:11:43,2023/02/15 16:50:57,78,3.04796e-08,0.000,0,63,2.95824e-08,9.81865e-10,0,60,1.20023e-02,1.79375e-07,0,60,4.2508e-03,8.5582e-08,0,60,4.9569e-05,6.8857e-10,0,60,4.7420e-06,1.0727e-09,0,60,7.8690e-08,2.2623e-09,0,60,1.1980e-02,1.6782e-07,0,63,4.2112e-03,7.7556e-08,0,63,4.9038e-05,6.9210e-10,0,63,4.6543e-06,8.9590e-10,0,63,7.6314e-08,2.1140e-09,0,63,1.8672,0.0011,0,60,9.3880,0.0021,0,60,10.8275,0.0112,0,60,18.8560,0.0787,0,60,31.5258,4.9031,0,60,-1.2274,0.0012,0,60,3.4385,0.0021,0,60,-0.3495,0.0116,0,60,-0.0080,0.0784,0,60,10.7304,4.8041,0,60,
C:\Nu Stable\Results\2023\20230214 clumped Oman Thule 2 ABJ KDB,20230214 clumped Oman Thule 2 ABJ KDB,Data_19340 KDW2_119_1A_A.txt,KDW2_119_1A_A,C:\Nu Stable\Analyses\DI\CO2 20-6-20 clumped NuCarb.rdf,Clumped CO2 Iterative,2023/02/14 17:55:32,2023/02/15 18:32:23,460,18,1.4139e-07,3.073591E-10,CF,21.606,4.870e-02,1,4.7615e-02,15328, InitialisePrepSampleRun; CheckIfCFRequired; UseCF; SampleTrapped; Chop_CF_SamSub; SampleTrapped; BalanceRefToSamValue; DepletingBalance; SampleReady;,3.7285e-08,1.0648e-07,5.8581e-08,5.8848e-08,5.8812e-08,5.8691e-08,0.96,2023/02/15 18:31:37,0.21,6258,8446,4.8698e-02,46.056,20,8,20,20,0.000,-2.5951e-13,-1.2285e-13,-1.3208e-13,-7.2325e-14,2.9415e-14,4.0314e-12,23.00,23.00,71.13,-1.93e02,2.72e01,71.13,0.00,71.13,71.13,2023/02/15 17:33:47,2023/02/15 18:13:28,79,3.68366e-08,0.000,0,63,3.58569e-08,1.25002e-09,0,60,1.20274e-02,1.62728e-07,0,60,4.2577e-03,6.6074e-08,0,60,4.9728e-05,1.3227e-09,0,60,4.7317e-06,9.6359e-10,0,60,3.2049e-08,1.7719e-09,0,60,1.1981e-02,1.4806e-07,0,63,4.2117e-03,5.7162e-08,0,63,4.9022e-05,1.0624e-09,0,63,4.6320e-06,8.6164e-10,0,63,3.1276e-08,1.6650e-09,0,63,3.8645,0.0012,0,60,10.9124,0.0024,0,60,14.4005,0.0119,0,60,21.5147,0.0622,0,60,23.7865,18.0516,0,60,0.8456,0.0013,0,60,4.9511,0.0024,0,60,-0.3584,0.0108,0,60,-0.4199,0.0601,0,60,-1.9420,17.5984,0,60,
C:\Nu Stable\Results\2023\20230214 clumped Oman Thule 2 ABJ KDB,20230214 clumped Oman Thule 2 ABJ KDB,Data_19341 IAEA-C2.txt,IAEA-C2,C:\Nu Stable\Analyses\DI\CO2 20-6-20 clumped NuCarb.rdf,Clumped CO2 Iterative,2023/02/16 16:41:04,2023/02/16 16:41:04,448,20,1.3594e-07,3.034408E-10,CF,21.515,5.962e-02,1,5.9621e-02,15648, InitialisePrepSampleRun; CheckIfCFRequired; UseCF; SampleTrapped; Chop_CF_SamSub; SampleTrapped; BalanceRefToSamValue; DepletingBalance; SampleReady;,4.2762e-08,1.0625e-07,5.6145e-08,5.6153e-08,5.6114e-08,5.6027e-08,0.96,2023/02/16 16:40:18,0.15,7040,8446,5.9621e-02,46.051,20,8,20,20,0.000,-2.5782e-13,-1.2220e-13,-1.3126e-13,-7.4158e-14,2.4068e-14,3.4726e-12,22.00,23.00,70.96,-1.93e02,-1.57e02,70.96,0.00,70.96,70.96,2023/02/16 15:42:53,2023/02/16 16:40:44,116,3.54534e-08,0.000,0,63,3.44557e-08,1.18573e-09,0,60,1.19213e-02,1.40606e-07,0,60,4.2287e-03,5.9084e-08,0,60,4.8938e-05,3.3114e-09,0,60,4.6574e-06,2.9558e-09,0,60,-2.2840e-09,6.3409e-09,0,60,1.1980e-02,1.3205e-07,0,63,4.2111e-03,5.3139e-08,0,63,4.8997e-05,3.0171e-09,0,63,4.6195e-06,2.7224e-09,0,63,-2.1036e-09,5.8909e-09,0,63,-4.9021,0.0012,0,60,4.1816,0.0018,0,60,-1.1900,0.0126,0,60,8.1944,0.0710,0,60,-533.6282,424.7914,0,60,-8.2518,0.0012,0,60,-1.7279,0.0018,0,60,-0.2333,0.0119,0,60,-0.1848,0.0692,0,60,-535.0203,423.5248,0,60,
C:\Nu Stable\Results\2023\20230214 clumped Oman Thule 2 ABJ KDB,20230214 clumped Oman Thule 2 ABJ KDB,Data_19342 ST1_277_A.txt,ST1_277_A,C:\Nu Stable\Analyses\DI\CO2 20-6-20 clumped NuCarb.rdf,Clumped CO2 Iterative,2023/02/16 16:41:04,2023/02/16 18:02:58,399,21,1.3392e-07,3.356496E-10,CF,20.599,5.700e-02,1,5.5732e-02,15584, InitialisePrepSampleRun; CheckIfCFRequired; UseCF; SampleTrapped; Chop_CF_SamSub; SampleTrapped; BalanceRefToSamValue; DepletingBalance; SampleReady;,4.2133e-08,1.0645e-07,5.5144e-08,5.5181e-08,5.5150e-08,5.5014e-08,0.96,2023/02/16 18:02:13,0.25,7052,8446,5.6999e-02,46.051,20,8,20,20,0.000,-2.6292e-13,-1.2446e-13,-1.3386e-13,-7.5309e-14,2.4694e-14,3.8186e-12,22.00,23.00,70.96,-1.93e02,-1.67e02,70.96,0.00,70.96,70.96,2023/02/16 17:04:27,2023/02/16 17:44:04,79,3.48655e-08,0.000,0,63,3.38188e-08,1.14551e-09,0,60,1.20576e-02,4.58684e-07,0,60,4.2810e-03,4.7818e-07,0,60,5.0126e-05,1.5090e-08,0,60,4.7646e-06,3.5882e-09,0,60,-1.8021e-08,6.8959e-09,0,60,1.1981e-02,1.4815e-07,0,63,4.2118e-03,5.9501e-08,0,63,4.9002e-05,3.3838e-09,0,63,4.6112e-06,3.1013e-09,0,63,-1.7341e-08,6.4580e-09,0,63,6.3750,0.0374,0,60,16.4407,0.1126,0,60,22.9370,0.2920,0,60,33.2426,0.2070,0,60,303.5337,130.9090,0,60,3.3271,0.0359,0,60,10.4472,0.1120,0,60,0.0841,0.4360,0,60,0.0927,0.4192,0,60,253.8101,125.8818,0,60,
C:\Nu Stable\Results\2023\20230214 clumped Oman Thule 2 ABJ KDB,20230214 clumped Oman Thule 2 ABJ KDB,Data_19343 SB1_69_A.txt,SB1_69_A,C:\Nu Stable\Analyses\DI\CO2 20-6-20 clumped NuCarb.rdf,Clumped CO2 Iterative,2023/02/16 16:41:04,2023/02/16 19:24:44,430,22,1.5153e-07,3.52395E-10,CF,23.407,5.830e-02,1,5.6999e-02,15584, InitialisePrepSampleRun; CheckIfCFRequired; UseCF; SampleTrapped; Chop_CF_SamSub; SampleTrapped; BalanceRefToSamValue; DepletingBalance; SampleReady;,4.1347e-08,1.0666e-07,6.3087e-08,6.3279e-08,6.3246e-08,6.3103e-08,0.96,2023/02/16 19:23:58,0.23,6379,8446,5.8296e-02,46.051,20,8,20,20,0.000,-2.6826e-13,-1.2699e-13,-1.3623e-13,-7.6713e-14,2.3890e-14,3.9241e-12,23.00,23.00,70.96,-1.93e02,-1.66e02,70.96,0.00,70.96,70.96,2023/02/16 18:26:36,2023/02/16 19:05:51,79,3.92566e-08,0.000,0,63,3.81613e-08,1.36030e-09,0,60,1.20776e-02,1.47123e-07,0,60,4.2983e-03,6.0767e-08,0,60,5.0390e-05,2.1476e-09,0,60,4.8157e-06,1.7453e-09,0,60,1.2548e-08,3.8780e-09,0,60,1.1982e-02,1.3397e-07,0,63,4.2122e-03,4.9122e-08,0,63,4.9010e-05,1.8307e-09,0,63,4.6256e-06,1.5950e-09,0,63,1.0966e-08,3.6059e-09,0,63,7.9625,0.0011,0,60,20.4395,0.0034,0,60,28.1673,0.0121,0,60,41.0946,0.0606,0,60,103.3122,50.7919,0,60,4.8792,0.0011,0,60,14.4232,0.0034,0,60,-0.3077,0.0107,0,60,-0.1942,0.0584,0,60,51.3581,48.4015,0,60,
C:\Nu Stable\Results\2023\20230214 clumped Oman Thule 2 ABJ KDB,20230214 clumped Oman Thule 2 ABJ KDB,Data_19344 KDW_51_0_A.txt,KDW_51_0_A,C:\Nu Stable\Analyses\DI\CO2 20-6-20 clumped NuCarb.rdf,Clumped CO2 Iterative,2023/02/16 16:41:04,2023/02/16 20:46:46,432,23,1.4734e-07,3.410548E-10,CF,22.797,5.700e-02,1,5.5732e-02,15552, InitialisePrepSampleRun; CheckIfCFRequired; UseCF; SampleTrapped; Chop_CF_SamSub; SampleTrapped; BalanceRefToSamValue; DepletingBalance; SampleReady;,4.0502e-08,1.0651e-07,6.1229e-08,6.1368e-08,6.1333e-08,6.1186e-08,0.96,2023/02/16 20:46:01,0.24,6429,8446,5.6999e-02,46.051,20,8,20,20,0.000,-2.7095e-13,-1.2814e-13,-1.3781e-13,-7.7929e-14,2.2566e-14,3.9795e-12,23.00,23.00,70.96,-1.93e02,-1.62e02,70.96,0.00,70.96,70.96,2023/02/16 19:48:33,2023/02/16 20:27:43,78,3.82086e-08,0.000,0,63,3.71435e-08,1.31403e-09,0,60,1.20503e-02,1.60321e-07,0,60,4.2622e-03,6.2925e-08,0,60,4.9876e-05,8.9901e-10,0,60,4.7484e-06,3.2338e-10,0,60,4.1623e-08,5.6878e-10,0,60,1.1982e-02,1.4576e-07,0,63,4.2123e-03,5.4131e-08,0,63,4.9034e-05,8.2775e-10,0,63,4.6386e-06,2.8749e-10,0,63,4.0761e-08,5.1720e-10,0,63,5.6640,0.0013,0,60,11.8316,0.0023,0,60,17.1592,0.0127,0,60,23.6722,0.0622,0,60,21.5971,6.0900,0,60,2.7291,0.0013,0,60,5.8620,0.0023,0,60,-0.3825,0.0119,0,60,-0.1279,0.0617,0,60,-7.7465,5.9141,0,60,
C:\Nu Stable\Results\2023\20230214 clumped Oman Thule 2 ABJ KDB,20230214 clumped Oman Thule 2 ABJ KDB,Data_19345 ETH-4.txt,ETH-4,C:\Nu Stable\Analyses\DI\CO2 20-6-20 clumped NuCarb.rdf,Clumped CO2 Iterative,2023/02/16 16:41:04,2023/02/16 22:09:09,421,24,1.3830e-07,3.285068E-10,CF,21.454,5.573e-02,1,5.5732e-02,15584, InitialisePrepSampleRun; CheckIfCFRequired; UseCF; SampleTrapped; Chop_CF_SamSub; SampleTrapped; BalanceRefToSamValue; DepletingBalance; SampleReady;,3.9742e-08,1.0647e-07,5.7156e-08,5.7022e-08,5.6996e-08,5.6852e-08,0.96,2023/02/16 22:08:24,0.25,6657,8444,5.5732e-02,46.051,20,8,20,20,0.000,-2.7098e-13,-1.2815e-13,-1.3780e-13,-7.8297e-14,2.2781e-14,3.9357e-12,23.00,23.00,70.96,-1.93e02,-1.66e02,70.96,0.00,70.96,70.96,2023/02/16 21:10:17,2023/02/16 21:49:46,79,3.58063e-08,0.000,0,63,3.48011e-08,1.20838e-09,0,60,1.18945e-02,1.63637e-07,0,60,4.1885e-03,6.6152e-08,0,60,4.8382e-05,8.0006e-10,0,60,4.5943e-06,5.7335e-10,0,60,6.3652e-08,1.5494e-09,0,60,1.1982e-02,1.6013e-07,0,63,4.2122e-03,6.2862e-08,0,63,4.9043e-05,9.0512e-10,0,63,4.6465e-06,5.3089e-10,0,63,6.4094e-08,1.4543e-09,0,63,-7.3247,0.0010,0,60,-5.6247,0.0014,0,60,-13.4941,0.0119,0,60,-11.2425,0.0732,0,60,-8.3074,5.2281,0,60,-10.4899,0.0011,0,60,-11.4815,0.0014,0,60,-0.4581,0.0119,0,60,-0.0249,0.0745,0,60,10.6278,5.3287,0,60,
C:\Nu Stable\Results\2023\20230214 clumped Oman Thule 2 ABJ KDB,20230214 clumped Oman Thule 2 ABJ KDB,Data_19346 ETH-2.txt,ETH-2,C:\Nu Stable\Analyses\DI\CO2 20-6-20 clumped NuCarb.rdf,Clumped CO2 Iterative,2023/02/16 16:41:04,2023/02/16 23:30:25,501,25,1.6992e-07,3.391588E-10,CF,26.367,5.700e-02,1,5.5732e-02,15552, InitialisePrepSampleRun; CheckIfCFRequired; UseCF; SampleTrapped; Chop_CF_SamSub; SampleTrapped; BalanceRefToSamValue; DepletingBalance; SampleReady;,3.9072e-08,1.0603e-07,7.1640e-08,7.2314e-08,7.2265e-08,7.2099e-08,0.96,2023/02/16 23:29:39,0.23,5659,8448,5.6999e-02,46.051,20,8,20,20,0.000,-2.6959e-13,-1.2770e-13,-1.3727e-13,-7.6590e-14,2.5141e-14,4.1029e-12,24.00,24.00,70.96,-1.93e02,-1.69e02,70.96,0.00,70.96,70.96,2023/02/16 22:32:21,2023/02/16 23:12:09,80,4.41301e-08,0.000,0,63,4.30085e-08,1.57891e-09,0,60,1.18970e-02,1.17368e-07,0,60,4.1895e-03,4.8995e-08,0,60,4.8386e-05,1.8335e-09,0,60,4.5954e-06,6.2651e-10,0,60,5.5579e-08,1.0788e-09,0,60,1.1983e-02,1.1221e-07,0,63,4.2122e-03,5.0464e-08,0,63,4.9039e-05,1.8970e-09,0,63,4.6456e-06,5.9787e-10,0,63,5.6458e-08,1.0371e-09,0,63,-7.1623,0.0009,0,60,-5.4066,0.0016,0,60,-13.3262,0.0099,0,60,-10.7957,0.0529,0,60,-16.1935,3.7556,0,60,-10.3247,0.0009,0,60,-11.2647,0.0016,0,60,-0.6723,0.0097,0,60,-0.0120,0.0534,0,60,1.9841,3.8255,0,60,
C:\Nu Stable\Results\2023\20230214 clumped Oman Thule 2 ABJ KDB,20230214 clumped Oman Thule 2 ABJ KDB,Data_19347 KDW2_119_1A_A.txt,KDW2_119_1A_A,C:\Nu Stable\Analyses\DI\CO2 20-6-20 clumped NuCarb.rdf,Clumped CO2 Iterative,2023/02/16 16:41:04,2023/02/17 00:53:10,435,26,1.2660e-07,2.910358E-10,CF,19.501,5.830e-02,1,5.4493e-02,15584, InitialisePrepSampleRun; CheckIfCFRequired; UseCF; SampleTrapped; Chop_CF_SamSub; SampleTrapped; BalanceRefToSamValue; DepletingBalance; SampleReady;,3.8203e-08,1.0658e-07,5.1707e-08,5.1237e-08,5.1197e-08,5.1087e-08,0.96,2023/02/17 00:52:25,0.21,6951,8448,5.8296e-02,46.051,20,8,20,20,0.000,-2.6878e-13,-1.2725e-13,-1.3677e-13,-7.7403e-14,2.3460e-14,3.9840e-12,22.00,22.00,70.96,-1.93e02,-1.62e02,70.96,0.00,70.96,70.96,2023/02/16 23:54:43,2023/02/17 00:33:24,77,3.25665e-08,0.000,0,63,3.16345e-08,1.07012e-09,0,60,1.20276e-02,1.85278e-07,0,60,4.2580e-03,8.4687e-08,0,60,4.9743e-05,9.6618e-10,0,60,4.7437e-06,3.2013e-10,0,60,5.2092e-08,6.8285e-10,0,60,1.1982e-02,1.7205e-07,0,63,4.2121e-03,7.4340e-08,0,63,4.9038e-05,8.6689e-10,0,63,4.6423e-06,3.1468e-10,0,63,5.0132e-08,6.6099e-10,0,63,3.8262,0.0013,0,60,10.8987,0.0027,0,60,14.3627,0.0125,0,60,21.8376,0.0732,0,60,39.9287,5.8836,0,60,0.8054,0.0014,0,60,4.9377,0.0027,0,60,-0.3431,0.0120,0,60,-0.0769,0.0717,0,60,13.8629,5.7366,0,60,
C:\Nu Stable\Results\2023\20230214 clumped Oman Thule 2 ABJ KDB,20230214 clumped Oman Thule 2 ABJ KDB,Data_19348 KDW2_101_9A_A.txt,KDW2_101_9A_A,C:\Nu Stable\Analyses\DI\CO2 20-6-20 clumped NuCarb.rdf,Clumped CO2 Iterative,2023/02/16 16:41:04,2023/02/17 02:15:08,429,27,2.6409e-08,6.15584E-11,CF,2.258,5.700e-02,0,5.5732e-02,15584, InitialisePrepSampleRun; CheckIfCFRequired; UseCF; SampleTrapped; BalanceRefToSamValue; SampleReady; (BeamTooBig_RunningMisBalanced) ;,3.7586e-08,1.0601e-07,2.5357e-08,7.2314e-08,7.2265e-08,7.2099e-08,0.96,2023/02/17 02:14:11,-32.78,8397,8448,5.6999e-02,46.051,20,8,20,20,0.000,-2.6860e-13,-1.2714e-13,-1.3658e-13,-7.8705e-14,2.1815e-14,3.7059e-12,29.00,30.00,70.62,-1.93e02,-1.64e02,70.62,0.21,70.46,70.96,2023/02/17 01:15:52,2023/02/17 01:56:08,82,1.98493e-08,0.000,0,63,1.30908e-08,6.11327e-10,0,60,1.20270e-02,2.54943e-07,0,60,4.2551e-03,1.3943e-07,0,60,4.9740e-05,1.4974e-09,0,60,4.7535e-06,9.2450e-10,0,60,8.9457e-08,3.0094e-09,0,60,1.1978e-02,2.5893e-07,0,63,4.2104e-03,1.3317e-07,0,63,4.9030e-05,1.3598e-09,0,63,4.6492e-06,5.2952e-10,0,63,7.2814e-08,1.8932e-09,0,63,4.0724,0.0020,0,60,10.6268,0.0032,0,60,14.4847,0.0225,0,60,22.4141,0.1797,0,60,215.0403,13.4526,0,60,1.0767,0.0021,0,60,4.6665,0.0031,0,60,-0.2108,0.0221,0,60,1.0256,0.1760,0,60,184.9019,13.1167,0,60,
C:\Nu Stable\Results\2023\20230214 clumped Oman Thule 2 ABJ KDB,20230214 clumped Oman Thule 2 ABJ KDB,Data_19349 IAEA-C2.txt,IAEA-C2,C:\Nu Stable\Analyses\DI\CO2 20-6-20 clumped NuCarb.rdf,Clumped CO2 Iterative,2023/02/16 16:41:04,2023/02/17 03:36:32,513,28,1.7016e-07,3.316899E-10,CF,26.489,5.700e-02,1,5.2096e-02,15552, InitialisePrepSampleRun; CheckIfCFRequired; UseCF; SampleTrapped; Chop_CF_SamSub; SampleTrapped; BalanceRefToSamValue; DepletingBalance; SampleReady;,3.7159e-08,1.0664e-07,7.1620e-08,7.2310e-08,7.2274e-08,7.2100e-08,0.96,2023/02/17 03:35:47,0.24,5475,8448,5.6999e-02,46.049,20,8,20,20,0.000,-2.6849e-13,-1.2710e-13,-1.3650e-13,-7.6810e-14,2.4211e-14,3.9527e-12,24.00,24.00,70.46,-1.93e02,-1.64e02,70.46,0.00,70.46,70.46,2023/02/17 02:38:54,2023/02/17 03:18:07,78,4.41385e-08,0.000,0,63,4.29577e-08,1.58084e-09,0,60,1.19242e-02,1.12817e-07,0,60,4.2302e-03,5.2381e-08,0,60,4.8966e-05,1.1883e-09,0,60,4.6749e-06,5.3417e-10,0,60,3.7880e-08,1.0228e-09,0,60,1.1982e-02,1.0677e-07,0,63,4.2122e-03,5.2691e-08,0,63,4.9021e-05,1.2205e-09,0,63,4.6359e-06,4.5465e-10,0,63,3.7643e-08,9.8314e-10,0,63,-4.8662,0.0010,0,60,4.2742,0.0022,0,60,-1.1171,0.0116,0,60,8.4033,0.0555,0,60,6.8800,8.1528,0,60,-8.2168,0.0010,0,60,-1.6358,0.0022,0,60,-0.2882,0.0103,0,60,-0.1620,0.0543,0,60,3.6598,8.1272,0,60,
C:\Nu Stable\Results\2023\20230214 clumped Oman Thule 2 ABJ KDB,20230214 clumped Oman Thule 2 ABJ KDB,Data_19350 ETH-4.txt,ETH-4,C:\Nu Stable\Analyses\DI\CO2 20-6-20 clumped NuCarb.rdf,Clumped CO2 Iterative,2023/02/16 16:41:04,2023/02/17 04:58:09,498,29,1.7205e-07,3.454863E-10,CF,26.672,5.700e-02,1,5.4493e-02,15584, InitialisePrepSampleRun; CheckIfCFRequired; UseCF; SampleTrapped; Chop_CF_SamSub; SampleTrapped; BalanceRefToSamValue; DepletingBalance; SampleReady;,3.6342e-08,1.0636e-07,7.2243e-08,7.2860e-08,7.2808e-08,7.2649e-08,0.96,2023/02/17 04:57:23,0.22,5375,8447,5.6999e-02,46.049,20,8,20,20,0.000,-2.6915e-13,-1.2739e-13,-1.3693e-13,-7.6118e-14,2.5713e-14,4.0984e-12,24.00,24.00,70.46,-1.93e02,-1.58e02,70.46,0.00,70.46,70.46,2023/02/17 04:00:41,2023/02/17 04:39:32,78,4.44206e-08,0.000,0,63,4.31828e-08,1.59395e-09,0,60,1.18949e-02,1.22522e-07,0,60,4.1886e-03,5.2904e-08,0,60,4.8372e-05,1.5738e-09,0,60,4.5896e-06,3.2902e-10,0,60,5.0375e-08,4.6467e-10,0,60,1.1983e-02,1.1442e-07,0,63,4.2122e-03,5.2575e-08,0,63,4.9031e-05,1.6828e-09,0,63,4.6431e-06,3.8099e-10,0,63,5.0818e-08,4.2800e-10,0,63,-7.3255,0.0013,0,60,-5.6023,0.0018,0,60,-13.4370,0.0121,0,60,-11.5127,0.0541,0,60,-5.9446,4.1051,0,60,-10.4915,0.0013,0,60,-11.4592,0.0018,0,60,-0.4217,0.0119,0,60,-0.3434,0.0546,0,60,12.9914,4.1838,0,60,
C:\Nu Stable\Results\2023\20230214 clumped Oman Thule 2 ABJ KDB,20230214 clumped Oman Thule 2 ABJ KDB,Data_19351 ETH-3.txt,ETH-3,C:\Nu Stable\Analyses\DI\CO2 20-6-20 clumped NuCarb.rdf,Clumped CO2 Iterative,2023/02/16 16:41:04,2023/02/17 06:20:29,435,30,1.3559e-07,3.117125E-10,CF,21.301,5.830e-02,1,5.5732e-02,15584, InitialisePrepSampleRun; CheckIfCFRequired; UseCF; SampleTrapped; Chop_CF_SamSub; SampleTrapped; BalanceRefToSamValue; DepletingBalance; SampleReady;,3.5497e-08,1.0596e-07,5.6142e-08,5.6421e-08,5.6391e-08,5.6258e-08,0.96,2023/02/17 06:19:44,0.24,6239,8448,5.8296e-02,46.049,20,8,20,20,0.000,-2.6898e-13,-1.2735e-13,-1.3690e-13,-7.7194e-14,2.3764e-14,4.0251e-12,23.00,23.00,70.46,-1.93e02,-1.61e02,70.46,0.00,70.46,70.46,2023/02/17 05:22:04,2023/02/17 06:01:08,78,3.54607e-08,0.000,0,63,3.45564e-08,1.19348e-09,0,60,1.20349e-02,1.66811e-07,0,60,4.2614e-03,6.9779e-08,0,60,4.9806e-05,1.1100e-09,0,60,4.7458e-06,6.8537e-10,0,60,3.5274e-08,1.5652e-09,0,60,1.1982e-02,1.5193e-07,0,63,4.2121e-03,5.9705e-08,0,63,4.9031e-05,8.2106e-10,0,63,4.6380e-06,6.0293e-10,0,63,3.4189e-08,1.4940e-09,0,63,4.4249,0.0013,0,60,11.6923,0.0024,0,60,15.8082,0.0132,0,60,23.2788,0.0756,0,60,30.4093,14.0397,0,60,1.4152,0.0013,0,60,5.7261,0.0024,0,60,-0.3058,0.0118,0,60,-0.2370,0.0740,0,60,2.3969,13.6587,0,60,
C:\Nu Stable\Results\2023\20230214 clumped Oman Thule 2 ABJ KDB,20230214 clumped Oman Thule 2 ABJ KDB,Data_19352 KDW2_119_1A_A.txt,KDW2_119_1A_A,C:\Nu Stable\Analyses\DI\CO2 20-6-20 clumped NuCarb.rdf,Clumped CO2 Iterative,2023/02/17 14:38:54,2023/02/17 14:38:54,511,32,1.5727e-07,3.077762E-10,CF,24.383,5.700e-02,1,5.5732e-02,15616, InitialisePrepSampleRun; CheckIfCFRequired; UseCF; SampleTrapped; Chop_CF_SamSub; SampleTrapped; BalanceRefToSamValue; DepletingBalance; SampleReady;,4.0008e-08,1.0601e-07,6.5761e-08,6.6293e-08,6.6263e-08,6.6134e-08,0.96,2023/02/17 14:38:08,0.19,6056,8448,5.6999e-02,46.054,20,8,20,20,0.000,-2.7115e-13,-1.2815e-13,-1.3780e-13,-8.0073e-14,1.7917e-14,3.5656e-12,23.00,23.00,70.45,-1.93e02,2.64e01,70.45,0.00,70.45,70.45,2023/02/17 13:41:07,2023/02/17 14:38:34,115,4.09892e-08,0.000,0,63,3.99378e-08,1.42510e-09,0,60,1.20286e-02,1.84557e-07,0,60,4.2581e-03,1.3994e-07,0,60,4.9736e-05,1.4922e-09,0,60,4.7384e-06,4.4858e-10,0,60,4.8694e-08,4.1610e-10,0,60,1.1983e-02,1.0568e-07,0,63,4.2124e-03,4.8579e-08,0,63,4.9034e-05,1.2761e-09,0,63,4.6385e-06,3.0523e-10,0,63,4.6593e-08,4.5490e-10,0,63,3.8275,0.0101,0,60,10.8326,0.0289,0,60,14.3040,0.0231,0,60,21.5519,0.0774,0,60,47.2870,5.8090,0,60,0.8091,0.0098,0,60,4.8719,0.0287,0,60,-0.3380,0.0225,0,60,-0.2258,0.0578,0,60,21.1623,5.6515,0,60,
C:\Nu Stable\Results\2023\20230214 clumped Oman Thule 2 ABJ KDB,20230214 clumped Oman Thule 2 ABJ KDB,Data_19353 KDW2_101_9A_A.txt,KDW2_101_9A_A,C:\Nu Stable\Analyses\DI\CO2 20-6-20 clumped NuCarb.rdf,Clumped CO2 Iterative,2023/02/17 14:38:54,2023/02/17 16:41:29,480,33,1.6123e-07,3.358975E-10,CF,24.597,5.830e-02,1,5.5732e-02,15584, InitialisePrepSampleRun; CheckIfCFRequired; UseCF; SampleTrapped; Chop_CF_SamSub; SampleTrapped; BalanceRefToSamValue; DepletingBalance; SampleReady;,3.9158e-08,1.0640e-07,6.7546e-08,6.8173e-08,6.8120e-08,6.7970e-08,0.96,2023/02/17 16:40:43,0.22,5876,8446,5.8296e-02,46.049,20,8,20,20,0.000,-2.7128e-13,-1.2844e-13,-1.3812e-13,-7.8755e-14,2.0456e-14,3.7837e-12,23.00,24.00,70.45,-1.93e02,-1.66e02,70.45,0.00,70.45,70.45,2023/02/17 15:44:04,2023/02/17 16:41:09,114,4.19106e-08,0.000,0,63,4.08009e-08,1.47744e-09,0,60,1.20325e-02,1.22394e-07,0,60,4.2575e-03,5.0793e-08,0,60,4.9740e-05,1.0038e-09,0,60,4.7355e-06,4.6199e-10,0,60,3.6869e-08,1.0363e-09,0,60,1.1983e-02,1.1289e-07,0,63,4.2125e-03,4.6687e-08,0,63,4.9033e-05,1.1354e-09,0,63,4.6367e-06,4.1543e-10,0,63,3.6320e-08,9.1277e-10,0,63,4.1423,0.0011,0,60,10.6947,0.0024,0,60,14.4140,0.0120,0,60,21.2947,0.0649,0,60,13.1786,8.7814,0,60,1.1488,0.0011,0,60,4.7339,0.0024,0,60,-0.4183,0.0114,0,60,-0.2046,0.0641,0,60,-12.1560,8.5606,0,60,
C:\Nu Stable\Results\2023\20230214 clumped Oman Thule 2 ABJ KDB,20230214 clumped Oman Thule 2 ABJ KDB,Data_19354 ETH-4.txt,ETH-4,C:\Nu Stable\Analyses\DI\CO2 20-6-20 clumped NuCarb.rdf,Clumped CO2 Iterative,2023/02/17 14:38:54,2023/02/17 18:03:35,415,34,1.3633e-07,3.285031E-10,CF,20.782,5.830e-02,1,5.5732e-02,15616, InitialisePrepSampleRun; CheckIfCFRequired; UseCF; SampleTrapped; Chop_CF_SamSub; SampleTrapped; BalanceRefToSamValue; DepletingBalance; SampleReady;,3.8274e-08,1.0617e-07,5.6289e-08,5.6304e-08,5.6272e-08,5.6130e-08,0.96,2023/02/17 18:02:49,0.25,6551,8444,5.8296e-02,46.044,20,8,20,20,0.000,-2.7120e-13,-1.2855e-13,-1.3813e-13,-7.8902e-14,2.1583e-14,3.8508e-12,22.00,23.00,70.45,-1.93e02,-1.69e02,70.45,0.00,70.45,70.45,2023/02/17 17:05:37,2023/02/17 17:44:28,78,3.53943e-08,0.000,0,63,3.44055e-08,1.18967e-09,0,60,1.18942e-02,1.57043e-07,0,60,4.1886e-03,6.3862e-08,0,60,4.8383e-05,8.8351e-10,0,60,4.5976e-06,6.4345e-10,0,60,5.4110e-08,7.8673e-10,0,60,1.1982e-02,1.5306e-07,0,63,4.2122e-03,6.1348e-08,0,63,4.9045e-05,9.4000e-10,0,63,4.6492e-06,6.0552e-10,0,63,5.4137e-08,7.2588e-10,0,63,-7.3269,0.0009,0,60,-5.6017,0.0014,0,60,-13.5054,0.0139,0,60,-11.0919,0.0708,0,60,0.1814,4.8733,0,60,-10.4931,0.0010,0,60,-11.4586,0.0014,0,60,-0.4901,0.0141,0,60,0.0809,0.0713,0,60,19.2345,4.9664,0,60,
C:\Nu Stable\Results\2023\20230214 clumped Oman Thule 2 ABJ KDB,20230214 clumped Oman Thule 2 ABJ KDB,Data_19355 IAEA-C2.txt,IAEA-C2,C:\Nu Stable\Analyses\DI\CO2 20-6-20 clumped NuCarb.rdf,Clumped CO2 Iterative,2023/02/17 14:38:54,2023/02/17 19:25:12,451,35,1.4765e-07,3.273801E-10,CF,22.644,5.962e-02,1,5.8296e-02,15616, InitialisePrepSampleRun; CheckIfCFRequired; UseCF; SampleTrapped; Chop_CF_SamSub; SampleTrapped; BalanceRefToSamValue; DepletingBalance; SampleReady;,3.7577e-08,1.0662e-07,6.1273e-08,6.1697e-08,6.1665e-08,6.1527e-08,0.96,2023/02/17 19:24:26,0.22,6109,8447,5.9621e-02,46.044,20,8,20,20,0.000,-2.7082e-13,-1.2813e-13,-1.3773e-13,-7.7891e-14,2.3639e-14,3.9035e-12,23.00,23.00,70.45,-1.93e02,-1.61e02,70.45,0.00,70.45,70.45,2023/02/17 18:27:03,2023/02/17 19:06:35,79,3.83648e-08,0.000,0,63,3.73139e-08,1.32208e-09,0,60,1.19236e-02,1.54590e-07,0,60,4.2300e-03,5.9277e-08,0,60,4.8973e-05,6.7996e-10,0,60,4.6750e-06,4.8925e-10,0,60,3.8577e-08,1.0173e-09,0,60,1.1982e-02,1.4401e-07,0,63,4.2123e-03,5.2458e-08,0,63,4.9034e-05,7.3935e-10,0,63,4.6368e-06,4.4492e-10,0,63,3.8655e-08,9.1852e-10,0,63,-4.9006,0.0010,0,60,4.1830,0.0020,0,60,-1.2437,0.0110,0,60,8.2321,0.0686,0,60,-6.9868,9.3680,0,60,-8.2502,0.0011,0,60,-1.7264,0.0020,0,60,-0.2901,0.0111,0,60,-0.1503,0.0679,0,60,-9.9506,9.3389,0,60,
C:\Nu Stable\Results\2023\20230214 clumped Oman Thule 2 ABJ KDB,20230214 clumped Oman Thule 2 ABJ KDB,Data_19356 ST1_277_A.txt,ST1_277_A,C:\Nu Stable\Analyses\DI\CO2 20-6-20 clumped NuCarb.rdf,Clumped CO2 Iterative,2023/02/17 14:38:54,2023/02/17 20:45:39,341,36,9.6187e-08,2.820746E-10,CF,15.015,5.962e-02,0,5.3281e-02,15616, InitialisePrepSampleRun; CheckIfCFRequired; UseCF; SampleTrapped; BalanceRefToSamValue; DepletingBalance; SampleReady;,3.6851e-08,1.0599e-07,9.2322e-08,9.3530e-08,9.3451e-08,9.2685e-08,0.96,2023/02/17 20:44:54,0.83,4700,8447,5.9621e-02,46.044,20,8,20,20,0.000,-2.7109e-13,-1.2824e-13,-1.3784e-13,-7.6736e-14,2.5624e-14,4.0895e-12,35.00,35.00,70.45,-1.93e02,-1.72e02,70.45,0.00,70.45,70.45,2023/02/17 19:49:12,2023/02/17 20:28:11,78,4.12596e-08,0.000,0,63,3.90699e-08,2.48577e-09,0,60,1.20584e-02,2.44056e-07,0,60,4.2816e-03,1.3524e-07,0,60,5.0147e-05,2.9194e-09,0,60,4.8000e-06,6.6922e-10,0,60,5.8051e-08,6.9621e-10,0,60,1.1982e-02,2.1775e-07,0,63,4.2118e-03,1.2985e-07,0,63,4.9036e-05,3.1187e-09,0,63,4.6456e-06,6.5920e-10,0,63,5.5601e-08,6.7617e-10,0,63,6.4017,0.0029,0,60,16.5525,0.0075,0,60,22.6360,0.0158,0,60,33.2306,0.0771,0,60,45.1969,5.5656,0,60,3.3517,0.0029,0,60,10.5584,0.0074,0,60,-0.3493,0.0117,0,60,-0.1435,0.0736,0,60,5.1382,5.3518,0,60,
C:\Nu Stable\Results\2023\20230214 clumped Oman Thule 2 ABJ KDB,20230214 clumped Oman Thule 2 ABJ KDB,Data_19357 KDW2_101_9A_A.txt,KDW2_101_9A_A,C:\Nu Stable\Analyses\DI\CO2 20-6-20 clumped NuCarb.rdf,Clumped CO2 Iterative,2023/02/17 14:38:54,2023/02/17 22:07:24,480,37,4.0048e-08,8.343377E-11,CF,5.310,5.962e-02,0,5.6999e-02,15584, InitialisePrepSampleRun; CheckIfCFRequired; UseCF; SampleTrapped; BalanceRefToSamValue; DepletingBalance; SampleReady;,3.6150e-08,1.0660e-07,3.8451e-08,3.9259e-08,3.9228e-08,3.8968e-08,0.96,2023/02/17 22:06:38,0.67,8047,8444,5.9621e-02,46.044,20,8,20,20,0.000,-2.7093e-13,-1.2829e-13,-1.3786e-13,-7.8977e-14,2.0796e-14,3.7935e-12,31.00,30.00,70.45,-1.93e02,-1.64e02,70.45,0.00,70.45,70.45,2023/02/17 21:10:48,2023/02/17 21:48:38,76,2.01614e-08,0.000,0,63,1.90705e-08,9.91078e-10,0,60,1.20289e-02,2.80875e-07,0,60,4.2564e-03,1.5525e-07,0,60,4.9747e-05,2.5025e-09,0,60,4.7391e-06,8.7848e-10,0,60,4.4305e-08,1.0699e-09,0,60,1.1979e-02,2.5960e-07,0,63,4.2108e-03,1.3625e-07,0,63,4.9029e-05,2.1903e-09,0,63,4.6389e-06,7.7517e-10,0,63,4.2193e-08,9.7889e-10,0,63,4.1714,0.0016,0,60,10.8303,0.0040,0,60,14.6408,0.0217,0,60,21.6113,0.1103,0,60,55.5759,16.5571,0,60,1.1751,0.0016,0,60,4.8688,0.0039,0,60,-0.3567,0.0213,0,60,-0.1631,0.1072,0,60,28.8775,16.1375,0,60,
C:\Nu Stable\Results\2023\20230214 clumped Oman Thule 2 ABJ KDB,20230214 clumped Oman Thule 2 ABJ KDB,Data_19358 SB1_69_A.txt,SB1_69_A,C:\Nu Stable\Analyses\DI\CO2 20-6-20 clumped NuCarb.rdf,Clumped CO2 Iterative,2023/02/17 14:38:54,2023/02/17 23:29:16,437,38,1.4866e-07,3.401748E-10,CF,22.919,5.962e-02,1,5.6999e-02,15616, InitialisePrepSampleRun; CheckIfCFRequired; UseCF; SampleTrapped; Chop_CF_SamSub; SampleTrapped; BalanceRefToSamValue; DepletingBalance; SampleReady;,3.5746e-08,1.0646e-07,6.1811e-08,6.2347e-08,6.2308e-08,6.2157e-08,0.96,2023/02/17 23:28:31,0.24,5871,8448,5.9621e-02,46.044,20,8,20,20,0.000,-2.7105e-13,-1.2837e-13,-1.3784e-13,-7.7761e-14,2.3121e-14,3.9142e-12,23.00,23.00,70.45,-1.93e02,-1.58e02,70.45,0.00,70.45,70.45,2023/02/17 22:32:11,2023/02/17 23:10:23,76,3.87471e-08,0.000,0,63,3.76482e-08,1.33957e-09,0,60,1.20774e-02,1.51842e-07,0,60,4.2984e-03,6.2942e-08,0,60,5.0415e-05,9.2538e-10,0,60,4.8349e-06,3.0835e-10,0,60,4.9728e-08,8.0688e-10,0,60,1.1982e-02,1.3677e-07,0,63,4.2124e-03,4.9223e-08,0,63,4.9039e-05,1.0270e-09,0,63,4.6450e-06,3.4619e-10,0,63,4.7400e-08,7.7857e-10,0,63,7.9356,0.0013,0,60,20.4126,0.0036,0,60,28.0575,0.0129,0,60,40.8919,0.0649,0,60,50.3317,7.4641,0,60,4.8514,0.0013,0,60,14.3965,0.0036,0,60,-0.3610,0.0121,0,60,-0.3361,0.0616,0,60,0.9522,7.1135,0,60,
C:\Nu Stable\Results\2023\20230214 clumped Oman Thule 2 ABJ KDB,20230214 clumped Oman Thule 2 ABJ KDB,Data_19359 ETH-1.txt,ETH-1,C:\Nu Stable\Analyses\DI\CO2 20-6-20 clumped NuCarb.rdf,Clumped CO2 Iterative,2023/02/17 14:38:54,2023/02/18 00:50:55,466,39,1.5860e-07,3.403536E-10,CF,24.750,5.700e-02,1,5.5732e-02,15584, InitialisePrepSampleRun; CheckIfCFRequired; UseCF; SampleTrapped; Chop_CF_SamSub; SampleTrapped; BalanceRefToSamValue; DepletingBalance; SampleReady;,3.4957e-08,1.0577e-07,6.6272e-08,6.6872e-08,6.6830e-08,6.6675e-08,0.96,2023/02/18 00:50:09,0.23,5542,8448,5.6999e-02,46.044,20,8,20,20,0.000,-2.7175e-13,-1.2867e-13,-1.3799e-13,-7.7332e-14,2.4480e-14,4.0698e-12,23.00,24.00,70.45,-1.93e02,-1.59e02,70.45,0.00,70.45,70.45,2023/02/17 23:53:22,2023/02/18 00:32:16,78,4.12001e-08,0.000,0,63,3.99925e-08,1.45043e-09,0,60,1.20389e-02,1.41788e-07,0,60,4.2595e-03,5.3306e-08,0,60,4.9773e-05,1.0584e-09,0,60,4.7442e-06,3.7904e-10,0,60,3.8979e-08,1.3260e-09,0,60,1.1983e-02,1.2920e-07,0,63,4.2124e-03,4.6371e-08,0,63,4.9031e-05,9.2567e-10,0,63,4.6416e-06,3.4826e-10,0,63,3.8567e-08,1.1651e-09,0,63,4.6976,0.0012,0,60,11.1660,0.0027,0,60,15.1302,0.0111,0,60,22.1050,0.0548,0,60,4.9436,9.5514,0,60,1.7236,0.0012,0,60,5.2018,0.0027,0,60,-0.7409,0.0112,0,60,-0.3440,0.0533,0,60,-21.6591,9.2967,0,60,
C:\Nu Stable\Results\2023\20230214 clumped Oman Thule 2 ABJ KDB,20230214 clumped Oman Thule 2 ABJ KDB,Data_19360 ETH-2.txt,ETH-2,C:\Nu Stable\Analyses\DI\CO2 20-6-20 clumped NuCarb.rdf,Clumped CO2 Iterative,2023/02/17 14:38:54,2023/02/18 02:12:41,454,40,1.4952e-07,3.293386E-10,CF,22.766,5.830e-02,1,5.5732e-02,15616, InitialisePrepSampleRun; CheckIfCFRequired; UseCF; SampleTrapped; Chop_CF_SamSub; SampleTrapped; BalanceRefToSamValue; DepletingBalance; SampleReady;,3.4260e-08,1.0605e-07,6.2036e-08,6.2581e-08,6.2542e-08,6.2404e-08,0.96,2023/02/18 02:11:56,0.22,5709,8448,5.8296e-02,46.044,20,8,20,20,0.000,-2.7224e-13,-1.2870e-13,-1.3832e-13,-7.7745e-14,2.3282e-14,4.0484e-12,23.00,23.00,70.95,-1.93e02,-1.65e02,70.95,0.00,70.95,70.95,2023/02/18 01:14:52,2023/02/18 01:53:55,78,3.88532e-08,0.000,0,63,3.76725e-08,1.34725e-09,0,60,1.18966e-02,1.41703e-07,0,60,4.1896e-03,5.4802e-08,0,60,4.8384e-05,9.6464e-10,0,60,4.5922e-06,2.6273e-10,0,60,5.6103e-08,7.2610e-10,0,60,1.1982e-02,1.3487e-07,0,63,4.2124e-03,5.1421e-08,0,63,4.9041e-05,9.9739e-10,0,63,4.6435e-06,2.8737e-10,0,63,5.7223e-08,6.9264e-10,0,63,-7.1702,0.0010,0,60,-5.4068,0.0014,0,60,-13.4173,0.0122,0,60,-11.0511,0.0713,0,60,-18.2210,6.2149,0,60,-10.3330,0.0010,0,60,-11.2650,0.0014,0,60,-0.7562,0.0120,0,60,-0.2697,0.0720,0,60,-0.0723,6.3292,0,60,
C:\Nu Stable\Results\2023\20230214 clumped Oman Thule 2 ABJ KDB,20230214 clumped Oman Thule 2 ABJ KDB,Data_19362 KDW2_119_1A_A.txt,KDW2_119_1A_A,C:\Nu Stable\Analyses\DI\CO2 20-6-20 clumped NuCarb.rdf,Clumped CO2 Iterative,2023/02/18 15:32:51,2023/02/18 15:32:51,514,43,1.5882e-07,3.089904E-10,CF,24.841,5.700e-02,1,5.6999e-02,15584, InitialisePrepSampleRun; CheckIfCFRequired; UseCF; SampleTrapped; Chop_CF_SamSub; SampleTrapped; BalanceRefToSamValue; DepletingBalance; SampleReady;,3.9770e-08,1.0607e-07,6.6369e-08,6.6831e-08,6.6808e-08,6.6652e-08,0.96,2023/02/18 15:32:05,0.23,6006,8447,5.6999e-02,46.049,20,8,20,20,0.000,-2.7474e-13,-1.3003e-13,-1.3980e-13,-8.1332e-14,1.6111e-14,3.6290e-12,23.00,24.00,70.50,-1.93e02,2.74e01,70.50,0.00,70.50,70.50,2023/02/18 14:34:50,2023/02/18 15:32:31,115,4.12554e-08,0.000,0,63,4.01823e-08,1.44452e-09,0,60,1.20284e-02,1.17349e-07,0,60,4.2583e-03,4.7657e-08,0,60,4.9736e-05,1.1547e-09,0,60,4.7444e-06,2.7043e-10,0,60,4.7304e-08,4.2766e-10,0,60,1.1982e-02,1.0675e-07,0,63,4.2123e-03,4.5427e-08,0,63,4.9036e-05,1.2813e-09,0,63,4.6436e-06,3.3424e-10,0,63,4.6467e-08,4.0750e-10,0,63,3.8317,0.0012,0,60,10.9176,0.0027,0,60,14.2622,0.0143,0,60,21.7025,0.0704,0,60,20.3125,7.1736,0,60,0.8106,0.0012,0,60,4.9564,0.0027,0,60,-0.4662,0.0127,0,60,-0.2465,0.0677,0,60,-5.3039,6.9941,0,60,
C:\Nu Stable\Results\2023\20230214 clumped Oman Thule 2 ABJ KDB,20230214 clumped Oman Thule 2 ABJ KDB,Data_19363 ETH-3.txt,ETH-3,C:\Nu Stable\Analyses\DI\CO2 20-6-20 clumped NuCarb.rdf,Clumped CO2 Iterative,2023/02/18 15:32:51,2023/02/18 17:35:11,481,44,1.5926e-07,3.310964E-10,CF,24.139,5.449e-02,1,5.2096e-02,15488, InitialisePrepSampleRun; CheckIfCFRequired; UseCF; SampleTrapped; Chop_CF_SamSub; SampleTrapped; BalanceRefToSamValue; DepletingBalance; SampleReady;,3.8824e-08,1.0621e-07,6.6244e-08,6.6744e-08,6.6696e-08,6.6548e-08,0.96,2023/02/18 17:34:25,0.22,5934,8446,5.4493e-02,46.049,20,8,20,20,0.000,-2.7407e-13,-1.2965e-13,-1.3938e-13,-7.9365e-14,2.0403e-14,3.8874e-12,23.00,24.00,70.50,-1.93e02,-1.64e02,70.50,0.00,70.50,70.50,2023/02/18 16:38:05,2023/02/18 17:34:51,114,4.11139e-08,0.000,0,63,3.99052e-08,1.44729e-09,0,60,1.20358e-02,1.37629e-07,0,60,4.2616e-03,5.2384e-08,0,60,4.9808e-05,1.0596e-09,0,60,4.7485e-06,3.9370e-10,0,60,4.3969e-08,1.0189e-09,0,60,1.1983e-02,1.2796e-07,0,63,4.2124e-03,4.5509e-08,0,63,4.9038e-05,1.1934e-09,0,63,4.6408e-06,3.5808e-10,0,63,4.3883e-08,8.4748e-10,0,63,4.4380,0.0011,0,60,11.6874,0.0026,0,60,15.6953,0.0140,0,60,23.2072,0.0666,0,60,1.7404,7.8132,0,60,1.4293,0.0011,0,60,5.7212,0.0026,0,60,-0.4257,0.0130,0,60,-0.2973,0.0648,0,60,-25.4981,7.5986,0,60,
C:\Nu Stable\Results\2023\20230214 clumped Oman Thule 2 ABJ KDB,20230214 clumped Oman Thule 2 ABJ KDB,Data_19364 ETH-4.txt,ETH-4,C:\Nu Stable\Analyses\DI\CO2 20-6-20 clumped NuCarb.rdf,Clumped CO2 Iterative,2023/02/18 15:32:51,2023/02/18 18:57:31,423,45,1.4356e-07,3.393842E-10,CF,21.881,5.449e-02,1,5.2096e-02,15488, InitialisePrepSampleRun; CheckIfCFRequired; UseCF; SampleTrapped; Chop_CF_SamSub; SampleTrapped; BalanceRefToSamValue; DepletingBalance; SampleReady;,3.7927e-08,1.0607e-07,5.9445e-08,5.9626e-08,5.9575e-08,5.9445e-08,0.96,2023/02/18 18:56:45,0.22,6276,8446,5.4493e-02,46.044,20,8,20,20,0.000,-2.7467e-13,-1.2982e-13,-1.3966e-13,-7.9626e-14,2.0081e-14,3.9357e-12,23.00,23.00,70.50,-1.93e02,-1.66e02,70.50,0.00,70.50,70.50,2023/02/18 17:58:58,2023/02/18 18:38:09,78,3.71939e-08,0.000,0,63,3.61142e-08,1.27482e-09,0,60,1.18945e-02,1.50833e-07,0,60,4.1887e-03,5.8112e-08,0,60,4.8377e-05,7.9353e-10,0,60,4.5924e-06,3.3701e-10,0,60,6.0967e-08,1.0277e-09,0,60,1.1982e-02,1.4414e-07,0,63,4.2122e-03,5.5229e-08,0,63,4.9043e-05,8.7480e-10,0,63,4.6446e-06,3.1830e-10,0,63,6.1424e-08,9.4539e-10,0,63,-7.3180,0.0010,0,60,-5.5887,0.0013,0,60,-13.5776,0.0093,0,60,-11.2301,0.0650,0,60,-6.1880,5.1067,0,60,-10.4840,0.0010,0,60,-11.4456,0.0013,0,60,-0.5854,0.0098,0,60,-0.0850,0.0659,0,60,12.7078,5.2037,0,60,
C:\Nu Stable\Results\2023\20230214 clumped Oman Thule 2 ABJ KDB,20230214 clumped Oman Thule 2 ABJ KDB,Data_19365 SB1_69_A.txt,SB1_69_A,C:\Nu Stable\Analyses\DI\CO2 20-6-20 clumped NuCarb.rdf,Clumped CO2 Iterative,2023/02/18 15:32:51,2023/02/18 20:19:30,463,46,1.6635e-07,3.592814E-10,CF,25.787,5.449e-02,1,5.3281e-02,15520, InitialisePrepSampleRun; CheckIfCFRequired; UseCF; SampleTrapped; Chop_CF_SamSub; SampleTrapped; BalanceRefToSamValue; DepletingBalance; SampleReady;,3.7114e-08,1.0636e-07,6.9712e-08,7.0314e-08,7.0269e-08,7.0094e-08,0.96,2023/02/18 20:18:45,0.25,5579,8446,5.4493e-02,46.044,20,8,20,20,0.000,-2.7357e-13,-1.2947e-13,-1.3933e-13,-7.8095e-14,2.2888e-14,4.0090e-12,24.00,24.00,70.50,-1.93e02,-1.71e02,70.50,0.00,70.50,70.50,2023/02/18 19:20:48,2023/02/18 20:00:31,80,4.30450e-08,0.000,0,63,4.18260e-08,1.53546e-09,0,60,1.20780e-02,1.12918e-07,0,60,4.2998e-03,4.8108e-08,0,60,5.0430e-05,1.3632e-09,0,60,4.8353e-06,3.4355e-10,0,60,4.7367e-08,6.7394e-10,0,60,1.1983e-02,1.0086e-07,0,63,4.2124e-03,4.4529e-08,0,63,4.9042e-05,1.5068e-09,0,63,4.6425e-06,3.1449e-10,0,63,4.5455e-08,6.5530e-10,0,63,7.9620,0.0013,0,60,20.7479,0.0034,0,60,28.2938,0.0120,0,60,41.5140,0.0576,0,60,41.7785,6.3907,0,60,4.8681,0.0013,0,60,14.7300,0.0034,0,60,-0.4814,0.0105,0,60,-0.3956,0.0546,0,60,-7.8675,6.0874,0,60,
C:\Nu Stable\Results\2023\20230214 clumped Oman Thule 2 ABJ KDB,20230214 clumped Oman Thule 2 ABJ KDB,Data_19366 IAEA-C1.txt,IAEA-C1,C:\Nu Stable\Analyses\DI\CO2 20-6-20 clumped NuCarb.rdf,Clumped CO2 Iterative,2023/02/18 15:32:51,2023/02/18 21:41:50,412,47,1.3425e-07,3.25849E-10,CF,20.843,5.573e-02,1,5.4493e-02,15520, InitialisePrepSampleRun; CheckIfCFRequired; UseCF; SampleTrapped; Chop_CF_SamSub; SampleTrapped; BalanceRefToSamValue; DepletingBalance; SampleReady;,3.6317e-08,1.0601e-07,5.5249e-08,5.5283e-08,5.5254e-08,5.5124e-08,0.96,2023/02/18 21:41:04,0.24,6409,8446,5.5732e-02,46.044,20,8,20,20,0.000,-2.7368e-13,-1.2960e-13,-1.3943e-13,-7.9606e-14,2.1297e-14,3.9375e-12,23.00,23.00,70.50,-1.93e02,-1.61e02,70.50,0.00,70.50,70.50,2023/02/18 20:43:15,2023/02/18 21:22:30,79,3.47898e-08,0.000,0,63,3.37980e-08,1.17044e-09,0,60,1.20432e-02,1.75239e-07,0,60,4.2591e-03,7.2222e-08,0,60,4.9809e-05,5.7535e-10,0,60,4.7456e-06,2.6414e-10,0,60,4.5163e-08,5.0613e-10,0,60,1.1982e-02,1.6379e-07,0,63,4.2123e-03,6.3835e-08,0,63,4.9050e-05,6.5753e-10,0,63,4.6436e-06,2.8031e-10,0,63,4.4565e-08,4.4569e-10,0,63,5.1039,0.0011,0,60,11.1150,0.0020,0,60,15.4744,0.0126,0,60,21.9419,0.0654,0,60,16.6385,8.4442,0,60,2.1578,0.0011,0,60,5.1501,0.0020,0,60,-0.7688,0.0119,0,60,-0.4025,0.0633,0,60,-10.5994,8.2182,0,60,
C:\Nu Stable\Results\2023\20230214 clumped Oman Thule 2 ABJ KDB,20230214 clumped Oman Thule 2 ABJ KDB,Data_19367 KDW_51_0_A.txt,KDW_51_0_A,C:\Nu Stable\Analyses\DI\CO2 20-6-20 clumped NuCarb.rdf,Clumped CO2 Iterative,2023/02/18 15:32:51,2023/02/18 23:03:43,454,48,1.5693e-07,3.456606E-10,CF,23.743,5.573e-02,1,5.3281e-02,15520, InitialisePrepSampleRun; CheckIfCFRequired; UseCF; SampleTrapped; Chop_CF_SamSub; SampleTrapped; BalanceRefToSamValue; DepletingBalance; SampleReady;,3.5618e-08,1.0619e-07,6.5432e-08,6.5980e-08,6.5931e-08,6.5780e-08,0.96,2023/02/18 23:02:58,0.23,5663,8444,5.5732e-02,46.046,20,8,20,20,0.000,-2.7336e-13,-1.2947e-13,-1.3914e-13,-7.8374e-14,2.2960e-14,4.0251e-12,23.00,23.00,70.50,-1.93e02,-1.65e02,70.50,0.00,70.50,70.50,2023/02/18 22:05:08,2023/02/18 22:44:49,79,4.07273e-08,0.000,0,63,3.95573e-08,1.42550e-09,0,60,1.20501e-02,3.81117e-07,0,60,4.2620e-03,2.6411e-07,0,60,4.9876e-05,3.6620e-09,0,60,4.7531e-06,6.3055e-10,0,60,4.4073e-08,7.2829e-10,0,60,1.1983e-02,1.2968e-07,0,63,4.2124e-03,4.7298e-08,0,63,4.9047e-05,1.1984e-09,0,63,4.6444e-06,3.3248e-10,0,63,4.3458e-08,7.1826e-10,0,63,5.6359,0.0284,0,60,11.7849,0.0607,0,60,16.8954,0.0739,0,60,23.3966,0.1366,0,60,14.0085,5.6820,0,60,2.7008,0.0281,0,60,5.8156,0.0604,0,60,-0.5676,0.0185,0,60,-0.3049,0.0776,0,60,-14.9875,5.5525,0,60,
C:\Nu Stable\Results\2023\20230214 clumped Oman Thule 2 ABJ KDB,20230214 clumped Oman Thule 2 ABJ KDB,Data_19368 IAEA-C2.txt,IAEA-C2,C:\Nu Stable\Analyses\DI\CO2 20-6-20 clumped NuCarb.rdf,Clumped CO2 Iterative,2023/02/18 15:32:51,2023/02/19 00:25:42,439,49,1.3990e-07,3.186828E-10,CF,21.423,5.449e-02,1,5.0938e-02,15488, InitialisePrepSampleRun; CheckIfCFRequired; UseCF; SampleTrapped; Chop_CF_SamSub; SampleTrapped; BalanceRefToSamValue; DepletingBalance; SampleReady;,3.4849e-08,1.0581e-07,5.7859e-08,5.8180e-08,5.8140e-08,5.8003e-08,0.96,2023/02/19 00:24:56,0.24,6054,8448,5.4493e-02,46.046,20,8,20,20,0.000,-2.7356e-13,-1.2957e-13,-1.3922e-13,-7.8841e-14,2.2101e-14,4.0099e-12,23.00,23.00,70.50,-1.93e02,2.77e01,70.50,0.00,70.50,70.50,2023/02/18 23:27:29,2023/02/19 00:06:27,77,3.63909e-08,0.000,0,63,3.53367e-08,1.23881e-09,0,60,1.19237e-02,1.53401e-07,0,60,4.2302e-03,6.3130e-08,0,60,4.8982e-05,8.1031e-10,0,60,4.6818e-06,2.6901e-10,0,60,4.5016e-08,4.2784e-10,0,60,1.1982e-02,1.4669e-07,0,63,4.2123e-03,5.5279e-08,0,63,4.9047e-05,7.0475e-10,0,63,4.6437e-06,2.8072e-10,0,63,4.5511e-08,3.7516e-10,0,63,-4.8823,0.0008,0,60,4.2644,0.0020,0,60,-1.3308,0.0137,0,60,8.1861,0.0667,0,60,-10.6589,5.8858,0,60,-8.2336,0.0008,0,60,-1.6455,0.0020,0,60,-0.4760,0.0133,0,60,-0.3579,0.0659,0,60,-13.7878,5.8665,0,60,
C:\Nu Stable\Results\2023\20230214 clumped Oman Thule 2 ABJ KDB,20230214 clumped Oman Thule 2 ABJ KDB,Data_19369 ETH-1.txt,ETH-1,C:\Nu Stable\Analyses\DI\CO2 20-6-20 clumped NuCarb.rdf,Clumped CO2 Iterative,2023/02/18 15:32:51,2023/02/19 02:28:06,456,50,1.5434e-07,3.384565E-10,CF,23.865,5.449e-02,1,5.3281e-02,15488, InitialisePrepSampleRun; CheckIfCFRequired; UseCF; SampleTrapped; Chop_CF_SamSub; SampleTrapped; BalanceRefToSamValue; DepletingBalance; SampleReady;,3.4148e-08,1.0619e-07,6.4243e-08,6.4806e-08,6.4773e-08,6.4618e-08,0.96,2023/02/19 02:27:21,0.24,5571,8448,5.4493e-02,46.046,20,8,20,20,0.000,-2.7369e-13,-1.2945e-13,-1.3921e-13,-7.8855e-14,2.1440e-14,3.9884e-12,23.00,24.00,70.50,-1.93e02,2.87e01,70.50,0.00,70.50,70.50,2023/02/19 01:30:49,2023/02/19 02:27:47,114,4.00377e-08,0.000,0,63,3.89193e-08,1.39694e-09,0,60,1.20389e-02,1.35798e-07,0,60,4.2595e-03,5.1235e-08,0,60,4.9776e-05,9.8697e-10,0,60,4.7387e-06,6.2776e-10,0,60,3.5651e-08,1.4729e-09,0,60,1.1983e-02,1.2442e-07,0,63,4.2124e-03,4.4515e-08,0,63,4.9045e-05,9.1063e-10,0,63,4.6369e-06,5.5978e-10,0,63,3.6169e-08,1.3443e-09,0,63,4.6972,0.0012,0,60,11.1762,0.0026,0,60,14.9173,0.0132,0,60,21.9629,0.0596,0,60,-22.6281,11.4713,0,60,1.7228,0.0012,0,60,5.2119,0.0026,0,60,-0.9600,0.0125,0,60,-0.5031,0.0582,0,60,-48.5193,11.1661,0,60,
