Batch,201806018 clumped OmanSval KDB ABJ,Collected on,2018/06/18 21:49:18,Analysis Instrument,PS019,Acquisition Software,Stable 1.69.5,Reanalyzed  on,2018/06/18 22:49:22,Reanalysis Instrument,PS019,Reanalysis Software,Stable 1.69.5


Data,Batch,Data,Sample,Method,Analysis,Batch,Time,Sample,Vial,Initial,Sample,ColdFinger,Transducer,InletPiraniPressure,Sample,MaxPumpOverPressure,RawPumpOverPressure,Sample,Min,Max,Pre-balance,Pre-depleted,Final,Final,Depletion,Balance,Balance,RefBellowsPos,SamBellowsPos,Pirani,Current,Num,CO,Cycle,Zero,Zero,Zero,Zero,Zero,Zero,Zero,Zero,Sam,Ref,Ave,Water,Water,Ave, StdDev, Min, Max, Started, Stopped, Num,Ref Major,Std,Rejected,Num,Sam Major,Std,Rejected,Num,Sample,Std,Rejected,Num,Sample,Std,Rejected,Num,Sample,Std,Rejected,Num,Sample,Std,Rejected,Num,Sample,Std,Rejected,Num,Ref,Std,Rejected,Num,Ref,Std,Rejected,Num,Ref,Std,Rejected,Num,Ref,Std,Rejected,Num,Ref,Std,Rejected,Num,Raw,Std,Rejected,Num,Raw,Std,Rejected,Num,Raw,Std,Rejected,Num,Raw,Std,Rejected,Num,Raw,Std,Rejected,Num,Delta(13),Std,Rejected,Num,Delta(18),Std,Rejected,Num,DELTA,Std,Rejected,Num,DELTA,Std,Rejected,Num,DELTA,Std,Rejected,Num,
Dir  ,Name  ,File  ,Name  , , ,Started  ,Collected  ,Weight  ,Location  ,Sam Beam  ,Yield  ,Status  ,Pressure  , ,Chops  , , ,Operations  ,Ref Beam  ,Ref Beam  ,Sam Beam  ,Ref Beam  ,Sam Beam  ,Ref Beam  ,Factor ,End  ,% , , ,Pressure  ,Mass  ,CO Cycles   ,Delay Time  ,Length  ,Length   ,Offset  ,Beams (0) ,Beams (1) ,Beams (2) ,Beams (3) ,Beams (4) ,Beams (5) ,Depletion  ,Depletion  ,Temperature  ,Trap Temperature Hot ,Trap Temperature Cold ,Temp, , ,,,,,Signal(44),Dev,,,Signal(44),Dev,,,Ratio(45/44),Dev,,,Ratio(46/44),Dev,,,Ratio(47/44),Dev,,,Ratio(48/44),Dev,,,Ratio(49/44),Dev,,,Ratio(45/44),Dev,,,Ratio(46/44),Dev,,,Ratio(47/44),Dev,,,Ratio(48/44),Dev,,,Ratio(49/44),Dev,,,Delta(45/44),Err,,,Delta(46/44),Err,,,Delta(47/44),Err,,,Delta(48/44),Err,,,Delta(49/44),Err,,,wrt PDB,Err,,,wrt PDB,Err,,,47,Err,,,48,Err,,,49,Err,,,

C:\Nu Stable\Results\2018\201806018 clumped OmanSval KDB ABJ,201806018 clumped OmanSval KDB ABJ,Data_6002 ETH-01.txt,ETH-01,C:\Nu Stable\Analyses\DI\CO2 20-6-20 clumped NuCarb.rdf,Clumped CO2 Iterative,2018/06/18 21:49:18,2018/06/18 21:49:18,491,1,1.3934e-07,2.837837E-10,CF,33.356,3.718e-02,1,3.8027e-02,15008, InitialisePrepSampleRun; CheckIfCFRequired; UseCF; SampleTrapped; Chop_CF_SamSub; SampleTrapped; BalanceRefToSamValue; DepletingBalance; SampleReady;,3.9978e-08,1.0606e-07,6.4644e-08,6.4856e-08,6.4825e-08,6.4807e-08,0.96,2018/06/18 21:48:38,0.03,5991,8449,3.7181e-02,46.012,20,8,20,20,0.000,-1.0522e-13,-5.4359e-14,-5.7590e-14,-1.0296e-14,1.5278e-13,7.4565e-12,17.00,18.00,70.26,-1.95e02,-1.95e02,70.26,0.36,69.98,70.73,2018/06/18 20:55:08,2018/06/18 20:26:12,71,4.48723e-08,0.000,0,63,4.56026e-08,0.000,0,60,1.20033e-02,0.000,0,60,4.2387e-03,0.000,0,60,4.9572e-05,0.000,0,60,4.7391e-06,0.000,0,60,6.1282e-08,0.000,0,60,1.1942e-02,0.000,0,63,4.1876e-03,0.000,0,63,4.8762e-05,0.000,0,63,4.6270e-06,0.000,0,63,6.3520e-08,0.000,0,63,5.1755,0.001,0,60,12.2212,0.003,0,60,16.6162,0.010,0,60,24.2277,0.039,0,60,-34.8395,1.952,0,60,2.1958,0.001,0,60,6.2507,0.003,0,60,-0.7945,0.010,0,60,-0.3552,0.039,0,60,-62.7877,1.894,0,60,
C:\Nu Stable\Results\2018\201806018 clumped OmanSval KDB ABJ,201806018 clumped OmanSval KDB ABJ,Data_6003 ETH-04.txt,ETH-04,C:\Nu Stable\Analyses\DI\CO2 20-6-20 clumped NuCarb.rdf,Clumped CO2 Iterative,2018/06/18 21:49:18,2018/06/18 23:12:30,412,2,1.1081e-07,2.689651E-10,CF,27.923,3.555e-02,1,3.5546e-02,14944, InitialisePrepSampleRun; CheckIfCFRequired; UseCF; SampleTrapped; Chop_CF_SamSub; SampleTrapped; BalanceRefToSamValue; DepletingBalance; SampleReady;,3.9335e-08,1.0611e-07,5.2346e-08,5.2544e-08,5.2541e-08,5.2464e-08,0.96,2018/06/18 23:11:50,0.15,6845,8449,3.5546e-02,46.012,20,8,20,20,0.000,-1.0518e-13,-5.4411e-14,-5.7547e-14,-7.1758e-15,1.6032e-13,8.1164e-12,16.00,17.00,69.79,-1.95e02,-1.95e02,69.79,0.25,69.48,69.99,2018/06/18 22:11:34,2018/06/18 21:49:03,71,3.72186e-08,0.000,0,63,3.75832e-08,0.000,0,60,1.18592e-02,0.000,0,60,4.1684e-03,0.000,0,60,4.8175e-05,0.000,0,60,4.5857e-06,0.000,0,60,6.1632e-08,0.000,0,60,1.1941e-02,0.000,0,63,4.1874e-03,0.000,0,63,4.8764e-05,0.000,0,63,4.6283e-06,0.000,0,63,6.6195e-08,0.000,0,63,-6.8689,0.001,0,60,-4.5459,0.001,0,60,-12.0829,0.013,0,60,-9.2003,0.049,0,60,-69.1344,2.290,0,60,-10.0423,0.001,0,60,-10.4089,0.001,0,60,-0.5689,0.013,0,60,-0.1304,0.050,0,60,-53.8441,2.329,0,60,
C:\Nu Stable\Results\2018\201806018 clumped OmanSval KDB ABJ,201806018 clumped OmanSval KDB ABJ,Data_6004 ETH-03.txt,ETH-03,C:\Nu Stable\Analyses\DI\CO2 20-6-20 clumped NuCarb.rdf,Clumped CO2 Iterative,2018/06/18 21:49:18,2018/06/19 00:35:26,501,3,1.4474e-07,2.888928E-10,CF,34.546,3.476e-02,1,3.5546e-02,14976, InitialisePrepSampleRun; CheckIfCFRequired; UseCF; SampleTrapped; Chop_CF_SamSub; SampleTrapped; BalanceRefToSamValue; DepletingBalance; SampleReady;,3.8789e-08,1.0617e-07,6.7215e-08,6.7369e-08,6.7352e-08,6.7249e-08,0.96,2018/06/19 00:34:46,0.15,5710,8449,3.4756e-02,46.015,20,8,20,20,0.000,-1.0501e-13,-5.4390e-14,-5.7475e-14,-5.9474e-15,1.6279e-13,8.3059e-12,17.00,18.00,69.99,-1.95e02,-1.95e02,69.99,0.00,69.99,69.99,2018/06/18 23:35:48,2018/06/18 22:53:25,70,4.63547e-08,0.000,0,63,4.71250e-08,0.000,0,60,1.20001e-02,0.000,0,60,4.2410e-03,0.000,0,60,4.9603e-05,0.000,0,60,4.7458e-06,0.000,0,60,6.1810e-08,0.000,0,60,1.1942e-02,0.000,0,63,4.1876e-03,0.000,0,63,4.8762e-05,0.000,0,63,4.6287e-06,0.000,0,63,6.3744e-08,0.000,0,63,4.8967,0.001,0,60,12.7546,0.003,0,60,17.2428,0.011,0,60,25.3022,0.037,0,60,-29.9277,2.071,0,60,1.8807,0.001,0,60,6.7822,0.003,0,60,-0.4112,0.010,0,60,-0.3604,0.036,0,60,-58.7163,2.008,0,60,
C:\Nu Stable\Results\2018\201806018 clumped OmanSval KDB ABJ,201806018 clumped OmanSval KDB ABJ,Data_6005 ETH-02.txt,ETH-02,C:\Nu Stable\Analyses\DI\CO2 20-6-20 clumped NuCarb.rdf,Clumped CO2 Iterative,2018/06/18 21:49:18,2018/06/19 01:58:23,440,4,1.2102e-07,2.750492E-10,CF,29.907,3.555e-02,1,3.5546e-02,14976, InitialisePrepSampleRun; CheckIfCFRequired; UseCF; SampleTrapped; Chop_CF_SamSub; SampleTrapped; BalanceRefToSamValue; DepletingBalance; SampleReady;,3.8215e-08,1.0589e-07,5.6707e-08,5.6948e-08,5.6938e-08,5.6831e-08,0.96,2018/06/19 01:57:42,0.19,6335,8447,3.5546e-02,46.012,20,8,20,20,0.000,-1.0497e-13,-5.4378e-14,-5.7441e-14,-6.3497e-15,1.6193e-13,8.2022e-12,17.00,17.00,69.99,-1.95e02,-1.95e02,69.99,0.00,69.99,69.99,2018/06/19 00:57:45,2018/06/19 00:16:38,70,3.99698e-08,0.000,0,63,4.04844e-08,0.000,0,60,1.18602e-02,0.000,0,60,4.1688e-03,0.000,0,60,4.8171e-05,0.000,0,60,4.5860e-06,0.000,0,60,5.9141e-08,0.000,0,60,1.1941e-02,0.000,0,63,4.1875e-03,0.000,0,63,4.8763e-05,0.000,0,63,4.6283e-06,0.000,0,63,6.3933e-08,0.000,0,63,-6.7946,0.001,0,60,-4.4634,0.002,0,60,-12.1537,0.010,0,60,-9.1252,0.048,0,60,-74.7097,2.049,0,60,-9.9660,0.001,0,60,-10.3269,0.002,0,60,-0.7992,0.010,0,60,-0.2204,0.048,0,60,-59.7393,2.083,0,60,
C:\Nu Stable\Results\2018\201806018 clumped OmanSval KDB ABJ,201806018 clumped OmanSval KDB ABJ,Data_6006 IAEA-C1.txt,IAEA-C1,C:\Nu Stable\Analyses\DI\CO2 20-6-20 clumped NuCarb.rdf,Clumped CO2 Iterative,2018/06/18 21:49:18,2018/06/19 03:21:28,478,5,1.3568e-07,2.83841E-10,CF,33.081,3.555e-02,1,3.6354e-02,14944, InitialisePrepSampleRun; CheckIfCFRequired; UseCF; SampleTrapped; Chop_CF_SamSub; SampleTrapped; BalanceRefToSamValue; DepletingBalance; SampleReady;,3.7614e-08,1.0649e-07,6.3160e-08,6.3358e-08,6.3325e-08,6.3279e-08,0.96,2018/06/19 03:20:48,0.07,5825,8447,3.5546e-02,46.015,20,8,20,20,0.000,-1.0504e-13,-5.4394e-14,-5.7405e-14,-5.7882e-15,1.6285e-13,8.2773e-12,17.00,18.00,69.99,-1.95e02,-1.95e02,69.99,0.00,69.99,69.99,2018/06/19 02:21:22,2018/06/19 01:39:33,70,4.39186e-08,0.000,0,63,4.46219e-08,0.000,0,60,1.20080e-02,0.000,0,60,4.2384e-03,0.000,0,60,4.9592e-05,0.000,0,60,4.7399e-06,0.000,0,60,6.1409e-08,0.000,0,60,1.1942e-02,0.000,0,63,4.1876e-03,0.000,0,63,4.8762e-05,0.000,0,63,4.6293e-06,0.000,0,63,6.3418e-08,0.000,0,63,5.5697,0.001,0,60,12.1301,0.002,0,60,17.0210,0.010,0,60,23.9116,0.048,0,60,-31.6570,2.617,0,60,2.6184,0.001,0,60,6.1592,0.002,0,60,-0.7119,0.010,0,60,-0.4839,0.046,0,60,-59.9227,2.539,0,60,
C:\Nu Stable\Results\2018\201806018 clumped OmanSval KDB ABJ,201806018 clumped OmanSval KDB ABJ,Data_6007 KG92 94.txt,KG92 94,C:\Nu Stable\Analyses\DI\CO2 20-6-20 clumped NuCarb.rdf,Clumped CO2 Iterative,2018/06/18 21:49:18,2018/06/19 04:44:25,476,6,1.2075e-07,2.536696E-10,CF,29.877,3.555e-02,1,3.7181e-02,15008, InitialisePrepSampleRun; CheckIfCFRequired; UseCF; SampleTrapped; Chop_CF_SamSub; SampleTrapped; BalanceRefToSamValue; DepletingBalance; SampleReady;,3.7067e-08,1.0584e-07,5.6671e-08,5.6886e-08,5.6858e-08,5.6757e-08,0.96,2018/06/19 04:43:45,0.18,6209,8446,3.5546e-02,46.015,20,8,20,20,0.000,-1.0511e-13,-5.4378e-14,-5.7416e-14,-6.2048e-15,1.6256e-13,8.2389e-12,17.00,17.00,69.99,-1.95e02,-1.95e02,69.99,0.00,69.99,69.99,2018/06/19 03:43:36,2018/06/19 03:02:29,70,3.99445e-08,0.000,0,63,4.04020e-08,0.000,0,60,1.19639e-02,0.000,0,60,4.2262e-03,0.000,0,60,4.9274e-05,0.000,0,60,4.7129e-06,0.000,0,60,6.1449e-08,0.000,0,60,1.1941e-02,0.000,0,63,4.1875e-03,0.000,0,63,4.8762e-05,0.000,0,63,4.6291e-06,0.000,0,63,6.4370e-08,0.000,0,63,1.8918,0.001,0,60,9.2306,0.002,0,60,10.4863,0.009,0,60,18.1294,0.051,0,60,-45.4098,2.158,0,60,-1.1957,0.001,0,60,3.2818,0.002,0,60,-0.5588,0.009,0,60,-0.4094,0.050,0,60,-64.3916,2.114,0,60,
C:\Nu Stable\Results\2018\201806018 clumped OmanSval KDB ABJ,201806018 clumped OmanSval KDB ABJ,Data_6008 PK99 KT4CB.txt,PK99 KT4CB,C:\Nu Stable\Analyses\DI\CO2 20-6-20 clumped NuCarb.rdf,Clumped CO2 Iterative,2018/06/18 21:49:18,2018/06/19 06:05:20,420,7,9.8205e-08,2.338212E-10,CF,25.482,3.555e-02,0,3.8891e-02,15072, InitialisePrepSampleRun; CheckIfCFRequired; UseCF; SampleTrapped; BalanceRefToSamValue; DepletingBalance; SampleReady;,3.6519e-08,1.0607e-07,9.4286e-08,9.5490e-08,9.5428e-08,9.5327e-08,0.96,2018/06/19 06:04:40,0.11,4382,8446,3.5546e-02,46.017,20,8,20,20,0.000,-1.0509e-13,-5.4291e-14,-5.7446e-14,-5.7167e-15,1.6353e-13,8.3077e-12,27.00,28.00,69.99,-1.95e02,-1.95e02,69.99,0.00,69.99,69.99,2018/06/19 05:06:35,2018/06/19 04:25:36,70,4.92711e-08,0.000,0,63,5.10087e-08,0.000,0,60,1.19431e-02,0.000,0,60,4.2257e-03,0.000,0,60,4.9183e-05,0.000,0,60,4.7104e-06,0.000,0,60,6.3845e-08,0.000,0,60,1.1942e-02,0.000,0,63,4.1875e-03,0.000,0,63,4.8765e-05,0.000,0,63,4.6269e-06,0.000,0,63,6.6184e-08,0.000,0,63,0.1193,0.001,0,60,9.1101,0.003,0,60,8.5568,0.012,0,60,18.0216,0.045,0,60,-34.5405,2.576,0,60,-3.0780,0.001,0,60,3.1658,0.003,0,60,-0.5279,0.010,0,60,-0.2766,0.045,0,60,-51.7329,2.528,0,60,
C:\Nu Stable\Results\2018\201806018 clumped OmanSval KDB ABJ,201806018 clumped OmanSval KDB ABJ,Data_6009 88KL 100.txt,88KL 100,C:\Nu Stable\Analyses\DI\CO2 20-6-20 clumped NuCarb.rdf,Clumped CO2 Iterative,2018/06/18 21:49:18,2018/06/19 07:26:15,423,8,5.2232e-08,1.2348E-10,CF,15.015,3.555e-02,0,3.7181e-02,14976, InitialisePrepSampleRun; CheckIfCFRequired; UseCF; SampleTrapped; BalanceRefToSamValue; DepletingBalance; SampleReady;,3.6025e-08,1.0600e-07,5.0151e-08,5.1222e-08,5.1188e-08,5.1109e-08,0.96,2018/06/19 07:25:35,0.16,6609,8446,3.5546e-02,46.015,20,8,20,20,0.000,-1.0491e-13,-5.4307e-14,-5.7366e-14,-6.8057e-15,1.6099e-13,8.0806e-12,25.00,25.00,69.99,-1.95e02,-1.95e02,69.99,0.00,69.99,69.99,2018/06/19 06:29:41,2018/06/19 05:48:33,70,2.96382e-08,0.000,0,63,2.98804e-08,0.000,0,60,1.19966e-02,0.000,0,60,4.2117e-03,0.000,0,60,4.9257e-05,0.000,0,60,4.6799e-06,0.000,0,60,6.2914e-08,0.000,0,60,1.1941e-02,0.000,0,63,4.1872e-03,0.000,0,63,4.8768e-05,0.000,0,63,4.6266e-06,0.000,0,63,6.6031e-08,0.000,0,63,4.6909,0.001,0,60,5.8623,0.002,0,60,10.0262,0.015,0,60,11.5185,0.063,0,60,-45.3836,3.275,0,60,1.8996,0.001,0,60,-0.0762,0.002,0,60,-0.5988,0.014,0,60,-0.2377,0.062,0,60,-60.9815,3.220,0,60,
C:\Nu Stable\Results\2018\201806018 clumped OmanSval KDB ABJ,201806018 clumped OmanSval KDB ABJ,Data_6010 ETH-03.txt,ETH-03,C:\Nu Stable\Analyses\DI\CO2 20-6-20 clumped NuCarb.rdf,Clumped CO2 Iterative,2018/06/18 21:49:18,2018/06/19 09:25:35,401,9,1.0041e-07,2.50388E-10,CF,25.696,3.635e-02,0,3.4756e-02,14944, InitialisePrepSampleRun; CheckIfCFRequired; UseCF; SampleTrapped; BalanceRefToSamValue; DepletingBalance; SampleReady;,3.5474e-08,1.0598e-07,9.6400e-08,9.7469e-08,9.7398e-08,9.7259e-08,0.96,2018/06/19 09:24:55,0.14,4243,8444,3.6354e-02,46.012,20,8,20,20,0.000,-1.0489e-13,-5.4393e-14,-5.7365e-14,-7.9733e-15,1.5714e-13,7.8499e-12,27.00,28.00,69.99,-1.95e02,-1.95e02,69.99,0.00,69.99,69.99,2018/06/19 08:33:29,2018/06/19 07:09:37,70,5.01317e-08,0.000,0,63,5.18346e-08,0.000,0,60,1.20004e-02,0.000,0,60,4.2412e-03,0.000,0,60,4.9609e-05,0.000,0,60,4.7481e-06,0.000,0,60,6.1136e-08,0.000,0,60,1.1942e-02,0.000,0,63,4.1876e-03,0.000,0,63,4.8765e-05,0.000,0,63,4.6302e-06,0.000,0,63,6.3265e-08,0.000,0,63,4.9165,0.001,0,60,12.8121,0.003,0,60,17.2941,0.013,0,60,25.4544,0.041,0,60,-33.5190,2.782,0,60,1.8997,0.001,0,60,6.8394,0.003,0,60,-0.4369,0.011,0,60,-0.3256,0.039,0,60,-62.3255,2.697,0,60,
C:\Nu Stable\Results\2018\201806018 clumped OmanSval KDB ABJ,201806018 clumped OmanSval KDB ABJ,Data_6011 ETH-04.txt,ETH-04,C:\Nu Stable\Analyses\DI\CO2 20-6-20 clumped NuCarb.rdf,Clumped CO2 Iterative,2018/06/18 21:49:18,2018/06/19 11:27:06,502,10,1.4430e-07,2.87448E-10,CF,34.058,3.635e-02,1,3.6354e-02,14944, InitialisePrepSampleRun; CheckIfCFRequired; UseCF; SampleTrapped; Chop_CF_SamSub; SampleTrapped; BalanceRefToSamValue; DepletingBalance; SampleReady;,3.5015e-08,1.0587e-07,6.6821e-08,6.6963e-08,6.6931e-08,6.6810e-08,0.96,2018/06/19 11:26:26,0.18,5319,8446,3.6354e-02,46.012,20,8,20,20,0.000,-1.0506e-13,-5.4350e-14,-5.7303e-14,-7.4154e-15,1.5847e-13,7.9876e-12,17.00,18.00,69.99,-1.95e02,-1.95e02,69.99,0.00,69.99,69.99,2018/06/19 10:33:05,2018/06/19 09:25:21,70,4.61274e-08,0.000,0,63,4.69126e-08,0.000,0,60,1.18595e-02,0.000,0,60,4.1684e-03,0.000,0,60,4.8169e-05,0.000,0,60,4.5854e-06,0.000,0,60,6.0818e-08,0.000,0,60,1.1941e-02,0.000,0,63,4.1874e-03,0.000,0,63,4.8757e-05,0.000,0,63,4.6283e-06,0.000,0,63,6.5296e-08,0.000,0,63,-6.8619,0.001,0,60,-4.5289,0.002,0,60,-12.0679,0.011,0,60,-9.2670,0.047,0,60,-68.8505,2.111,0,60,-10.0354,0.001,0,60,-10.3920,0.002,0,60,-0.5778,0.012,0,60,-0.2318,0.047,0,60,-53.5945,2.146,0,60,
C:\Nu Stable\Results\2018\201806018 clumped OmanSval KDB ABJ,201806018 clumped OmanSval KDB ABJ,Data_6012 PK99 KT3A.txt,PK99 KT3A,C:\Nu Stable\Analyses\DI\CO2 20-6-20 clumped NuCarb.rdf,Clumped CO2 Iterative,2018/06/18 21:49:18,2018/06/19 12:50:19,451,11,1.2090e-07,2.68073E-10,CF,29.755,3.555e-02,1,3.7181e-02,14976, InitialisePrepSampleRun; CheckIfCFRequired; UseCF; SampleTrapped; Chop_CF_SamSub; SampleTrapped; BalanceRefToSamValue; DepletingBalance; SampleReady;,3.4346e-08,1.0596e-07,5.6653e-08,5.6874e-08,5.6880e-08,5.6805e-08,0.96,2018/06/19 12:49:38,0.13,5877,8449,3.5546e-02,46.010,20,8,20,20,0.000,-1.0495e-13,-5.4417e-14,-5.7312e-14,-6.5696e-15,1.6115e-13,8.1298e-12,17.00,17.00,69.99,-1.95e02,-1.95e02,69.99,0.00,69.99,69.99,2018/06/19 11:49:22,2018/06/19 11:26:51,70,3.99176e-08,0.000,0,63,4.04116e-08,0.000,0,60,1.19414e-02,0.000,0,60,4.2252e-03,0.000,0,60,4.9169e-05,0.000,0,60,4.7130e-06,0.000,0,60,6.2727e-08,0.000,0,60,1.1941e-02,0.000,0,63,4.1875e-03,0.000,0,63,4.8761e-05,0.000,0,63,4.6308e-06,0.000,0,63,6.5521e-08,0.000,0,63,0.0179,0.001,0,60,9.0093,0.002,0,60,8.3607,0.011,0,60,17.7532,0.050,0,60,-42.0559,1.892,0,60,-3.1824,0.001,0,60,3.0657,0.002,0,60,-0.5195,0.011,0,60,-0.3404,0.050,0,60,-58.8277,1.858,0,60,
C:\Nu Stable\Results\2018\201806018 clumped OmanSval KDB ABJ,201806018 clumped OmanSval KDB ABJ,Data_6013 G3 129f-A.txt,G3 129f-A,C:\Nu Stable\Analyses\DI\CO2 20-6-20 clumped NuCarb.rdf,Clumped CO2 Iterative,2018/06/18 21:49:18,2018/06/19 14:13:08,450,12,1.2201e-07,2.711354E-10,CF,30.273,3.476e-02,1,3.7181e-02,15008, InitialisePrepSampleRun; CheckIfCFRequired; UseCF; SampleTrapped; Chop_CF_SamSub; SampleTrapped; BalanceRefToSamValue; DepletingBalance; SampleReady;,3.3817e-08,1.0621e-07,5.7459e-08,5.7675e-08,5.7642e-08,5.7535e-08,0.96,2018/06/19 14:12:27,0.19,5760,8447,3.4756e-02,46.012,20,8,20,20,0.000,-1.0492e-13,-5.4404e-14,-5.7293e-14,-6.5750e-15,1.6134e-13,8.1655e-12,17.00,17.00,69.99,-1.95e02,-1.95e02,69.99,0.00,69.99,69.99,2018/06/19 13:12:22,2018/06/19 12:31:11,70,4.04037e-08,0.000,0,63,4.09525e-08,0.000,0,60,1.20401e-02,0.000,0,60,4.2348e-03,0.000,0,60,4.9695e-05,0.000,0,60,4.7336e-06,0.000,0,60,6.2895e-08,0.000,0,60,1.1941e-02,0.000,0,63,4.1875e-03,0.000,0,63,4.8761e-05,0.000,0,63,4.6298e-06,0.000,0,63,6.5373e-08,0.000,0,63,8.2822,0.001,0,60,11.2928,0.002,0,60,19.1635,0.013,0,60,22.4202,0.057,0,60,-37.5533,2.369,0,60,5.5342,0.001,0,60,5.3201,0.002,0,60,-0.5688,0.012,0,60,-0.2864,0.056,0,60,-66.8003,2.297,0,60,
C:\Nu Stable\Results\2018\201806018 clumped OmanSval KDB ABJ,201806018 clumped OmanSval KDB ABJ,Data_6014 88WI 68B.txt,88WI 68B,C:\Nu Stable\Analyses\DI\CO2 20-6-20 clumped NuCarb.rdf,Clumped CO2 Iterative,2018/06/18 21:49:18,2018/06/19 15:33:55,437,13,5.1521e-08,1.178963E-10,CF,14.587,3.555e-02,0,3.5546e-02,14944, InitialisePrepSampleRun; CheckIfCFRequired; UseCF; SampleTrapped; BalanceRefToSamValue; DepletingBalance; SampleReady;,3.3341e-08,1.0636e-07,4.9488e-08,5.0581e-08,5.0555e-08,5.0465e-08,0.96,2018/06/19 15:33:15,0.18,6313,8447,3.5546e-02,46.012,20,8,20,20,0.000,-1.0504e-13,-5.4350e-14,-5.7422e-14,-7.5567e-15,1.5852e-13,7.9170e-12,25.00,25.00,69.99,-1.95e02,-1.95e02,69.99,0.00,69.99,69.99,2018/06/19 14:35:52,2018/06/19 13:54:25,70,2.93135e-08,0.000,0,63,2.95856e-08,0.000,0,60,1.20286e-02,0.000,0,60,4.2158e-03,0.000,0,60,4.9442e-05,0.000,0,60,4.6909e-06,0.000,0,60,6.8684e-08,0.000,0,60,1.1940e-02,0.000,0,63,4.1872e-03,0.000,0,63,4.8770e-05,0.000,0,63,4.6283e-06,0.000,0,63,7.1336e-08,0.000,0,63,7.3828,0.001,0,60,6.8268,0.002,0,60,13.7898,0.015,0,60,13.5293,0.073,0,60,-36.7113,2.904,0,60,4.7312,0.001,0,60,0.8777,0.002,0,60,-0.5796,0.014,0,60,-0.1686,0.071,0,60,-56.9213,2.843,0,60,
C:\Nu Stable\Results\2018\201806018 clumped OmanSval KDB ABJ,201806018 clumped OmanSval KDB ABJ,Data_6015 ETH-01.txt,ETH-01,C:\Nu Stable\Analyses\DI\CO2 20-6-20 clumped NuCarb.rdf,Clumped CO2 Iterative,2018/06/18 21:49:18,2018/06/19 17:35:14,428,14,1.1676e-07,2.727948E-10,CF,28.320,3.555e-02,1,3.6354e-02,14944, InitialisePrepSampleRun; CheckIfCFRequired; UseCF; SampleTrapped; Chop_CF_SamSub; SampleTrapped; BalanceRefToSamValue; DepletingBalance; SampleReady;,3.2949e-08,1.0641e-07,5.4857e-08,5.5101e-08,5.5081e-08,5.4977e-08,0.96,2018/06/19 17:34:33,0.19,5834,8446,3.5546e-02,46.015,20,8,20,20,0.000,-1.0487e-13,-5.4358e-14,-5.7389e-14,-9.0998e-15,1.5453e-13,7.5620e-12,17.00,17.00,70.50,-1.95e02,-1.95e02,70.50,0.00,70.50,70.50,2018/06/19 16:41:14,2018/06/19 15:17:15,70,3.88413e-08,0.000,0,63,3.92564e-08,0.000,0,60,1.20031e-02,0.000,0,60,4.2387e-03,0.000,0,60,4.9576e-05,0.000,0,60,4.7399e-06,0.000,0,60,6.0589e-08,0.000,0,60,1.1941e-02,0.000,0,63,4.1874e-03,0.000,0,63,4.8763e-05,0.000,0,63,4.6275e-06,0.000,0,63,6.3114e-08,0.000,0,63,5.1971,0.001,0,60,12.2667,0.002,0,60,16.6749,0.013,0,60,24.2709,0.043,0,60,-39.6652,2.824,0,60,2.2173,0.001,0,60,6.2960,0.002,0,60,-0.8031,0.012,0,60,-0.4030,0.043,0,60,-67.5773,2.741,0,60,
C:\Nu Stable\Results\2018\201806018 clumped OmanSval KDB ABJ,201806018 clumped OmanSval KDB ABJ,Data_6016 ETH-02.txt,ETH-02,C:\Nu Stable\Analyses\DI\CO2 20-6-20 clumped NuCarb.rdf,Clumped CO2 Iterative,2018/06/18 21:49:18,2018/06/19 18:58:01,454,15,1.2704e-07,2.798295E-10,CF,31.097,3.555e-02,1,3.5546e-02,14944, InitialisePrepSampleRun; CheckIfCFRequired; UseCF; SampleTrapped; Chop_CF_SamSub; SampleTrapped; BalanceRefToSamValue; DepletingBalance; SampleReady;,3.2484e-08,1.0601e-07,5.9467e-08,5.9654e-08,5.9626e-08,5.9551e-08,0.96,2018/06/19 18:57:21,0.13,5459,8446,3.5546e-02,46.012,20,8,20,20,0.000,-1.0501e-13,-5.4352e-14,-5.7401e-14,-7.2438e-15,1.5939e-13,8.0144e-12,17.00,18.00,70.50,-1.95e02,-1.95e02,70.50,0.00,70.50,70.50,2018/06/19 17:57:33,2018/06/19 17:34:59,70,4.16426e-08,0.000,0,63,4.22182e-08,0.000,0,60,1.18600e-02,0.000,0,60,4.1687e-03,0.000,0,60,4.8167e-05,0.000,0,60,4.5851e-06,0.000,0,60,6.1063e-08,0.000,0,60,1.1941e-02,0.000,0,63,4.1874e-03,0.000,0,63,4.8759e-05,0.000,0,63,4.6277e-06,0.000,0,63,6.5774e-08,0.000,0,63,-6.8001,0.001,0,60,-4.4713,0.002,0,60,-12.1474,0.011,0,60,-9.2033,0.051,0,60,-71.7142,2.462,0,60,-9.9717,0.001,0,60,-10.3348,0.002,0,60,-0.7793,0.011,0,60,-0.2832,0.051,0,60,-56.6750,2.502,0,60,
C:\Nu Stable\Results\2018\201806018 clumped OmanSval KDB ABJ,201806018 clumped OmanSval KDB ABJ,Data_6017 PK99 KT4CA.txt,PK99 KT4CA,C:\Nu Stable\Analyses\DI\CO2 20-6-20 clumped NuCarb.rdf,Clumped CO2 Iterative,2018/06/18 21:49:18,2018/06/19 20:21:07,498,16,1.3230e-07,2.656656E-10,CF,31.891,3.476e-02,1,3.5546e-02,14944, InitialisePrepSampleRun; CheckIfCFRequired; UseCF; SampleTrapped; Chop_CF_SamSub; SampleTrapped; BalanceRefToSamValue; DepletingBalance; SampleReady;,3.1985e-08,1.0614e-07,6.1384e-08,6.1505e-08,6.1462e-08,6.1368e-08,0.96,2018/06/19 20:20:27,0.15,5278,8446,3.4756e-02,46.010,20,8,20,20,0.000,-1.0484e-13,-5.4332e-14,-5.7256e-14,-6.8039e-15,1.6011e-13,8.0967e-12,17.00,18.00,70.31,-1.95e02,-1.95e02,70.31,0.25,69.98,70.50,2018/06/19 19:20:17,2018/06/19 18:39:22,71,4.27940e-08,0.000,0,63,4.33447e-08,0.000,0,60,1.19413e-02,0.000,0,60,4.2256e-03,0.000,0,60,4.9168e-05,0.000,0,60,4.7106e-06,0.000,0,60,5.8957e-08,0.000,0,60,1.1941e-02,0.000,0,63,4.1875e-03,0.000,0,63,4.8759e-05,0.000,0,63,4.6273e-06,0.000,0,63,6.1559e-08,0.000,0,63,-0.0002,0.001,0,60,9.0867,0.002,0,60,8.3881,0.011,0,60,18.0090,0.040,0,60,-41.9538,2.297,0,60,-3.2043,0.001,0,60,3.1428,0.002,0,60,-0.5492,0.011,0,60,-0.2425,0.039,0,60,-58.8512,2.257,0,60,
C:\Nu Stable\Results\2018\201806018 clumped OmanSval KDB ABJ,201806018 clumped OmanSval KDB ABJ,Data_6018 KG92 91.txt,KG92 91,C:\Nu Stable\Analyses\DI\CO2 20-6-20 clumped NuCarb.rdf,Clumped CO2 Iterative,2018/06/18 21:49:18,2018/06/19 23:01:11,458,17,1.0305e-07,2.250108E-10,CF,26.337,3.555e-02,0,3.5546e-02,14976, InitialisePrepSampleRun; CheckIfCFRequired; UseCF; SampleTrapped; BalanceRefToSamValue; DepletingBalance; SampleReady;,4.2063e-08,1.0647e-07,9.8917e-08,1.0044e-07,1.0039e-07,1.0018e-07,0.96,2018/06/19 23:00:30,0.20,4693,8442,3.5546e-02,46.012,20,8,20,20,0.000,-1.0484e-13,-5.4341e-14,-5.7415e-14,-7.9626e-15,1.5770e-13,7.8034e-12,28.00,28.00,70.48,-1.95e02,-1.95e02,70.48,0.00,70.48,70.48,2018/06/19 22:09:04,2018/06/19 20:02:09,70,5.13154e-08,0.000,0,63,5.31760e-08,0.000,0,60,1.19652e-02,0.000,0,60,4.2277e-03,0.000,0,60,4.9299e-05,0.000,0,60,4.7153e-06,0.000,0,60,6.1575e-08,0.000,0,60,1.1942e-02,0.000,0,63,4.1877e-03,0.000,0,63,4.8768e-05,0.000,0,63,4.6280e-06,0.000,0,63,6.3697e-08,0.000,0,63,1.9523,0.001,0,60,9.5480,0.003,0,60,10.8779,0.013,0,60,18.8594,0.043,0,60,-33.3084,2.038,0,60,-1.1424,0.001,0,60,3.5976,0.003,0,60,-0.5431,0.012,0,60,-0.3217,0.042,0,60,-53.1778,1.993,0,60,
C:\Nu Stable\Results\2018\201806018 clumped OmanSval KDB ABJ,201806018 clumped OmanSval KDB ABJ,Data_6019 PK99 KT4CA.txt,PK99 KT4CA,C:\Nu Stable\Analyses\DI\CO2 20-6-20 clumped NuCarb.rdf,Clumped CO2 Iterative,2018/06/18 21:49:18,2018/06/20 00:24:24,500,18,1.3155e-07,2.631082E-10,CF,31.494,3.476e-02,1,3.6354e-02,15008, InitialisePrepSampleRun; CheckIfCFRequired; UseCF; SampleTrapped; Chop_CF_SamSub; SampleTrapped; BalanceRefToSamValue; DepletingBalance; SampleReady;,4.1517e-08,1.0602e-07,6.1102e-08,6.1296e-08,6.1280e-08,6.1145e-08,0.96,2018/06/20 00:23:44,0.22,6375,8449,3.4756e-02,46.012,20,8,20,20,0.000,-1.0485e-13,-5.4333e-14,-5.7389e-14,-6.0690e-15,1.6276e-13,8.2067e-12,17.00,18.00,69.96,-1.95e02,-1.95e02,69.96,0.00,69.96,69.96,2018/06/19 23:25:39,2018/06/19 23:00:56,70,4.26565e-08,0.000,0,63,4.32366e-08,0.000,0,60,1.19412e-02,0.000,0,60,4.2256e-03,0.000,0,60,4.9172e-05,0.000,0,60,4.7108e-06,0.000,0,60,6.1694e-08,0.000,0,60,1.1942e-02,0.000,0,63,4.1877e-03,0.000,0,63,4.8765e-05,0.000,0,63,4.6275e-06,0.000,0,63,6.3951e-08,0.000,0,63,-0.0268,0.001,0,60,9.0592,0.002,0,60,8.3460,0.011,0,60,17.9830,0.050,0,60,-35.2411,2.249,0,60,-3.2317,0.001,0,60,3.1155,0.002,0,60,-0.5368,0.010,0,60,-0.2136,0.049,0,60,-52.1796,2.208,0,60,
C:\Nu Stable\Results\2018\201806018 clumped OmanSval KDB ABJ,201806018 clumped OmanSval KDB ABJ,Data_6020 ETH-04.txt,ETH-04,C:\Nu Stable\Analyses\DI\CO2 20-6-20 clumped NuCarb.rdf,Clumped CO2 Iterative,2018/06/18 21:49:18,2018/06/20 01:47:15,478,19,1.3624e-07,2.85025E-10,CF,32.471,3.476e-02,1,3.4756e-02,14912, InitialisePrepSampleRun; CheckIfCFRequired; UseCF; SampleTrapped; Chop_CF_SamSub; SampleTrapped; BalanceRefToSamValue; DepletingBalance; SampleReady;,4.0773e-08,1.0592e-07,6.3138e-08,6.3338e-08,6.3327e-08,6.3276e-08,0.96,2018/06/20 01:46:35,0.08,6174,8450,3.4756e-02,46.012,20,8,20,20,0.000,-1.0490e-13,-5.4306e-14,-5.7343e-14,-5.7685e-15,1.6297e-13,8.3631e-12,17.00,18.00,69.96,-1.95e02,-1.95e02,69.96,0.00,69.96,69.96,2018/06/20 00:46:30,2018/06/20 00:05:28,71,4.39186e-08,0.000,0,63,4.45592e-08,0.000,0,60,1.18593e-02,0.000,0,60,4.1683e-03,0.000,0,60,4.8169e-05,0.000,0,60,4.5843e-06,0.000,0,60,6.1168e-08,0.000,0,60,1.1942e-02,0.000,0,63,4.1876e-03,0.000,0,63,4.8763e-05,0.000,0,63,4.6276e-06,0.000,0,63,6.5589e-08,0.000,0,63,-6.8920,0.001,0,60,-4.6092,0.002,0,60,-12.1706,0.011,0,60,-9.3627,0.042,0,60,-67.6173,2.083,0,60,-10.0647,0.001,0,60,-10.4718,0.002,0,60,-0.5712,0.011,0,60,-0.1671,0.043,0,60,-52.1602,2.118,0,60,
C:\Nu Stable\Results\2018\201806018 clumped OmanSval KDB ABJ,201806018 clumped OmanSval KDB ABJ,Data_6021 ETH-03.txt,ETH-03,C:\Nu Stable\Analyses\DI\CO2 20-6-20 clumped NuCarb.rdf,Clumped CO2 Iterative,2018/06/18 21:49:18,2018/06/20 03:07:55,411,20,9.9339e-08,2.417008E-10,CF,25.543,3.476e-02,0,3.4756e-02,14912, InitialisePrepSampleRun; CheckIfCFRequired; UseCF; SampleTrapped; BalanceRefToSamValue; DepletingBalance; SampleReady;,4.0212e-08,1.0604e-07,9.5365e-08,9.6802e-08,9.6762e-08,9.6652e-08,0.96,2018/06/20 03:07:14,0.11,4649,8450,3.4756e-02,46.015,20,8,20,20,0.000,-1.0485e-13,-5.4293e-14,-5.7302e-14,-5.3304e-15,1.6401e-13,8.3202e-12,27.00,28.00,69.96,-1.95e02,-1.95e02,69.96,0.00,69.96,69.96,2018/06/20 02:09:34,2018/06/20 01:28:31,71,4.98242e-08,0.000,0,63,5.15163e-08,0.000,0,60,1.20002e-02,0.000,0,60,4.2410e-03,0.000,0,60,4.9605e-05,0.000,0,60,4.7454e-06,0.000,0,60,6.2551e-08,0.000,0,60,1.1942e-02,0.000,0,63,4.1877e-03,0.000,0,63,4.8766e-05,0.000,0,63,4.6280e-06,0.000,0,63,6.4191e-08,0.000,0,63,4.8813,0.001,0,60,12.7282,0.003,0,60,17.2099,0.011,0,60,25.3573,0.038,0,60,-25.5574,2.635,0,60,1.8652,0.001,0,60,6.7560,0.003,0,60,-0.4022,0.009,0,60,-0.2546,0.036,0,60,-54.4122,2.554,0,60,
C:\Nu Stable\Results\2018\201806018 clumped OmanSval KDB ABJ,201806018 clumped OmanSval KDB ABJ,Data_6022 88KL 100.txt,88KL 100,C:\Nu Stable\Analyses\DI\CO2 20-6-20 clumped NuCarb.rdf,Clumped CO2 Iterative,2018/06/18 21:49:18,2018/06/20 04:28:31,425,21,5.3110e-08,1.24964E-10,CF,14.862,3.476e-02,0,3.5546e-02,14944, InitialisePrepSampleRun; CheckIfCFRequired; UseCF; SampleTrapped; BalanceRefToSamValue; DepletingBalance; SampleReady;,3.9588e-08,1.0610e-07,5.1008e-08,5.2080e-08,5.2043e-08,5.1953e-08,0.96,2018/06/20 04:27:50,0.17,6997,8449,3.4756e-02,46.012,20,8,20,20,0.000,-1.0484e-13,-5.4256e-14,-5.7373e-14,-6.6501e-15,1.6084e-13,8.1146e-12,25.00,25.00,69.96,-1.95e02,-1.95e02,69.96,0.00,69.96,69.96,2018/06/20 03:32:29,2018/06/20 02:51:22,70,3.00615e-08,0.000,0,63,3.02863e-08,0.000,0,60,1.19968e-02,0.000,0,60,4.2119e-03,0.000,0,60,4.9261e-05,0.000,0,60,4.6803e-06,0.000,0,60,6.3565e-08,0.000,0,60,1.1941e-02,0.000,0,63,4.1874e-03,0.000,0,63,4.8773e-05,0.000,0,63,4.6262e-06,0.000,0,63,6.6022e-08,0.000,0,63,4.6811,0.001,0,60,5.8506,0.002,0,60,10.0139,0.014,0,60,11.7010,0.068,0,60,-37.1537,3.102,0,60,1.8896,0.001,0,60,-0.0879,0.002,0,60,-0.5893,0.014,0,60,-0.0340,0.068,0,60,-52.8542,3.051,0,60,
C:\Nu Stable\Results\2018\201806018 clumped OmanSval KDB ABJ,201806018 clumped OmanSval KDB ABJ,Data_6023 KG92 94.txt,KG92 94,C:\Nu Stable\Analyses\DI\CO2 20-6-20 clumped NuCarb.rdf,Clumped CO2 Iterative,2018/06/18 21:49:18,2018/06/20 05:51:10,504,22,1.3686e-07,2.715461E-10,CF,32.959,3.476e-02,1,3.7181e-02,15008, InitialisePrepSampleRun; CheckIfCFRequired; UseCF; SampleTrapped; Chop_CF_SamSub; SampleTrapped; BalanceRefToSamValue; DepletingBalance; SampleReady;,3.9073e-08,1.0606e-07,6.3637e-08,6.3864e-08,6.3838e-08,6.3765e-08,0.96,2018/06/20 05:50:29,0.11,5963,8446,3.4756e-02,46.015,20,8,20,20,0.000,-1.0496e-13,-5.4307e-14,-5.7353e-14,-6.7842e-15,1.6052e-13,8.1280e-12,17.00,18.00,69.96,-1.95e02,-1.95e02,69.96,0.00,69.96,69.96,2018/06/20 04:53:13,2018/06/20 04:12:12,70,4.42291e-08,0.000,0,63,4.48940e-08,0.000,0,60,1.19638e-02,0.000,0,60,4.2261e-03,0.000,0,60,4.9272e-05,0.000,0,60,4.7117e-06,0.000,0,60,6.3572e-08,0.000,0,60,1.1941e-02,0.000,0,63,4.1876e-03,0.000,0,63,4.8763e-05,0.000,0,63,4.6276e-06,0.000,0,63,6.5524e-08,0.000,0,63,1.8698,0.001,0,60,9.2021,0.002,0,60,10.4316,0.011,0,60,18.1770,0.045,0,60,-29.5582,1.823,0,60,-1.2182,0.001,0,60,3.2536,0.002,0,60,-0.5625,0.011,0,60,-0.3063,0.044,0,60,-48.7803,1.786,0,60,
C:\Nu Stable\Results\2018\201806018 clumped OmanSval KDB ABJ,201806018 clumped OmanSval KDB ABJ,Data_6024 88WI 68B.txt,88WI 68B,C:\Nu Stable\Analyses\DI\CO2 20-6-20 clumped NuCarb.rdf,Clumped CO2 Iterative,2018/06/18 21:49:18,2018/06/20 07:11:51,432,23,5.1585e-08,1.194093E-10,CF,14.191,3.398e-02,0,3.4756e-02,14912, InitialisePrepSampleRun; CheckIfCFRequired; UseCF; SampleTrapped; BalanceRefToSamValue; DepletingBalance; SampleReady;,3.8548e-08,1.0581e-07,4.9518e-08,5.0545e-08,5.0515e-08,5.0438e-08,0.96,2018/06/20 07:11:11,0.15,7018,8446,3.3983e-02,46.015,20,8,20,20,0.000,-1.0479e-13,-5.4267e-14,-5.7341e-14,-7.0024e-15,1.6029e-13,8.0985e-12,25.00,25.00,69.96,-1.95e02,-1.95e02,69.96,0.00,69.96,69.96,2018/06/20 06:13:36,2018/06/20 05:32:37,70,2.93087e-08,0.000,0,63,2.94874e-08,0.000,0,60,1.20282e-02,0.000,0,60,4.2155e-03,0.000,0,60,4.9434e-05,0.000,0,60,4.6883e-06,0.000,0,60,6.2487e-08,0.000,0,60,1.1941e-02,0.000,0,63,4.1874e-03,0.000,0,63,4.8771e-05,0.000,0,63,4.6267e-06,0.000,0,63,6.5647e-08,0.000,0,63,7.3235,0.001,0,60,6.7154,0.002,0,60,13.5946,0.013,0,60,13.3230,0.066,0,60,-47.3879,3.730,0,60,4.6719,0.001,0,60,0.7669,0.002,0,60,-0.6025,0.013,0,60,-0.1508,0.065,0,60,-67.1125,3.652,0,60,
C:\Nu Stable\Results\2018\201806018 clumped OmanSval KDB ABJ,201806018 clumped OmanSval KDB ABJ,Data_6025 ETH-02.txt,ETH-02,C:\Nu Stable\Analyses\DI\CO2 20-6-20 clumped NuCarb.rdf,Clumped CO2 Iterative,2018/06/18 21:49:18,2018/06/20 08:35:06,475,24,1.3536e-07,2.84976E-10,CF,32.501,3.476e-02,1,3.4756e-02,14912, InitialisePrepSampleRun; CheckIfCFRequired; UseCF; SampleTrapped; Chop_CF_SamSub; SampleTrapped; BalanceRefToSamValue; DepletingBalance; SampleReady;,3.8135e-08,1.0598e-07,6.2891e-08,6.3093e-08,6.3066e-08,6.2910e-08,0.96,2018/06/20 08:34:25,0.25,5904,8446,3.4756e-02,46.012,20,8,20,20,0.000,-1.0496e-13,-5.4355e-14,-5.7360e-14,-7.0399e-15,1.6011e-13,8.0127e-12,17.00,18.00,69.96,-1.95e02,-1.95e02,69.96,0.00,69.96,69.96,2018/06/20 07:36:16,2018/06/20 06:55:16,71,4.37460e-08,0.000,0,63,4.43898e-08,0.000,0,60,1.18598e-02,0.000,0,60,4.1686e-03,0.000,0,60,4.8164e-05,0.000,0,60,4.5856e-06,0.000,0,60,6.0865e-08,0.000,0,60,1.1941e-02,0.000,0,63,4.1875e-03,0.000,0,63,4.8761e-05,0.000,0,63,4.6285e-06,0.000,0,63,6.4721e-08,0.000,0,63,-6.8394,0.001,0,60,-4.5259,0.002,0,60,-12.2489,0.012,0,60,-9.2805,0.043,0,60,-59.6338,2.027,0,60,-10.0116,0.001,0,60,-10.3891,0.002,0,60,-0.7872,0.012,0,60,-0.2514,0.043,0,60,-44.2556,2.060,0,60,
C:\Nu Stable\Results\2018\201806018 clumped OmanSval KDB ABJ,201806018 clumped OmanSval KDB ABJ,Data_6026 ETH-01.txt,ETH-01,C:\Nu Stable\Analyses\DI\CO2 20-6-20 clumped NuCarb.rdf,Clumped CO2 Iterative,2018/06/18 21:49:18,2018/06/20 09:58:21,473,25,1.3377e-07,2.828212E-10,CF,32.471,3.398e-02,1,3.4756e-02,14880, InitialisePrepSampleRun; CheckIfCFRequired; UseCF; SampleTrapped; Chop_CF_SamSub; SampleTrapped; BalanceRefToSamValue; DepletingBalance; SampleReady;,3.7548e-08,1.0587e-07,6.2237e-08,6.2436e-08,6.2391e-08,6.2298e-08,0.96,2018/06/20 09:57:41,0.15,5881,8446,3.3983e-02,46.010,20,8,20,20,0.000,-1.0478e-13,-5.4299e-14,-5.7339e-14,-7.3332e-15,1.5947e-13,7.9894e-12,17.00,18.00,69.96,-1.95e02,-1.95e02,69.96,0.00,69.96,69.96,2018/06/20 08:57:00,2018/06/20 08:15:58,70,4.32778e-08,0.000,0,63,4.38964e-08,0.000,0,60,1.20030e-02,0.000,0,60,4.2388e-03,0.000,0,60,4.9571e-05,0.000,0,60,4.7393e-06,0.000,0,60,6.1442e-08,0.000,0,60,1.1942e-02,0.000,0,63,4.1877e-03,0.000,0,63,4.8763e-05,0.000,0,63,4.6277e-06,0.000,0,63,6.3302e-08,0.000,0,63,5.1472,0.001,0,60,12.1907,0.002,0,60,16.5564,0.011,0,60,24.0969,0.050,0,60,-29.9031,1.917,0,60,2.1667,0.001,0,60,6.2205,0.002,0,60,-0.7947,0.010,0,60,-0.4228,0.048,0,60,-57.9102,1.860,0,60,
C:\Nu Stable\Results\2018\201806018 clumped OmanSval KDB ABJ,201806018 clumped OmanSval KDB ABJ,Data_6027 PK99 KT4CB.txt,PK99 KT4CB,C:\Nu Stable\Analyses\DI\CO2 20-6-20 clumped NuCarb.rdf,Clumped CO2 Iterative,2018/06/18 21:49:18,2018/06/20 11:21:27,447,26,1.1463e-07,2.564529E-10,CF,28.473,3.398e-02,1,3.5546e-02,14944, InitialisePrepSampleRun; CheckIfCFRequired; UseCF; SampleTrapped; Chop_CF_SamSub; SampleTrapped; BalanceRefToSamValue; DepletingBalance; SampleReady;,3.7019e-08,1.0654e-07,5.4012e-08,5.4262e-08,5.4240e-08,5.4108e-08,0.96,2018/06/20 11:20:47,0.24,6406,8446,3.3983e-02,46.012,20,8,20,20,0.000,-1.0478e-13,-5.4277e-14,-5.7281e-14,-6.9666e-15,1.6007e-13,8.1512e-12,17.00,17.00,69.96,-1.95e02,-1.95e02,69.96,0.00,69.96,69.96,2018/06/20 10:20:13,2018/06/20 09:39:14,70,3.82718e-08,0.000,0,63,3.86866e-08,0.000,0,60,1.19414e-02,0.000,0,60,4.2250e-03,0.000,0,60,4.9167e-05,0.000,0,60,4.7084e-06,0.000,0,60,5.9494e-08,0.000,0,60,1.1941e-02,0.000,0,63,4.1876e-03,0.000,0,63,4.8764e-05,0.000,0,63,4.6267e-06,0.000,0,63,6.2263e-08,0.000,0,63,0.0148,0.001,0,60,8.9313,0.002,0,60,8.2523,0.014,0,60,17.6563,0.043,0,60,-44.6284,2.557,0,60,-3.1831,0.001,0,60,2.9881,0.002,0,60,-0.5478,0.013,0,60,-0.2811,0.043,0,60,-61.2092,2.513,0,60,
C:\Nu Stable\Results\2018\201806018 clumped OmanSval KDB ABJ,201806018 clumped OmanSval KDB ABJ,Data_6028 G3 129f-A.txt,G3 129f-A,C:\Nu Stable\Analyses\DI\CO2 20-6-20 clumped NuCarb.rdf,Clumped CO2 Iterative,2018/06/18 21:49:18,2018/06/20 12:44:09,486,27,1.2530e-07,2.578132E-10,CF,30.609,3.398e-02,1,3.6354e-02,14976, InitialisePrepSampleRun; CheckIfCFRequired; UseCF; SampleTrapped; Chop_CF_SamSub; SampleTrapped; BalanceRefToSamValue; DepletingBalance; SampleReady;,3.6438e-08,1.0593e-07,5.8825e-08,5.9068e-08,5.9059e-08,5.8946e-08,0.96,2018/06/20 12:43:29,0.19,5982,8446,3.3983e-02,46.012,20,8,20,20,0.000,-1.0488e-13,-5.4353e-14,-5.7322e-14,-6.5804e-15,1.6086e-13,8.2022e-12,17.00,18.00,69.96,-1.95e02,-1.95e02,69.96,0.00,69.96,69.96,2018/06/20 11:43:36,2018/06/20 11:02:37,70,4.12876e-08,0.000,0,63,4.18897e-08,0.000,0,60,1.20397e-02,0.000,0,60,4.2343e-03,0.000,0,60,4.9691e-05,0.000,0,60,4.7303e-06,0.000,0,60,6.2354e-08,0.000,0,60,1.1942e-02,0.000,0,63,4.1877e-03,0.000,0,63,4.8764e-05,0.000,0,63,4.6280e-06,0.000,0,63,6.2913e-08,0.000,0,63,8.2185,0.001,0,60,11.1319,0.002,0,60,19.0074,0.047,0,60,22.1010,0.060,0,60,-9.0319,14.590,0,60,5.4720,0.001,0,60,5.1601,0.002,0,60,-0.5002,0.047,0,60,-0.2804,0.059,0,60,-38.7798,14.153,0,60,
C:\Nu Stable\Results\2018\201806018 clumped OmanSval KDB ABJ,201806018 clumped OmanSval KDB ABJ,Data_6029 KG92 91.txt,KG92 91,C:\Nu Stable\Analyses\DI\CO2 20-6-20 clumped NuCarb.rdf,Clumped CO2 Iterative,2018/06/18 21:49:18,2018/06/20 14:04:59,466,28,1.0250e-07,2.199675E-10,CF,26.245,3.398e-02,0,3.6354e-02,15008, InitialisePrepSampleRun; CheckIfCFRequired; UseCF; SampleTrapped; BalanceRefToSamValue; DepletingBalance; SampleReady;,3.5969e-08,1.0600e-07,9.8434e-08,9.9492e-08,9.9380e-08,9.9344e-08,0.96,2018/06/20 14:04:19,0.04,4217,8446,3.3983e-02,46.015,20,8,20,20,0.000,-1.0493e-13,-5.4335e-14,-5.7322e-14,-5.8758e-15,1.6412e-13,8.2862e-12,27.00,28.00,69.96,-1.95e02,-1.95e02,69.96,0.00,69.96,69.96,2018/06/20 13:06:37,2018/06/20 12:25:36,70,5.08906e-08,0.000,0,63,5.28013e-08,0.000,0,60,1.19648e-02,0.000,0,60,4.2276e-03,0.000,0,60,4.9293e-05,0.000,0,60,4.7146e-06,0.000,0,60,5.9018e-08,0.000,0,60,1.1942e-02,0.000,0,63,4.1877e-03,0.000,0,63,4.8765e-05,0.000,0,63,4.6274e-06,0.000,0,63,6.0852e-08,0.000,0,63,1.9286,0.001,0,60,9.5378,0.003,0,60,10.8390,0.012,0,60,18.8234,0.039,0,60,-30.1076,2.359,0,60,-1.1672,0.001,0,60,3.5875,0.003,0,60,-0.5473,0.010,0,60,-0.3367,0.038,0,60,-50.0000,2.308,0,60,
C:\Nu Stable\Results\2018\201806018 clumped OmanSval KDB ABJ,201806018 clumped OmanSval KDB ABJ,Data_6030 ETH-03.txt,ETH-03,C:\Nu Stable\Analyses\DI\CO2 20-6-20 clumped NuCarb.rdf,Clumped CO2 Iterative,2018/06/18 21:49:18,2018/06/20 16:06:25,486,29,1.3149e-07,2.705467E-10,CF,31.341,3.476e-02,1,3.4756e-02,14880, InitialisePrepSampleRun; CheckIfCFRequired; UseCF; SampleTrapped; Chop_CF_SamSub; SampleTrapped; BalanceRefToSamValue; DepletingBalance; SampleReady;,3.5430e-08,1.0645e-07,6.1275e-08,6.1475e-08,6.1446e-08,6.1343e-08,0.96,2018/06/20 16:05:44,0.17,5692,8446,3.4756e-02,46.015,20,8,20,20,0.000,-1.0511e-13,-5.4405e-14,-5.7439e-14,-7.8535e-15,1.5814e-13,7.8634e-12,17.00,18.00,69.96,-1.95e02,-1.95e02,69.96,0.00,69.96,69.96,2018/06/20 15:12:25,2018/06/20 13:48:16,70,4.27744e-08,0.000,0,63,4.33564e-08,0.000,0,60,1.19999e-02,0.000,0,60,4.2412e-03,0.000,0,60,4.9606e-05,0.000,0,60,4.7450e-06,0.000,0,60,6.1980e-08,0.000,0,60,1.1941e-02,0.000,0,63,4.1876e-03,0.000,0,63,4.8764e-05,0.000,0,63,4.6275e-06,0.000,0,63,6.4132e-08,0.000,0,63,4.8905,0.001,0,60,12.7909,0.002,0,60,17.2534,0.011,0,60,25.4045,0.049,0,60,-33.5045,2.245,0,60,1.8728,0.001,0,60,6.8183,0.002,0,60,-0.4297,0.011,0,60,-0.3324,0.048,0,60,-62.2468,2.178,0,60,
C:\Nu Stable\Results\2018\201806018 clumped OmanSval KDB ABJ,201806018 clumped OmanSval KDB ABJ,Data_6031 ETH-03.txt,ETH-03,C:\Nu Stable\Analyses\DI\CO2 20-6-20 clumped NuCarb.rdf,Clumped CO2 Iterative,2018/06/18 21:49:18,2018/06/20 17:29:20,429,30,1.1384e-07,2.653643E-10,CF,27.588,3.398e-02,1,3.3983e-02,14880, InitialisePrepSampleRun; CheckIfCFRequired; UseCF; SampleTrapped; Chop_CF_SamSub; SampleTrapped; BalanceRefToSamValue; DepletingBalance; SampleReady;,3.4788e-08,1.0585e-07,5.3490e-08,5.3744e-08,5.3719e-08,5.3654e-08,0.96,2018/06/20 17:28:40,0.12,6175,8444,3.3983e-02,46.015,20,8,20,20,0.000,-1.0515e-13,-5.4431e-14,-5.7463e-14,-7.0971e-15,1.6011e-13,8.0592e-12,17.00,17.00,69.96,-1.95e02,-1.95e02,69.96,0.00,69.96,69.96,2018/06/20 16:28:47,2018/06/20 16:06:10,70,3.79547e-08,0.000,0,63,3.83561e-08,0.000,0,60,1.19997e-02,0.000,0,60,4.2412e-03,0.000,0,60,4.9607e-05,0.000,0,60,4.7453e-06,0.000,0,60,6.3159e-08,0.000,0,60,1.1941e-02,0.000,0,63,4.1876e-03,0.000,0,63,4.8766e-05,0.000,0,63,4.6275e-06,0.000,0,63,6.5034e-08,0.000,0,63,4.8872,0.001,0,60,12.7768,0.002,0,60,17.2353,0.010,0,60,25.4624,0.052,0,60,-27.9916,2.571,0,60,1.8698,0.001,0,60,6.8044,0.002,0,60,-0.4304,0.010,0,60,-0.2481,0.050,0,60,-56.8686,2.495,0,60,
C:\Nu Stable\Results\2018\201806018 clumped OmanSval KDB ABJ,201806018 clumped OmanSval KDB ABJ,Data_6032 IAEA-C2.txt,IAEA-C2,C:\Nu Stable\Analyses\DI\CO2 20-6-20 clumped NuCarb.rdf,Clumped CO2 Iterative,2018/06/18 21:49:18,2018/06/20 18:49:48,404,31,1.0544e-07,2.609789E-10,CF,26.428,3.398e-02,0,3.3983e-02,14880, InitialisePrepSampleRun; CheckIfCFRequired; UseCF; SampleTrapped; BalanceRefToSamValue; DepletingBalance; SampleReady;,3.4268e-08,1.0633e-07,1.0123e-07,1.0272e-07,1.0263e-07,1.0250e-07,0.96,2018/06/20 18:49:08,0.13,3988,8446,3.3983e-02,46.017,20,8,20,20,0.000,-1.0517e-13,-5.4419e-14,-5.7423e-14,-6.1315e-15,1.6199e-13,8.2040e-12,28.00,28.00,69.96,-1.95e02,-1.95e02,69.96,0.00,69.96,69.96,2018/06/20 17:51:31,2018/06/20 17:10:32,70,5.22135e-08,0.000,0,63,5.42369e-08,0.000,0,60,1.18866e-02,0.000,0,60,4.2100e-03,0.000,0,60,4.8767e-05,0.000,0,60,4.6761e-06,0.000,0,60,6.0243e-08,0.000,0,60,1.1942e-02,0.000,0,63,4.1876e-03,0.000,0,63,4.8764e-05,0.000,0,63,4.6279e-06,0.000,0,63,6.2842e-08,0.000,0,63,-4.6311,0.001,0,60,5.3398,0.002,0,60,0.0691,0.012,0,60,10.4075,0.041,0,60,-40.8607,2.451,0,60,-8.0034,0.001,0,60,-0.5759,0.002,0,60,-0.3886,0.012,0,60,-0.2975,0.040,0,60,-46.1609,2.435,0,60,
C:\Nu Stable\Results\2018\201806018 clumped OmanSval KDB ABJ,201806018 clumped OmanSval KDB ABJ,Data_6033 PK99 KT3A.txt,PK99 KT3A,C:\Nu Stable\Analyses\DI\CO2 20-6-20 clumped NuCarb.rdf,Clumped CO2 Iterative,2018/06/18 21:49:18,2018/06/20 20:10:29,424,32,9.1650e-08,2.161546E-10,CF,24.475,3.323e-02,0,3.7181e-02,15008, InitialisePrepSampleRun; CheckIfCFRequired; UseCF; SampleTrapped; BalanceRefToSamValue; DepletingBalance; SampleReady;,3.3762e-08,1.0616e-07,8.7993e-08,8.9094e-08,8.8982e-08,8.8883e-08,0.96,2018/06/20 20:09:49,0.11,4324,8447,3.3227e-02,46.012,20,8,20,20,0.000,-1.0516e-13,-5.4373e-14,-5.7431e-14,-5.1963e-15,1.6476e-13,8.4937e-12,27.00,28.00,69.96,-1.95e02,-1.95e02,69.96,0.00,69.96,69.96,2018/06/20 19:14:28,2018/06/20 18:33:27,70,4.67384e-08,0.000,0,63,4.82140e-08,0.000,0,60,1.19416e-02,0.000,0,60,4.2254e-03,0.000,0,60,4.9172e-05,0.000,0,60,4.7092e-06,0.000,0,60,6.0465e-08,0.000,0,60,1.1942e-02,0.000,0,63,4.1877e-03,0.000,0,63,4.8767e-05,0.000,0,63,4.6270e-06,0.000,0,63,6.2736e-08,0.000,0,63,-0.0077,0.001,0,60,8.9878,0.003,0,60,8.3024,0.013,0,60,17.7489,0.046,0,60,-36.0998,2.533,0,60,-3.2090,0.001,0,60,3.0443,0.003,0,60,-0.5300,0.012,0,60,-0.3019,0.045,0,60,-52.9106,2.487,0,60,
C:\Nu Stable\Results\2018\201806018 clumped OmanSval KDB ABJ,201806018 clumped OmanSval KDB ABJ,Data_6034 PK99 KT4CA.txt,PK99 KT4CA,C:\Nu Stable\Analyses\DI\CO2 20-6-20 clumped NuCarb.rdf,Clumped CO2 Iterative,2018/06/18 21:49:18,2018/06/20 21:33:24,496,33,1.2887e-07,2.598158E-10,CF,31.433,3.323e-02,1,3.6354e-02,14976, InitialisePrepSampleRun; CheckIfCFRequired; UseCF; SampleTrapped; Chop_CF_SamSub; SampleTrapped; BalanceRefToSamValue; DepletingBalance; SampleReady;,3.3187e-08,1.0649e-07,6.0005e-08,6.0189e-08,6.0170e-08,6.0092e-08,0.96,2018/06/20 21:32:44,0.13,5504,8446,3.3227e-02,46.010,20,8,20,20,0.000,-1.0514e-13,-5.4412e-14,-5.7501e-14,-6.5571e-15,1.6243e-13,8.1074e-12,17.00,18.00,69.96,-1.95e02,-1.95e02,69.96,0.00,69.96,69.96,2018/06/20 20:35:07,2018/06/20 19:54:05,71,4.19847e-08,0.000,0,63,4.25647e-08,0.000,0,60,1.19412e-02,0.000,0,60,4.2258e-03,0.000,0,60,4.9173e-05,0.000,0,60,4.7099e-06,0.000,0,60,5.9433e-08,0.000,0,60,1.1942e-02,0.000,0,63,4.1877e-03,0.000,0,63,4.8765e-05,0.000,0,63,4.6268e-06,0.000,0,63,6.1804e-08,0.000,0,63,-0.0297,0.001,0,60,9.0978,0.002,0,60,8.3822,0.010,0,60,17.9457,0.040,0,60,-38.2306,1.966,0,60,-3.2362,0.001,0,60,3.1539,0.002,0,60,-0.5354,0.010,0,60,-0.3268,0.039,0,60,-55.1845,1.931,0,60,
C:\Nu Stable\Results\2018\201806018 clumped OmanSval KDB ABJ,201806018 clumped OmanSval KDB ABJ,Data_6035 ETH-02.txt,ETH-02,C:\Nu Stable\Analyses\DI\CO2 20-6-20 clumped NuCarb.rdf,Clumped CO2 Iterative,2018/06/18 21:49:18,2018/06/21 00:15:56,473,34,1.3423e-07,2.837948E-10,CF,32.928,3.476e-02,1,3.3983e-02,14912, InitialisePrepSampleRun; CheckIfCFRequired; UseCF; SampleTrapped; Chop_CF_SamSub; SampleTrapped; BalanceRefToSamValue; DepletingBalance; SampleReady;,4.2205e-08,1.0622e-07,6.2483e-08,6.2658e-08,6.2622e-08,6.2553e-08,0.96,2018/06/21 00:15:16,0.11,6370,8446,3.4756e-02,46.012,20,8,20,20,0.000,-1.0519e-13,-5.4472e-14,-5.7475e-14,-8.4025e-15,1.5632e-13,7.7650e-12,17.00,18.00,69.96,-1.95e02,-1.95e02,69.96,0.00,69.96,69.96,2018/06/20 23:21:30,2018/06/20 21:14:36,70,4.35248e-08,0.000,0,63,4.41774e-08,0.000,0,60,1.18602e-02,0.000,0,60,4.1689e-03,0.000,0,60,4.8169e-05,0.000,0,60,4.5859e-06,0.000,0,60,6.0774e-08,0.000,0,60,1.1942e-02,0.000,0,63,4.1875e-03,0.000,0,63,4.8760e-05,0.000,0,63,4.6280e-06,0.000,0,63,6.4814e-08,0.000,0,63,-6.8201,0.001,0,60,-4.4438,0.002,0,60,-12.1327,0.010,0,60,-9.1069,0.046,0,60,-62.5205,1.988,0,60,-9.9939,0.001,0,60,-10.3074,0.002,0,60,-0.7708,0.010,0,60,-0.2413,0.046,0,60,-47.3639,2.019,0,60,
C:\Nu Stable\Results\2018\201806018 clumped OmanSval KDB ABJ,201806018 clumped OmanSval KDB ABJ,Data_6036 ETH-04.txt,ETH-04,C:\Nu Stable\Analyses\DI\CO2 20-6-20 clumped NuCarb.rdf,Clumped CO2 Iterative,2018/06/18 21:49:18,2018/06/21 01:38:50,434,35,1.1862e-07,2.733196E-10,CF,28.839,3.398e-02,1,3.3983e-02,14880, InitialisePrepSampleRun; CheckIfCFRequired; UseCF; SampleTrapped; Chop_CF_SamSub; SampleTrapped; BalanceRefToSamValue; DepletingBalance; SampleReady;,4.1576e-08,1.0600e-07,5.5612e-08,5.5791e-08,5.5772e-08,5.5703e-08,0.96,2018/06/21 01:38:09,0.12,6824,8443,3.3983e-02,46.012,20,8,20,20,0.000,-1.0507e-13,-5.4366e-14,-5.7516e-14,-6.9594e-15,1.6036e-13,8.0949e-12,17.00,17.00,69.96,-1.95e02,-1.95e02,69.96,0.00,69.96,69.96,2018/06/21 00:37:54,2018/06/21 00:15:42,70,3.92516e-08,0.000,0,63,3.96680e-08,0.000,0,60,1.18590e-02,0.000,0,60,4.1685e-03,0.000,0,60,4.8175e-05,0.000,0,60,4.5834e-06,0.000,0,60,5.9819e-08,0.000,0,60,1.1941e-02,0.000,0,63,4.1875e-03,0.000,0,63,4.8765e-05,0.000,0,63,4.6265e-06,0.000,0,63,6.4075e-08,0.000,0,63,-6.9081,0.001,0,60,-4.5562,0.002,0,60,-12.1000,0.011,0,60,-9.3205,0.053,0,60,-65.7793,2.149,0,60,-10.0837,0.001,0,60,-10.4191,0.002,0,60,-0.5354,0.011,0,60,-0.2309,0.054,0,60,-50.3748,2.184,0,60,
C:\Nu Stable\Results\2018\201806018 clumped OmanSval KDB ABJ,201806018 clumped OmanSval KDB ABJ,Data_6037 88KL 100.txt,88KL 100,C:\Nu Stable\Analyses\DI\CO2 20-6-20 clumped NuCarb.rdf,Clumped CO2 Iterative,2018/06/18 21:49:18,2018/06/21 02:59:26,431,36,5.4248e-08,1.258657E-10,CF,15.015,3.398e-02,0,3.4756e-02,14880, InitialisePrepSampleRun; CheckIfCFRequired; UseCF; SampleTrapped; BalanceRefToSamValue; DepletingBalance; SampleReady;,4.0971e-08,1.0629e-07,5.2097e-08,5.3192e-08,5.3149e-08,5.3046e-08,0.96,2018/06/21 02:58:46,0.19,7074,8449,3.3983e-02,46.015,20,8,20,20,0.000,-1.0507e-13,-5.4376e-14,-5.7446e-14,-7.4118e-15,1.5927e-13,8.0413e-12,25.00,25.00,69.96,-1.95e02,-1.95e02,69.96,0.00,69.96,69.96,2018/06/21 02:01:49,2018/06/21 01:20:01,70,3.05922e-08,0.000,0,63,3.08286e-08,0.000,0,60,1.19966e-02,0.000,0,60,4.2119e-03,0.000,0,60,4.9259e-05,0.000,0,60,4.6822e-06,0.000,0,60,6.5358e-08,0.000,0,60,1.1941e-02,0.000,0,63,4.1874e-03,0.000,0,63,4.8772e-05,0.000,0,63,4.6279e-06,0.000,0,63,6.8168e-08,0.000,0,63,4.6603,0.001,0,60,5.8587,0.002,0,60,9.9954,0.014,0,60,11.7383,0.070,0,60,-41.2384,3.013,0,60,1.8672,0.001,0,60,-0.0797,0.002,0,60,-0.5944,0.014,0,60,-0.0133,0.070,0,60,-56.8665,2.964,0,60,
C:\Nu Stable\Results\2018\201806018 clumped OmanSval KDB ABJ,201806018 clumped OmanSval KDB ABJ,Data_6038 G3 129f-A.txt,G3 129f-A,C:\Nu Stable\Analyses\DI\CO2 20-6-20 clumped NuCarb.rdf,Clumped CO2 Iterative,2018/06/18 21:49:18,2018/06/21 04:22:23,530,37,1.5625e-07,2.948133E-10,CF,36.041,3.398e-02,1,3.6354e-02,14976, InitialisePrepSampleRun; CheckIfCFRequired; UseCF; SampleTrapped; Chop_CF_SamSub; SampleTrapped; BalanceRefToSamValue; DepletingBalance; SampleReady;,4.0559e-08,1.0628e-07,7.1694e-08,7.1866e-08,7.1840e-08,7.1790e-08,0.96,2018/06/21 04:21:43,0.07,5641,8450,3.3983e-02,46.015,20,8,20,20,0.000,-1.0501e-13,-5.4337e-14,-5.7360e-14,-7.3940e-15,1.5902e-13,7.8937e-12,18.00,19.00,70.48,-1.95e02,-1.95e02,70.48,0.00,70.48,70.48,2018/06/21 03:24:06,2018/06/21 02:42:56,70,4.89352e-08,0.000,0,63,4.98635e-08,0.000,0,60,1.20400e-02,0.000,0,60,4.2345e-03,0.000,0,60,4.9688e-05,0.000,0,60,4.7298e-06,0.000,0,60,6.2705e-08,0.000,0,60,1.1942e-02,0.000,0,63,4.1877e-03,0.000,0,63,4.8763e-05,0.000,0,63,4.6272e-06,0.000,0,63,6.4451e-08,0.000,0,63,8.2215,0.001,0,60,11.1844,0.002,0,60,18.9844,0.010,0,60,22.1748,0.042,0,60,-27.0358,1.801,0,60,5.4733,0.001,0,60,5.2124,0.002,0,60,-0.5769,0.009,0,60,-0.3121,0.041,0,60,-56.3431,1.745,0,60,
C:\Nu Stable\Results\2018\201806018 clumped OmanSval KDB ABJ,201806018 clumped OmanSval KDB ABJ,Data_6039 KG92 94.txt,KG92 94,C:\Nu Stable\Analyses\DI\CO2 20-6-20 clumped NuCarb.rdf,Clumped CO2 Iterative,2018/06/18 21:49:18,2018/06/21 05:45:45,432,38,1.1056e-07,2.559317E-10,CF,27.405,3.476e-02,1,3.8027e-02,15008, InitialisePrepSampleRun; CheckIfCFRequired; UseCF; SampleTrapped; Chop_CF_SamSub; SampleTrapped; BalanceRefToSamValue; DepletingBalance; SampleReady;,3.9889e-08,1.0658e-07,5.2029e-08,5.2264e-08,5.2227e-08,5.2138e-08,0.96,2018/06/21 05:45:04,0.17,6940,8450,3.4756e-02,46.015,20,8,20,20,0.000,-1.0492e-13,-5.4376e-14,-5.7378e-14,-7.1061e-15,1.6036e-13,8.0985e-12,16.00,17.00,70.48,-1.95e02,-1.95e02,70.48,0.00,70.48,70.48,2018/06/21 04:44:33,2018/06/21 04:03:32,70,3.70308e-08,0.000,0,63,3.73656e-08,0.000,0,60,1.19634e-02,0.000,0,60,4.2260e-03,0.000,0,60,4.9272e-05,0.000,0,60,4.7125e-06,0.000,0,60,6.3077e-08,0.000,0,60,1.1941e-02,0.000,0,63,4.1876e-03,0.000,0,63,4.8766e-05,0.000,0,63,4.6287e-06,0.000,0,63,6.5522e-08,0.000,0,63,1.8420,0.001,0,60,9.1621,0.002,0,60,10.3714,0.011,0,60,18.1015,0.047,0,60,-37.1701,2.570,0,60,-1.2464,0.001,0,60,3.2138,0.002,0,60,-0.5545,0.011,0,60,-0.3011,0.046,0,60,-56.1398,2.518,0,60,
C:\Nu Stable\Results\2018\201806018 clumped OmanSval KDB ABJ,201806018 clumped OmanSval KDB ABJ,Data_6040 ETH-03.txt,ETH-03,C:\Nu Stable\Analyses\DI\CO2 20-6-20 clumped NuCarb.rdf,Clumped CO2 Iterative,2018/06/18 21:49:18,2018/06/21 07:09:03,469,39,1.2577e-07,2.681569E-10,CF,30.640,3.398e-02,1,3.4756e-02,14912, InitialisePrepSampleRun; CheckIfCFRequired; UseCF; SampleTrapped; Chop_CF_SamSub; SampleTrapped; BalanceRefToSamValue; DepletingBalance; SampleReady;,3.9403e-08,1.0628e-07,5.8817e-08,5.9025e-08,5.8979e-08,5.8919e-08,0.96,2018/06/21 07:08:23,0.10,6319,8447,3.3983e-02,46.017,20,8,20,20,0.000,-1.0482e-13,-5.4292e-14,-5.7228e-14,-6.7788e-15,1.6054e-13,8.1450e-12,17.00,18.00,70.48,-1.95e02,-1.95e02,70.48,0.00,70.48,70.48,2018/06/21 06:07:40,2018/06/21 05:26:40,70,4.12367e-08,0.000,0,63,4.17519e-08,0.000,0,60,1.19996e-02,0.000,0,60,4.2410e-03,0.000,0,60,4.9599e-05,0.000,0,60,4.7444e-06,0.000,0,60,6.1139e-08,0.000,0,60,1.1942e-02,0.000,0,63,4.1876e-03,0.000,0,63,4.8761e-05,0.000,0,63,4.6266e-06,0.000,0,63,6.3071e-08,0.000,0,63,4.8533,0.001,0,60,12.7543,0.002,0,60,17.1883,0.012,0,60,25.4391,0.051,0,60,-30.2845,2.522,0,60,1.8345,0.001,0,60,6.7820,0.002,0,60,-0.4200,0.010,0,60,-0.2263,0.049,0,60,-59.0186,2.447,0,60,
C:\Nu Stable\Results\2018\201806018 clumped OmanSval KDB ABJ,201806018 clumped OmanSval KDB ABJ,Data_6041 ETH-01.txt,ETH-01,C:\Nu Stable\Analyses\DI\CO2 20-6-20 clumped NuCarb.rdf,Clumped CO2 Iterative,2018/06/18 21:49:18,2018/06/21 08:31:54,457,40,1.2528e-07,2.741389E-10,CF,30.548,3.398e-02,1,3.5546e-02,14912, InitialisePrepSampleRun; CheckIfCFRequired; UseCF; SampleTrapped; Chop_CF_SamSub; SampleTrapped; BalanceRefToSamValue; DepletingBalance; SampleReady;,3.8779e-08,1.0589e-07,5.8479e-08,5.8737e-08,5.8718e-08,5.8612e-08,0.96,2018/06/21 08:31:13,0.18,6273,8446,3.3983e-02,46.010,20,8,20,20,0.000,-1.0496e-13,-5.4293e-14,-5.7349e-14,-6.5035e-15,1.6133e-13,8.2183e-12,17.00,18.00,70.48,-1.95e02,-1.95e02,70.48,0.00,70.48,70.48,2018/06/21 07:31:04,2018/06/21 06:49:51,70,4.10803e-08,0.000,0,63,4.15962e-08,0.000,0,60,1.20026e-02,0.000,0,60,4.2386e-03,0.000,0,60,4.9568e-05,0.000,0,60,4.7377e-06,0.000,0,60,6.2913e-08,0.000,0,60,1.1942e-02,0.000,0,63,4.1877e-03,0.000,0,63,4.8765e-05,0.000,0,63,4.6261e-06,0.000,0,63,6.4963e-08,0.000,0,63,5.1149,0.001,0,60,12.1457,0.002,0,60,16.4723,0.012,0,60,24.1125,0.045,0,60,-31.8295,2.242,0,60,2.1339,0.001,0,60,6.1758,0.002,0,60,-0.8006,0.012,0,60,-0.3187,0.045,0,60,-59.6666,2.176,0,60,
C:\Nu Stable\Results\2018\201806018 clumped OmanSval KDB ABJ,201806018 clumped OmanSval KDB ABJ,Data_6042 88WI 68B.txt,88WI 68B,C:\Nu Stable\Analyses\DI\CO2 20-6-20 clumped NuCarb.rdf,Clumped CO2 Iterative,2018/06/18 21:49:18,2018/06/21 09:52:54,432,41,5.1376e-08,1.189254E-10,CF,14.252,3.398e-02,0,3.4756e-02,14912, InitialisePrepSampleRun; CheckIfCFRequired; UseCF; SampleTrapped; BalanceRefToSamValue; DepletingBalance; SampleReady;,3.8257e-08,1.0611e-07,4.9316e-08,5.0362e-08,5.0342e-08,5.0238e-08,0.96,2018/06/21 09:52:14,0.21,7001,8449,3.3983e-02,46.012,20,8,20,20,0.000,-1.0495e-13,-5.4356e-14,-5.7380e-14,-7.1812e-15,1.5950e-13,8.0574e-12,25.00,25.00,70.48,-1.95e02,-1.95e02,70.48,0.00,70.48,70.48,2018/06/21 08:54:13,2018/06/21 08:13:10,70,2.92165e-08,0.000,0,63,2.94425e-08,0.000,0,60,1.20282e-02,0.000,0,60,4.2156e-03,0.000,0,60,4.9435e-05,0.000,0,60,4.6898e-06,0.000,0,60,6.1479e-08,0.000,0,60,1.1941e-02,0.000,0,63,4.1874e-03,0.000,0,63,4.8771e-05,0.000,0,63,4.6280e-06,0.000,0,63,6.4041e-08,0.000,0,63,7.3188,0.001,0,60,6.7429,0.002,0,60,13.6215,0.015,0,60,13.3493,0.070,0,60,-39.4919,3.996,0,60,4.6660,0.001,0,60,0.7943,0.002,0,60,-0.5980,0.015,0,60,-0.1794,0.069,0,60,-59.4259,3.913,0,60,
C:\Nu Stable\Results\2018\201806018 clumped OmanSval KDB ABJ,201806018 clumped OmanSval KDB ABJ,Data_6043 PK99 KT4CB.txt,PK99 KT4CB,C:\Nu Stable\Analyses\DI\CO2 20-6-20 clumped NuCarb.rdf,Clumped CO2 Iterative,2018/06/18 21:49:18,2018/06/21 11:13:46,416,42,1.0530e-07,2.531209E-10,CF,26.581,3.476e-02,0,3.5546e-02,14944, InitialisePrepSampleRun; CheckIfCFRequired; UseCF; SampleTrapped; BalanceRefToSamValue; DepletingBalance; SampleReady;,3.7911e-08,1.0604e-07,1.0113e-07,1.0227e-07,1.0220e-07,1.0221e-07,0.96,2018/06/21 11:13:05,-0.01,4295,8448,3.4756e-02,46.015,20,8,20,20,0.000,-1.0493e-13,-5.4291e-14,-5.7384e-14,-6.8379e-15,1.6081e-13,8.0359e-12,28.00,28.00,70.48,-1.95e02,-1.95e02,70.48,0.00,70.48,70.48,2018/06/21 10:17:12,2018/06/21 09:36:00,70,5.20684e-08,0.000,0,63,5.40350e-08,0.000,0,60,1.19427e-02,0.000,0,60,4.2256e-03,0.000,0,60,4.9178e-05,0.000,0,60,4.7095e-06,0.000,0,60,5.9981e-08,0.000,0,60,1.1942e-02,0.000,0,63,4.1877e-03,0.000,0,63,4.8766e-05,0.000,0,63,4.6269e-06,0.000,0,63,6.2225e-08,0.000,0,63,0.0618,0.001,0,60,9.0562,0.003,0,60,8.4429,0.012,0,60,17.8667,0.042,0,60,-35.1411,2.545,0,60,-3.1373,0.001,0,60,3.1123,0.003,0,60,-0.5290,0.011,0,60,-0.3218,0.041,0,60,-52.1652,2.498,0,60,
C:\Nu Stable\Results\2018\201806018 clumped OmanSval KDB ABJ,201806018 clumped OmanSval KDB ABJ,Data_6044 PK99 KT3A.txt,PK99 KT3A,C:\Nu Stable\Analyses\DI\CO2 20-6-20 clumped NuCarb.rdf,Clumped CO2 Iterative,2018/06/18 21:49:18,2018/06/21 12:36:49,500,43,1.2657e-07,2.531466E-10,CF,30.792,3.476e-02,1,3.8891e-02,15072, InitialisePrepSampleRun; CheckIfCFRequired; UseCF; SampleTrapped; Chop_CF_SamSub; SampleTrapped; BalanceRefToSamValue; DepletingBalance; SampleReady;,3.7335e-08,1.0628e-07,5.9313e-08,5.9553e-08,5.9549e-08,5.9396e-08,0.96,2018/06/21 12:36:09,0.26,6042,8447,3.4756e-02,46.012,20,8,20,20,0.000,-1.0502e-13,-5.4307e-14,-5.7390e-14,-6.4159e-15,1.6176e-13,8.2934e-12,17.00,18.00,70.48,-1.95e02,-1.95e02,70.48,0.00,70.48,70.48,2018/06/21 11:38:11,2018/06/21 10:57:01,70,4.16200e-08,0.000,0,63,4.21995e-08,0.000,0,60,1.19412e-02,0.000,0,60,4.2253e-03,0.000,0,60,4.9167e-05,0.000,0,60,4.7080e-06,0.000,0,60,6.0641e-08,0.000,0,60,1.1942e-02,0.000,0,63,4.1878e-03,0.000,0,63,4.8766e-05,0.000,0,63,4.6256e-06,0.000,0,63,6.3160e-08,0.000,0,63,-0.0291,0.001,0,60,8.9606,0.018,0,60,8.2492,0.031,0,60,17.8450,0.078,0,60,-39.1585,2.723,0,60,-3.2308,0.001,0,60,3.0173,0.018,0,60,-0.5341,0.015,0,60,-0.1538,0.057,0,60,-55.8463,2.663,0,60,
C:\Nu Stable\Results\2018\201806018 clumped OmanSval KDB ABJ,201806018 clumped OmanSval KDB ABJ,Data_6045 ETH-04.txt,ETH-04,C:\Nu Stable\Analyses\DI\CO2 20-6-20 clumped NuCarb.rdf,Clumped CO2 Iterative,2018/06/18 21:49:18,2018/06/21 13:59:37,452,44,1.2551e-07,2.776727E-10,CF,30.945,3.398e-02,1,3.4756e-02,14912, InitialisePrepSampleRun; CheckIfCFRequired; UseCF; SampleTrapped; Chop_CF_SamSub; SampleTrapped; BalanceRefToSamValue; DepletingBalance; SampleReady;,3.6782e-08,1.0600e-07,5.8650e-08,5.8883e-08,5.8857e-08,5.8783e-08,0.96,2018/06/21 13:58:57,0.13,6025,8446,3.3983e-02,46.012,20,8,20,20,0.000,-1.0498e-13,-5.4328e-14,-5.7311e-14,-6.6894e-15,1.6091e-13,8.1369e-12,17.00,18.00,70.48,-1.95e02,-1.95e02,70.48,0.00,70.48,70.48,2018/06/21 12:59:08,2018/06/21 12:18:03,70,4.11717e-08,0.000,0,63,4.17383e-08,0.000,0,60,1.18592e-02,0.000,0,60,4.1687e-03,0.000,0,60,4.8173e-05,0.000,0,60,4.5852e-06,0.000,0,60,5.7990e-08,0.000,0,60,1.1941e-02,0.000,0,63,4.1875e-03,0.000,0,63,4.8761e-05,0.000,0,63,4.6275e-06,0.000,0,63,6.2206e-08,0.000,0,63,-6.8870,0.001,0,60,-4.5105,0.001,0,60,-12.0561,0.011,0,60,-9.1427,0.049,0,60,-67.6834,2.391,0,60,-10.0628,0.001,0,60,-10.3736,0.001,0,60,-0.5581,0.011,0,60,-0.1433,0.050,0,60,-52.4175,2.430,0,60,
C:\Nu Stable\Results\2018\201806018 clumped OmanSval KDB ABJ,201806018 clumped OmanSval KDB ABJ,Data_6046 ETH-02.txt,ETH-02,C:\Nu Stable\Analyses\DI\CO2 20-6-20 clumped NuCarb.rdf,Clumped CO2 Iterative,2018/06/18 21:49:18,2018/06/21 15:22:43,447,45,1.0913e-07,2.441496E-10,CF,27.679,3.476e-02,1,4.0680e-02,15136, InitialisePrepSampleRun; CheckIfCFRequired; UseCF; SampleTrapped; Chop_CF_SamSub; SampleTrapped; BalanceRefToSamValue; DepletingBalance; SampleReady;,3.6217e-08,1.0582e-07,5.1656e-08,5.1882e-08,5.1852e-08,5.1783e-08,0.96,2018/06/21 15:22:03,0.13,6508,8446,3.4756e-02,46.012,20,8,20,20,0.000,-1.0508e-13,-5.4274e-14,-5.7492e-14,-7.5567e-15,1.5938e-13,7.9572e-12,16.00,17.00,70.48,-1.95e02,-1.95e02,70.48,0.00,70.48,70.48,2018/06/21 14:23:10,2018/06/21 13:40:43,70,3.67495e-08,0.000,0,63,3.71134e-08,0.000,0,60,1.18606e-02,0.000,0,60,4.1712e-03,0.000,0,60,4.8202e-05,0.000,0,60,4.5886e-06,0.000,0,60,6.0539e-08,0.000,0,60,1.1941e-02,0.000,0,63,4.1875e-03,0.000,0,63,4.8766e-05,0.000,0,63,4.6258e-06,0.000,0,63,6.5042e-08,0.000,0,63,-6.7501,0.001,0,60,-3.8884,0.002,0,60,-11.5524,0.012,0,60,-8.0282,0.053,0,60,-69.7409,1.907,0,60,-9.9387,0.001,0,60,-9.7548,0.001,0,60,-0.8051,0.013,0,60,-0.2687,0.053,0,60,-55.8084,1.935,0,60,
C:\Nu Stable\Results\2018\201806018 clumped OmanSval KDB ABJ,201806018 clumped OmanSval KDB ABJ,Data_6047 KG92 91.txt,KG92 91,C:\Nu Stable\Analyses\DI\CO2 20-6-20 clumped NuCarb.rdf,Clumped CO2 Iterative,2018/06/21 20:01:09,2018/06/21 20:01:09,470,47,1.0432e-07,2.219603E-10,CF,26.764,3.635e-02,0,3.5546e-02,15008, InitialisePrepSampleRun; CheckIfCFRequired; UseCF; SampleTrapped; BalanceRefToSamValue; DepletingBalance; SampleReady;,3.5655e-08,1.0581e-07,1.0014e-07,1.0109e-07,1.0100e-07,1.0091e-07,0.96,2018/06/21 20:00:29,0.09,4146,8446,3.6354e-02,46.017,20,8,20,20,0.000,-1.0498e-13,-5.4169e-14,-5.7482e-14,-1.1653e-14,1.4854e-13,7.1195e-12,28.00,28.00,70.43,-1.95e02,-1.95e02,70.43,0.00,70.43,70.43,2018/06/21 19:10:09,2018/06/21 18:40:10,70,5.16125e-08,0.000,0,63,5.36551e-08,0.000,0,60,1.19653e-02,0.000,0,60,4.2276e-03,0.000,0,60,4.9297e-05,0.000,0,60,4.7149e-06,0.000,0,60,6.1408e-08,0.000,0,60,1.1942e-02,0.000,0,63,4.1876e-03,0.000,0,63,4.8767e-05,0.000,0,63,4.6276e-06,0.000,0,63,6.3663e-08,0.000,0,63,1.9422,0.001,0,60,9.5444,0.003,0,60,10.8629,0.010,0,60,18.8711,0.046,0,60,-35.2555,2.076,0,60,-1.1529,0.001,0,60,3.5940,0.003,0,60,-0.5440,0.010,0,60,-0.3030,0.045,0,60,-55.0682,2.031,0,60,
